month,product_line,channel,region,policy_count,gross_written_premium,renewal_count,renewal_premium,average_ticket_size,notes
2023-01,Crop,Agent,East,21,371007.0,14,247078.3,17667.0,
2023-01,Crop,Agent,North,35,171402.35,27,134845.29,4897.21,
2023-01,Crop,Agent,South,31,252191.82,23,177785.63,8135.22,
2023-01,Crop,Agent,West,27,278979.12,21,211783.74,10332.56,
2023-01,Crop,Bancassurance,East,13,139435.14,11,116349.97,10725.78,
2023-01,Crop,Bancassurance,North,26,338866.32,21,283371.48,13033.32,
2023-01,Crop,Bancassurance,South,25,144166.0,19,106873.67,5766.64,
2023-01,Crop,Bancassurance,West,19,159843.01,16,130786.72,8412.79,
2023-01,Crop,Broker,East,12,45664.32,8,28948.96,3805.36,
2023-01,Crop,Broker,North,23,163810.83,16,110858.72,7122.21,
2023-01,Crop,Broker,South,21,395147.34,13,249790.06,18816.54,
2023-01,Crop,Broker,West,19,67104.58,11,37846.27,3531.82,
2023-01,Crop,Direct/Online,East,15,54139.95,12,41324.28,3609.33,
2023-01,Crop,Direct/Online,North,25,421221.25,20,326368.2,16848.85,
2023-01,Crop,Direct/Online,South,26,123037.2,20,94764.6,4732.2,
2023-01,Crop,Direct/Online,West,18,74052.36,13,52479.83,4114.02,
2023-01,Crop,PoSP,East,7,126912.31,5,87421.9,18130.33,
2023-01,Crop,PoSP,North,13,109197.53,9,74437.65,8399.81,
2023-01,Crop,PoSP,South,11,63946.19,9,53567.82,5813.29,
2023-01,Crop,PoSP,West,9,53460.45,6,33872.58,5940.05,
2023-01,Health (Group),Agent,East,74,4805166.32,54,3360776.4,64934.68,
2023-01,Health (Group),Agent,North,145,9775636.1,116,7924457.64,67418.18,
2023-01,Health (Group),Agent,South,115,8368326.9,83,6257614.02,72768.06,
2023-01,Health (Group),Agent,West,96,3257425.92,79,2705702.6,33931.52,
2023-01,Health (Group),Bancassurance,East,48,1661084.16,38,1299681.32,34605.92,
2023-01,Health (Group),Bancassurance,North,89,4646649.06,75,3850572.75,52209.54,
2023-01,Health (Group),Bancassurance,South,82,6114296.38,55,4024953.35,74564.59,
2023-01,Health (Group),Bancassurance,West,79,4814619.45,67,4074860.94,60944.55,
2023-01,Health (Group),Broker,East,37,2181929.59,30,1767744.0,58971.07,
2023-01,Health (Group),Broker,North,81,6211279.26,68,5261376.24,76682.46,
2023-01,Health (Group),Broker,South,69,4488503.13,50,3276097.0,65050.77,
2023-01,Health (Group),Broker,West,55,4704169.8,34,2788136.68,85530.36,
2023-01,Health (Group),Direct/Online,East,57,2638370.97,39,1768533.39,46287.21,
2023-01,Health (Group),Direct/Online,North,105,5783605.8,77,4142260.43,55081.96,
2023-01,Health (Group),Direct/Online,South,86,4821333.72,69,3817028.94,56062.02,
2023-01,Health (Group),Direct/Online,West,86,7272385.32,68,5770634.36,84562.62,
2023-01,Health (Group),PoSP,East,25,1363266.75,19,1031787.97,54530.67,
2023-01,Health (Group),PoSP,North,43,3832635.15,36,3086298.36,89131.05,
2023-01,Health (Group),PoSP,South,47,3121260.6,34,2299952.44,66409.8,
2023-01,Health (Group),PoSP,West,34,1517259.52,29,1243738.08,44625.28,
2023-01,Health (Retail),Agent,East,370,8006663.1,341,7698647.88,21639.63,
2023-01,Health (Retail),Agent,North,633,14709293.19,528,12007348.32,23237.43,
2023-01,Health (Retail),Agent,South,575,7228767.75,441,5325652.71,12571.77,
2023-01,Health (Retail),Agent,West,529,12034633.62,434,9487496.06,22749.78,
2023-01,Health (Retail),Bancassurance,East,235,6015132.85,186,4674259.98,25596.31,
2023-01,Health (Retail),Bancassurance,North,402,6154238.1,343,5137961.64,15309.05,
2023-01,Health (Retail),Bancassurance,South,399,5847851.73,258,3658290.36,14656.27,
2023-01,Health (Retail),Bancassurance,West,361,11597164.71,301,9361677.92,32125.11,
2023-01,Health (Retail),Broker,East,198,3504661.38,131,2392145.15,17700.31,
2023-01,Health (Retail),Broker,North,369,11190585.51,255,7815316.5,30326.79,
2023-01,Health (Retail),Broker,South,349,7191574.27,255,5447689.95,20606.23,
2023-01,Health (Retail),Broker,West,389,5263500.65,304,4246925.6,13530.85,
2023-01,Health (Retail),Direct/Online,East,253,6417517.04,172,4456876.04,25365.68,
2023-01,Health (Retail),Direct/Online,North,497,17072948.97,370,12092443.6,34352.01,
2023-01,Health (Retail),Direct/Online,South,487,7320540.17,343,5159210.49,15031.91,
2023-01,Health (Retail),Direct/Online,West,359,5390144.47,248,3685416.4,15014.33,
2023-01,Health (Retail),PoSP,East,130,4258932.6,107,3603398.34,32761.02,
2023-01,Health (Retail),PoSP,North,259,4593600.69,202,3421166.94,17735.91,
2023-01,Health (Retail),PoSP,South,186,5797536.3,126,3769920.0,31169.55,
2023-01,Health (Retail),PoSP,West,181,5414962.52,121,3625095.87,29916.92,
2023-01,Home,Agent,East,91,287682.85,80,254323.2,3161.35,
2023-01,Home,Agent,North,180,1332851.4,131,989944.73,7404.73,
2023-01,Home,Agent,South,141,914557.02,96,624239.04,6486.22,
2023-01,Home,Agent,West,120,1071870.0,87,768757.23,8932.25,
2023-01,Home,Bancassurance,East,55,437355.6,38,299107.5,7951.92,
2023-01,Home,Bancassurance,North,104,474891.04,81,382608.36,4566.26,
2023-01,Home,Bancassurance,South,99,730658.61,81,622295.46,7380.39,
2023-01,Home,Bancassurance,West,88,564593.04,63,391732.11,6415.83,
2023-01,Home,Broker,East,50,305256.0,36,214150.68,6105.12,
2023-01,Home,Broker,North,102,743305.62,81,569651.94,7287.31,
2023-01,Home,Broker,South,81,676328.13,49,400629.39,8349.73,
2023-01,Home,Broker,West,72,465344.64,55,364817.2,6463.12,
2023-01,Home,Direct/Online,East,56,117755.68,42,87188.64,2102.78,
2023-01,Home,Direct/Online,North,106,578652.94,74,417780.32,5458.99,
2023-01,Home,Direct/Online,South,108,428142.24,76,295678.0,3964.28,
2023-01,Home,Direct/Online,West,100,620588.0,57,369951.66,6205.88,
2023-01,Home,PoSP,East,32,170961.28,26,141971.7,5342.54,
2023-01,Home,PoSP,North,51,433103.22,38,325882.3,8492.22,
2023-01,Home,PoSP,South,48,189415.2,38,157178.64,3946.15,
2023-01,Home,PoSP,West,39,291487.56,33,252375.75,7474.04,
2023-01,Motor (Car),Agent,East,501,12248282.67,344,8384394.56,24447.67,
2023-01,Motor (Car),Agent,North,760,10660474.4,637,9183902.91,14026.94,
2023-01,Motor (Car),Agent,South,700,11153982.0,471,7642413.03,15934.26,
2023-01,Motor (Car),Agent,West,692,7064399.64,494,5128722.82,10208.67,
2023-01,Motor (Car),Bancassurance,East,308,4603056.92,238,3399799.06,14944.99,
2023-01,Motor (Car),Bancassurance,North,482,7716164.48,362,5873200.22,16008.64,
2023-01,Motor (Car),Bancassurance,South,498,8718246.96,348,6053714.04,17506.52,
2023-01,Motor (Car),Bancassurance,West,442,5742061.78,338,4515646.2,12991.09,
2023-01,Motor (Car),Broker,East,274,2226293.84,228,1890544.08,8125.16,
2023-01,Motor (Car),Broker,North,486,10767587.58,394,9019317.98,22155.53,
2023-01,Motor (Car),Broker,South,438,6389162.94,323,4541906.49,14587.13,
2023-01,Motor (Car),Broker,West,376,5941390.32,283,4299469.01,15801.57,
2023-01,Motor (Car),Direct/Online,East,339,8052945.0,279,6590141.82,23755.0,
2023-01,Motor (Car),Direct/Online,North,576,8905495.68,496,7357411.04,15460.93,
2023-01,Motor (Car),Direct/Online,South,479,10029958.23,386,8042495.28,20939.37,
2023-01,Motor (Car),Direct/Online,West,442,7703149.48,306,5403164.4,17427.94,
2023-01,Motor (Car),PoSP,East,150,2975617.5,110,2138807.0,19837.45,
2023-01,Motor (Car),PoSP,North,268,3995499.44,211,2995569.11,14908.58,
2023-01,Motor (Car),PoSP,South,233,4725265.63,169,3427696.87,20280.11,
2023-01,Motor (Car),PoSP,West,213,3014122.53,133,1968989.19,14150.81,
2023-01,Motor (Two-Wheeler),Agent,East,740,2479177.6,528,1785009.6,3350.24,
2023-01,Motor (Two-Wheeler),Agent,North,1521,4258328.49,1023,2732801.28,2799.69,
2023-01,Motor (Two-Wheeler),Agent,South,1398,3019288.56,1019,2220044.35,2159.72,
2023-01,Motor (Two-Wheeler),Agent,West,1122,3834008.64,851,2786625.03,3417.12,
2023-01,Motor (Two-Wheeler),Bancassurance,East,531,1343488.41,360,880290.0,2530.11,
2023-01,Motor (Two-Wheeler),Bancassurance,North,975,3248719.5,646,2164293.8,3332.02,
2023-01,Motor (Two-Wheeler),Bancassurance,South,978,3090069.24,758,2503431.44,3159.58,
2023-01,Motor (Two-Wheeler),Bancassurance,West,736,1744459.84,630,1530339.3,2370.19,
2023-01,Motor (Two-Wheeler),Broker,East,500,1646160.0,321,1015467.45,3292.32,
2023-01,Motor (Two-Wheeler),Broker,North,936,2322599.76,745,1843748.35,2481.41,
2023-01,Motor (Two-Wheeler),Broker,South,780,1687249.2,570,1174006.2,2163.14,
2023-01,Motor (Two-Wheeler),Broker,West,661,1363292.67,563,1192366.44,2062.47,
2023-01,Motor (Two-Wheeler),Direct/Online,East,602,1146647.46,433,798088.28,1904.73,
2023-01,Motor (Two-Wheeler),Direct/Online,North,1031,2989291.71,772,2300737.56,2899.41,
2023-01,Motor (Two-Wheeler),Direct/Online,South,985,2362739.2,661,1649386.69,2398.72,
2023-01,Motor (Two-Wheeler),Direct/Online,West,751,2265797.04,603,1842436.35,3017.04,
2023-01,Motor (Two-Wheeler),PoSP,East,236,467737.84,173,330987.06,1981.94,
2023-01,Motor (Two-Wheeler),PoSP,North,461,1515256.29,370,1249231.0,3286.89,
2023-01,Motor (Two-Wheeler),PoSP,South,413,928143.16,297,651600.18,2247.32,
2023-01,Motor (Two-Wheeler),PoSP,West,370,998544.9,327,865758.66,2698.77,
2023-01,SME/Commercial,Agent,East,41,4707753.25,34,3800353.4,114823.25,
2023-01,SME/Commercial,Agent,North,74,10347770.02,62,8559389.54,139834.73,
2023-01,SME/Commercial,Agent,South,75,2231483.25,55,1681213.05,29753.11,
2023-01,SME/Commercial,Agent,West,71,9290131.32,47,6258833.49,130846.92,
2023-01,SME/Commercial,Bancassurance,East,30,521558.7,22,376482.7,17385.29,
2023-01,SME/Commercial,Bancassurance,North,50,1673543.5,35,1158871.7,33470.87,
2023-01,SME/Commercial,Bancassurance,South,47,3857935.78,34,2670049.92,82083.74,
2023-01,SME/Commercial,Bancassurance,West,42,6068716.5,32,4524160.32,144493.25,
2023-01,SME/Commercial,Broker,East,26,1354635.88,20,998763.8,52101.38,
2023-01,SME/Commercial,Broker,North,48,3320784.0,43,2896825.72,69183.0,
2023-01,SME/Commercial,Broker,South,36,2231432.64,29,1813778.32,61984.24,
2023-01,SME/Commercial,Broker,West,40,4475251.2,36,3945706.2,111881.28,
2023-01,SME/Commercial,Direct/Online,East,29,3478298.28,23,2748987.83,119941.32,
2023-01,SME/Commercial,Direct/Online,North,52,4662788.52,44,4136623.48,89669.01,
2023-01,SME/Commercial,Direct/Online,South,54,6159062.88,42,4610201.4,114056.72,
2023-01,SME/Commercial,Direct/Online,West,41,2893073.16,35,2483393.85,70562.76,
2023-01,SME/Commercial,PoSP,East,15,539769.15,13,470676.44,35984.61,
2023-01,SME/Commercial,PoSP,North,26,1215190.86,19,890647.42,46738.11,
2023-01,SME/Commercial,PoSP,South,20,1895011.0,15,1384500.6,94750.55,
2023-01,SME/Commercial,PoSP,West,22,2657957.5,17,2155481.85,120816.25,
2023-01,Travel,Agent,East,319,753787.43,237,540715.5,2362.97,
2023-01,Travel,Agent,North,508,1332748.16,349,954776.75,2623.52,
2023-01,Travel,Agent,South,537,1205726.1,438,946553.04,2245.3,
2023-01,Travel,Agent,West,424,416622.4,311,320261.58,982.6,
2023-01,Travel,Bancassurance,East,219,456958.83,154,312258.1,2086.57,
2023-01,Travel,Bancassurance,North,407,354537.7,311,270212.35,871.1,
2023-01,Travel,Bancassurance,South,404,337436.96,300,248766.0,835.24,
2023-01,Travel,Bancassurance,West,269,347709.4,174,224331.24,1292.6,
2023-01,Travel,Broker,East,184,452676.8,145,344069.05,2460.2,
2023-01,Travel,Broker,North,307,195328.75,243,160547.67,636.25,
2023-01,Travel,Broker,South,277,258391.14,180,175968.0,932.82,
2023-01,Travel,Broker,West,310,388541.6,250,318015.0,1253.36,
2023-01,Travel,Direct/Online,East,233,568967.36,158,391852.64,2441.92,
2023-01,Travel,Direct/Online,North,349,941602.0,252,653136.12,2698.0,
2023-01,Travel,Direct/Online,South,392,284631.2,334,236231.52,726.1,
2023-01,Travel,Direct/Online,West,340,174613.8,202,106868.1,513.57,
2023-01,Travel,PoSP,East,107,149975.48,86,125198.8,1401.64,
2023-01,Travel,PoSP,North,204,393952.56,153,299835.63,1931.14,
2023-01,Travel,PoSP,South,179,231006.66,152,194816.88,1290.54,
2023-01,Travel,PoSP,West,164,288489.12,119,205446.36,1759.08,
2023-02,Crop,Agent,East,18,197695.44,12,135115.32,10983.08,
2023-02,Crop,Agent,North,29,121873.95,22,94748.94,4202.55,
2023-02,Crop,Agent,South,31,330300.66,24,252157.44,10654.86,
2023-02,Crop,Agent,West,30,229880.4,21,157745.7,7662.68,
2023-02,Crop,Bancassurance,East,12,160207.8,9,120840.75,13350.65,
2023-02,Crop,Bancassurance,North,19,92397.76,14,70450.66,4863.04,
2023-02,Crop,Bancassurance,South,19,340060.29,16,283550.4,17897.91,
2023-02,Crop,Bancassurance,West,18,106305.66,12,74054.64,5905.87,
2023-02,Crop,Broker,East,11,181593.94,9,141382.89,16508.54,
2023-02,Crop,Broker,North,16,112558.56,12,84401.52,7034.91,
2023-02,Crop,Broker,South,17,302600.17,12,221925.84,17800.01,
2023-02,Crop,Broker,West,14,160169.52,10,115003.6,11440.68,
2023-02,Crop,Direct/Online,East,14,211230.74,10,150553.3,15087.91,
2023-02,Crop,Direct/Online,North,20,365386.2,16,305639.68,18269.31,
2023-02,Crop,Direct/Online,South,21,134004.36,15,99381.75,6381.16,
2023-02,Crop,Direct/Online,West,20,153466.8,14,107966.46,7673.34,
2023-02,Crop,PoSP,East,6,42133.62,4,27427.84,7022.27,
2023-02,Crop,PoSP,North,10,172363.0,8,133415.36,17236.3,
2023-02,Crop,PoSP,South,10,75246.5,8,61266.96,7524.65,
2023-02,Crop,PoSP,West,9,93479.94,6,64014.12,10386.66,
2023-02,Health (Group),Agent,East,73,3814527.4,56,3014405.52,52253.8,
2023-02,Health (Group),Agent,North,140,12428197.6,106,9339136.36,88772.84,
2023-02,Health (Group),Agent,South,132,9097714.56,98,6978689.76,68922.08,
2023-02,Health (Group),Agent,West,104,8665164.56,71,5676705.6,83318.89,
2023-02,Health (Group),Bancassurance,East,50,1825834.0,41,1570604.22,36516.68,
2023-02,Health (Group),Bancassurance,North,91,5274427.34,79,4518412.9,57960.74,
2023-02,Health (Group),Bancassurance,South,73,2822971.32,60,2224188.0,38670.84,
2023-02,Health (Group),Bancassurance,West,77,5212977.0,57,4003700.52,67701.0,
2023-02,Health (Group),Broker,East,46,1594325.04,36,1252591.56,34659.24,
2023-02,Health (Group),Broker,North,80,4791603.2,54,3072783.6,59895.04,
2023-02,Health (Group),Broker,South,72,5443000.56,47,3667879.06,75597.23,
2023-02,Health (Group),Broker,West,65,2023497.45,50,1518783.0,31130.73,
2023-02,Health (Group),Direct/Online,East,60,3161949.6,46,2469290.12,52699.16,
2023-02,Health (Group),Direct/Online,North,97,8637261.21,64,5864497.92,89043.93,
2023-02,Health (Group),Direct/Online,South,94,7781820.08,68,5816595.56,82785.32,
2023-02,Health (Group),Direct/Online,West,85,7630931.95,72,6202190.88,89775.67,
2023-02,Health (Group),PoSP,East,29,777636.45,18,482004.36,26815.05,
2023-02,Health (Group),PoSP,North,50,4100170.5,32,2665064.64,82003.41,
2023-02,Health (Group),PoSP,South,42,3065803.44,31,2337200.36,72995.32,
2023-02,Health (Group),PoSP,West,38,1990576.04,28,1475720.12,52383.58,
2023-02,Health (Retail),Agent,East,405,5060637.0,311,3994160.56,12495.4,
2023-02,Health (Retail),Agent,North,685,14874624.3,514,11058884.76,21714.78,
2023-02,Health (Retail),Agent,South,661,9876873.52,457,6934837.9,14942.32,
2023-02,Health (Retail),Agent,West,500,8865755.0,393,6811798.26,17731.51,
2023-02,Health (Retail),Bancassurance,East,240,8306793.6,190,6748896.9,34611.64,
2023-02,Health (Retail),Bancassurance,North,480,15237710.4,360,11416654.8,31745.23,
2023-02,Health (Retail),Bancassurance,South,427,8432823.0,290,5969971.9,19749.0,
2023-02,Health (Retail),Bancassurance,West,444,10021990.2,312,6894108.0,22572.05,
2023-02,Health (Retail),Broker,East,231,4489418.01,197,3899630.76,19434.71,
2023-02,Health (Retail),Broker,North,399,7414062.39,318,5733174.3,18581.61,
2023-02,Health (Retail),Broker,South,398,11233187.82,298,8204804.2,28224.09,
2023-02,Health (Retail),Broker,West,352,7487328.64,305,6451231.9,21270.82,
2023-02,Health (Retail),Direct/Online,East,280,7635286.4,214,5757539.46,27268.88,
2023-02,Health (Retail),Direct/Online,North,454,10418805.14,352,7817286.4,22948.91,
2023-02,Health (Retail),Direct/Online,South,495,15622774.2,303,9938369.7,31561.16,
2023-02,Health (Retail),Direct/Online,West,459,9795913.74,363,7754017.59,21341.86,
2023-02,Health (Retail),PoSP,East,142,2162840.34,108,1626892.56,15231.27,
2023-02,Health (Retail),PoSP,North,230,5878919.6,181,4772676.78,25560.52,
2023-02,Health (Retail),PoSP,South,229,3643161.0,141,2309905.71,15909.0,
2023-02,Health (Retail),PoSP,West,169,2785691.22,123,2051717.49,16483.38,
2023-02,Home,Agent,East,86,765749.16,70,615180.3,8904.06,
2023-02,Home,Agent,North,164,1438885.16,127,1124762.8,8773.69,
2023-02,Home,Agent,South,145,672275.1,100,462792.0,4636.38,
2023-02,Home,Agent,West,126,357594.3,98,272132.28,2838.05,
2023-02,Home,Bancassurance,East,54,471931.38,34,291251.48,8739.47,
2023-02,Home,Bancassurance,North,107,946928.6,74,679208.26,8849.8,
2023-02,Home,Bancassurance,South,95,476858.2,71,357622.03,5019.56,
2023-02,Home,Bancassurance,West,86,199810.68,67,149712.17,2323.38,
2023-02,Home,Broker,East,54,283457.88,38,192281.9,5249.22,
2023-02,Home,Broker,North,97,790251.24,65,527626.45,8146.92,
2023-02,Home,Broker,South,94,296478.82,74,236168.78,3154.03,
2023-02,Home,Broker,West,82,362720.44,57,249739.23,4423.42,
2023-02,Home,Direct/Online,East,66,285723.24,60,261438.6,4329.14,
2023-02,Home,Direct/Online,North,115,261880.3,92,199584.8,2277.22,
2023-02,Home,Direct/Online,South,116,926966.44,90,683631.9,7991.09,
2023-02,Home,Direct/Online,West,97,304031.95,70,220205.3,3134.35,
2023-02,Home,PoSP,East,31,103429.33,21,67222.47,3336.43,
2023-02,Home,PoSP,North,55,432774.65,37,303243.12,7868.63,
2023-02,Home,PoSP,South,47,225425.16,36,180759.96,4796.28,
2023-02,Home,PoSP,West,47,327950.96,40,288656.8,6977.68,
2023-02,Motor (Car),Agent,East,421,7114500.05,298,5232143.94,16899.05,
2023-02,Motor (Car),Agent,North,715,10569895.05,598,8899447.96,14783.07,
2023-02,Motor (Car),Agent,South,715,17731292.15,530,12502689.4,24799.01,
2023-02,Motor (Car),Agent,West,626,12312211.82,401,7633287.63,19668.07,
2023-02,Motor (Car),Bancassurance,East,314,7529635.22,244,5779205.88,23979.73,
2023-02,Motor (Car),Bancassurance,North,506,12512120.06,399,10248666.12,24727.51,
2023-02,Motor (Car),Bancassurance,South,488,6572969.6,393,5245300.26,13469.2,
2023-02,Motor (Car),Bancassurance,West,440,4515425.2,307,3099963.2,10262.33,
2023-02,Motor (Car),Broker,East,215,4596719.35,155,3447787.45,21380.09,
2023-02,Motor (Car),Broker,North,513,11633147.1,402,9088504.44,22676.7,
2023-02,Motor (Car),Broker,South,378,8696755.62,273,6432810.93,23007.29,
2023-02,Motor (Car),Broker,West,368,7962879.68,264,5851657.68,21638.26,
2023-02,Motor (Car),Direct/Online,East,297,3876868.71,212,2633985.52,13053.43,
2023-02,Motor (Car),Direct/Online,North,571,14254386.9,438,11368605.36,24963.9,
2023-02,Motor (Car),Direct/Online,South,538,9238234.72,413,6773043.06,17171.44,
2023-02,Motor (Car),Direct/Online,West,512,6129064.96,423,5119750.89,11970.83,
2023-02,Motor (Car),PoSP,East,147,1293107.55,114,1018113.48,8796.65,
2023-02,Motor (Car),PoSP,North,272,3313202.08,182,2301395.46,12180.89,
2023-02,Motor (Car),PoSP,South,231,2650246.83,156,1784123.64,11472.93,
2023-02,Motor (Car),PoSP,West,188,1863854.56,130,1322964.5,9914.12,
2023-02,Motor (Two-Wheeler),Agent,East,721,1344715.47,543,986935.08,1865.07,
2023-02,Motor (Two-Wheeler),Agent,North,1227,2843290.29,977,2197595.41,2317.27,
2023-02,Motor (Two-Wheeler),Agent,South,1228,2145328.28,953,1625694.11,1747.01,
2023-02,Motor (Two-Wheeler),Agent,West,1225,3936108.75,962,3100583.72,3213.15,
2023-02,Motor (Two-Wheeler),Bancassurance,East,536,1604248.0,408,1272515.28,2993.0,
2023-02,Motor (Two-Wheeler),Bancassurance,North,982,1712215.2,855,1506894.75,1743.6,
2023-02,Motor (Two-Wheeler),Bancassurance,South,932,2151466.08,717,1736021.91,2308.44,
2023-02,Motor (Two-Wheeler),Bancassurance,West,705,1131842.25,494,802824.1,1605.45,
2023-02,Motor (Two-Wheeler),Broker,East,462,817407.36,319,563385.9,1769.28,
2023-02,Motor (Two-Wheeler),Broker,North,907,1810471.77,592,1227547.52,1996.11,
2023-02,Motor (Two-Wheeler),Broker,South,742,1887366.04,550,1404106.0,2543.62,
2023-02,Motor (Two-Wheeler),Broker,West,770,1411517.8,552,986920.8,1833.14,
2023-02,Motor (Two-Wheeler),Direct/Online,East,510,1398654.6,379,1013745.41,2742.46,
2023-02,Motor (Two-Wheeler),Direct/Online,North,1019,3377067.9,815,2823347.45,3314.1,
2023-02,Motor (Two-Wheeler),Direct/Online,South,880,1567632.0,612,1046281.32,1781.4,
2023-02,Motor (Two-Wheeler),Direct/Online,West,833,2677553.55,611,1923910.69,3214.35,
2023-02,Motor (Two-Wheeler),PoSP,East,279,492105.78,189,329791.77,1763.82,
2023-02,Motor (Two-Wheeler),PoSP,North,462,1430989.56,322,991170.74,3097.38,
2023-02,Motor (Two-Wheeler),PoSP,South,428,646083.12,359,518191.37,1509.54,
2023-02,Motor (Two-Wheeler),PoSP,West,401,860269.31,337,734531.94,2145.31,
2023-02,SME/Commercial,Agent,East,42,1742038.62,32,1332207.36,41477.11,
2023-02,SME/Commercial,Agent,North,80,3434059.2,70,3009535.9,42925.74,
2023-02,SME/Commercial,Agent,South,75,11055150.0,51,7257097.02,147402.0,
2023-02,SME/Commercial,Agent,West,64,2712985.6,58,2548171.42,42390.4,
2023-02,SME/Commercial,Bancassurance,East,32,3245059.52,24,2426251.2,101408.11,
2023-02,SME/Commercial,Bancassurance,North,46,3929224.32,34,3047914.02,85417.92,
2023-02,SME/Commercial,Bancassurance,South,44,3510457.72,33,2657317.41,79783.13,
2023-02,SME/Commercial,Bancassurance,West,42,3337321.68,29,2338487.79,79460.04,
2023-02,SME/Commercial,Broker,East,29,3002042.01,24,2417031.84,103518.69,
2023-02,SME/Commercial,Broker,North,51,3170642.97,38,2347755.14,62169.47,
2023-02,SME/Commercial,Broker,South,46,3049253.98,37,2374864.61,66288.13,
2023-02,SME/Commercial,Broker,West,41,1554785.6,33,1202271.51,37921.6,
2023-02,SME/Commercial,Direct/Online,East,32,2048793.28,25,1532983.25,64024.79,
2023-02,SME/Commercial,Direct/Online,North,51,1644314.97,42,1360031.82,32241.47,
2023-02,SME/Commercial,Direct/Online,South,55,8066966.6,37,5403209.53,146672.12,
2023-02,SME/Commercial,Direct/Online,West,49,3697838.41,44,3166162.56,75466.09,
2023-02,SME/Commercial,PoSP,East,15,1875669.45,11,1369949.02,125044.63,
2023-02,SME/Commercial,PoSP,North,25,1826031.75,22,1627968.98,73041.27,
2023-02,SME/Commercial,PoSP,South,27,2829152.07,20,2068615.8,104783.41,
2023-02,SME/Commercial,PoSP,West,19,2203638.43,14,1644326.6,115980.97,
2023-02,Travel,Agent,East,286,399825.14,210,284928.0,1397.99,
2023-02,Travel,Agent,North,503,522425.86,315,324639.0,1038.62,
2023-02,Travel,Agent,South,517,434005.99,411,340217.58,839.47,
2023-02,Travel,Agent,West,443,1255200.63,276,751939.92,2833.41,
2023-02,Travel,Bancassurance,East,205,579360.75,170,472243.0,2826.15,
2023-02,Travel,Bancassurance,North,341,280581.62,251,198335.18,822.82,
2023-02,Travel,Bancassurance,South,367,726582.93,258,507287.34,1979.79,
2023-02,Travel,Bancassurance,West,321,618284.52,242,468657.2,1926.12,
2023-02,Travel,Broker,East,176,342937.76,139,283806.03,1948.51,
2023-02,Travel,Broker,North,273,220463.88,223,185845.97,807.56,
2023-02,Travel,Broker,South,311,933463.39,210,619214.4,3001.49,
2023-02,Travel,Broker,West,248,431485.28,210,361626.3,1739.86,
2023-02,Travel,Direct/Online,East,232,216444.4,207,192659.04,932.95,
2023-02,Travel,Direct/Online,North,404,476958.36,285,338625.6,1180.59,
2023-02,Travel,Direct/Online,South,352,234917.76,213,147760.23,667.38,
2023-02,Travel,Direct/Online,West,327,212824.68,249,157123.98,650.84,
2023-02,Travel,PoSP,East,102,262688.76,88,230462.32,2575.38,
2023-02,Travel,PoSP,North,173,236800.67,136,179938.88,1368.79,
2023-02,Travel,PoSP,South,180,265960.8,122,184869.04,1477.56,
2023-02,Travel,PoSP,West,167,479821.06,124,359087.88,2873.18,
2023-03,Crop,Agent,East,18,71691.48,13,52027.17,3982.86,
2023-03,Crop,Agent,North,28,166154.52,20,116166.4,5934.09,
2023-03,Crop,Agent,South,32,132987.2,25,99625.25,4155.85,
2023-03,Crop,Agent,West,27,449072.1,20,348915.4,16632.3,
2023-03,Crop,Bancassurance,East,13,170975.35,9,112578.57,13151.95,
2023-03,Crop,Bancassurance,North,23,403063.73,16,266614.24,17524.51,
2023-03,Crop,Bancassurance,South,19,305195.67,17,279843.8,16062.93,
2023-03,Crop,Bancassurance,West,19,379645.65,13,249988.7,19981.35,
2023-03,Crop,Broker,East,11,120219.88,8,85254.32,10929.08,
2023-03,Crop,Broker,North,20,344685.2,14,250601.12,17234.26,
2023-03,Crop,Broker,South,19,280149.68,14,203672.0,14744.72,
2023-03,Crop,Broker,West,13,72610.2,12,64570.32,5585.4,
2023-03,Crop,Direct/Online,East,12,155422.08,9,112353.66,12951.84,
2023-03,Crop,Direct/Online,North,23,82279.74,16,54835.68,3577.38,
2023-03,Crop,Direct/Online,South,23,457518.53,17,340656.2,19892.11,
2023-03,Crop,Direct/Online,West,21,311273.13,19,283536.05,14822.53,
2023-03,Crop,PoSP,East,7,102815.51,6,88457.52,14687.93,
2023-03,Crop,PoSP,North,11,145483.14,9,123704.19,13225.74,
2023-03,Crop,PoSP,South,9,65257.02,7,49891.52,7250.78,
2023-03,Crop,PoSP,West,11,53410.72,8,37163.68,4855.52,
2023-03,Health (Group),Agent,East,80,3066994.4,66,2637797.58,38337.43,
2023-03,Health (Group),Agent,North,158,8886379.78,109,5850039.81,56242.91,
2023-03,Health (Group),Agent,South,132,7250232.0,95,5387248.6,54926.0,
2023-03,Health (Group),Agent,West,113,2932627.98,89,2403523.32,25952.46,
2023-03,Health (Group),Bancassurance,East,51,2143887.0,36,1460455.92,42037.0,
2023-03,Health (Group),Bancassurance,North,87,4829950.29,78,4206992.4,55516.67,
2023-03,Health (Group),Bancassurance,South,103,5140545.63,82,4141034.44,49908.21,
2023-03,Health (Group),Bancassurance,West,72,4987730.88,49,3386045.53,69274.04,
2023-03,Health (Group),Broker,East,47,3426807.6,41,2992281.27,72910.8,
2023-03,Health (Group),Broker,North,84,5138244.72,48,2969561.28,61169.58,
2023-03,Health (Group),Broker,South,66,3462578.46,50,2686061.0,52463.31,
2023-03,Health (Group),Broker,West,68,6024258.04,57,4885531.56,88592.03,
2023-03,Health (Group),Direct/Online,East,66,3181722.06,53,2539479.1,48207.91,
2023-03,Health (Group),Direct/Online,North,118,8064639.2,88,6286844.96,68344.4,
2023-03,Health (Group),Direct/Online,South,90,4032866.7,72,3137382.0,44809.63,
2023-03,Health (Group),Direct/Online,West,94,6119440.42,70,4653504.8,65100.43,
2023-03,Health (Group),PoSP,East,29,1658068.04,19,1106692.62,57174.76,
2023-03,Health (Group),PoSP,North,50,2190922.5,35,1536724.0,43818.45,
2023-03,Health (Group),PoSP,South,43,2337891.08,36,1882123.92,54369.56,
2023-03,Health (Group),PoSP,West,43,1888332.96,29,1262619.69,43914.72,
2023-03,Health (Retail),Agent,East,416,8166658.24,317,6384731.87,19631.39,
2023-03,Health (Retail),Agent,North,651,7871794.35,472,5840598.8,12091.85,
2023-03,Health (Retail),Agent,South,672,16984316.16,445,10872938.65,25274.28,
2023-03,Health (Retail),Agent,West,531,17548774.74,399,13647535.65,33048.54,
2023-03,Health (Retail),Bancassurance,East,270,4056504.3,172,2570261.36,15024.09,
2023-03,Health (Retail),Bancassurance,North,522,9557454.6,381,7018240.98,18309.3,
2023-03,Health (Retail),Bancassurance,South,466,12497257.9,366,9652064.16,26818.15,
2023-03,Health (Retail),Bancassurance,West,354,10498960.32,264,7685948.16,29658.08,
2023-03,Health (Retail),Broker,East,215,7240531.35,153,5324060.34,33676.89,
2023-03,Health (Retail),Broker,North,384,6629080.32,272,4584252.64,17263.23,
2023-03,Health (Retail),Broker,South,402,14101991.16,349,12412980.72,35079.58,
2023-03,Health (Retail),Broker,West,388,8637132.2,314,7273706.38,22260.65,
2023-03,Health (Retail),Direct/Online,East,332,7973740.28,236,5664398.84,24017.29,
2023-03,Health (Retail),Direct/Online,North,537,15939824.7,434,13036691.64,29683.1,
2023-03,Health (Retail),Direct/Online,South,528,12389292.96,377,9056252.53,23464.57,
2023-03,Health (Retail),Direct/Online,West,501,17211569.43,376,12551598.16,34354.43,
2023-03,Health (Retail),PoSP,East,148,3304999.84,103,2390507.43,22331.08,
2023-03,Health (Retail),PoSP,North,238,6488524.98,173,4506535.82,27262.71,
2023-03,Health (Retail),PoSP,South,221,2780535.81,185,2352402.65,12581.61,
2023-03,Health (Retail),PoSP,West,210,3404841.3,171,2675486.52,16213.53,
2023-03,Home,Agent,East,118,877813.8,76,539035.32,7439.1,
2023-03,Home,Agent,North,194,1435894.88,160,1176468.8,7401.52,
2023-03,Home,Agent,South,177,1362002.61,121,893316.38,7694.93,
2023-03,Home,Agent,West,154,1177232.98,112,821741.76,7644.37,
2023-03,Home,Bancassurance,East,78,301810.08,74,288161.18,3869.36,
2023-03,Home,Bancassurance,North,136,519785.2,113,452074.58,3821.95,
2023-03,Home,Bancassurance,South,112,337609.44,88,273706.4,3014.37,
2023-03,Home,Bancassurance,West,100,242776.0,81,188144.37,2427.76,
2023-03,Home,Broker,East,68,293951.76,49,206679.06,4322.82,
2023-03,Home,Broker,North,115,567107.55,79,380431.61,4931.37,
2023-03,Home,Broker,South,110,550918.5,91,473705.05,5008.35,
2023-03,Home,Broker,West,95,292856.5,67,204752.67,3082.7,
2023-03,Home,Direct/Online,East,75,198401.25,46,124809.04,2645.35,
2023-03,Home,Direct/Online,North,140,320859.0,85,190402.55,2291.85,
2023-03,Home,Direct/Online,South,133,448551.81,97,321872.19,3372.57,
2023-03,Home,Direct/Online,West,126,1077984.18,92,772505.6,8555.43,
2023-03,Home,PoSP,East,34,105887.22,24,74612.16,3114.33,
2023-03,Home,PoSP,North,64,245432.96,48,192119.52,3834.89,
2023-03,Home,PoSP,South,60,199408.2,41,139233.54,3323.47,
2023-03,Home,PoSP,West,55,144730.3,34,93473.48,2631.46,
2023-03,Motor (Car),Agent,East,522,5859194.22,398,4599614.36,11224.51,
2023-03,Motor (Car),Agent,North,971,24151527.64,723,18744367.86,24872.84,
2023-03,Motor (Car),Agent,South,1060,21773131.4,897,18366469.68,20540.69,
2023-03,Motor (Car),Agent,West,840,18302096.4,583,12390971.23,21788.21,
2023-03,Motor (Car),Bancassurance,East,378,3806063.1,264,2659604.64,10068.95,
2023-03,Motor (Car),Bancassurance,North,688,14732673.76,525,11176152.75,21413.77,
2023-03,Motor (Car),Bancassurance,South,643,10981186.15,527,9224555.3,17078.05,
2023-03,Motor (Car),Bancassurance,West,621,9199028.25,489,7060216.23,14813.25,
2023-03,Motor (Car),Broker,East,379,9001428.13,274,6330400.1,23750.47,
2023-03,Motor (Car),Broker,North,622,15053805.72,521,13046506.88,24202.26,
2023-03,Motor (Car),Broker,South,590,5105488.3,404,3594864.72,8653.37,
2023-03,Motor (Car),Broker,West,529,12111650.73,361,8480095.77,22895.37,
2023-03,Motor (Car),Direct/Online,East,415,6148440.8,293,4205871.43,14815.52,
2023-03,Motor (Car),Direct/Online,North,769,17181543.99,533,11993416.76,22342.71,
2023-03,Motor (Car),Direct/Online,South,607,5289234.11,417,3746244.6,8713.73,
2023-03,Motor (Car),Direct/Online,West,597,8996198.97,414,6327315.18,15069.01,
2023-03,Motor (Car),PoSP,East,195,3151621.2,159,2547265.86,16162.16,
2023-03,Motor (Car),PoSP,North,359,7055631.63,250,5058452.5,19653.57,
2023-03,Motor (Car),PoSP,South,283,5774377.28,264,5307001.92,20404.16,
2023-03,Motor (Car),PoSP,West,288,3718946.88,232,3139611.92,12913.01,
2023-03,Motor (Two-Wheeler),Agent,East,949,2789281.82,652,1922402.44,2939.18,
2023-03,Motor (Two-Wheeler),Agent,North,1799,5854701.58,1451,4588018.47,3254.42,
2023-03,Motor (Two-Wheeler),Agent,South,1746,5375235.6,1115,3270339.6,3078.6,
2023-03,Motor (Two-Wheeler),Agent,West,1718,4148626.4,1405,3524456.55,2414.8,
2023-03,Motor (Two-Wheeler),Bancassurance,East,675,1353894.75,516,1054234.44,2005.77,
2023-03,Motor (Two-Wheeler),Bancassurance,North,1217,3401697.55,852,2368943.4,2795.15,
2023-03,Motor (Two-Wheeler),Bancassurance,South,1216,2980756.48,798,1909310.76,2451.28,
2023-03,Motor (Two-Wheeler),Bancassurance,West,965,1608027.75,756,1224062.28,1666.35,
2023-03,Motor (Two-Wheeler),Broker,East,668,1170088.84,486,815031.72,1751.63,
2023-03,Motor (Two-Wheeler),Broker,North,1054,2333081.7,803,1861442.33,2213.55,
2023-03,Motor (Two-Wheeler),Broker,South,1035,3483520.2,764,2497294.44,3365.72,
2023-03,Motor (Two-Wheeler),Broker,West,922,2927534.4,709,2280689.93,3175.2,
2023-03,Motor (Two-Wheeler),Direct/Online,East,746,1870632.3,509,1322941.9,2507.55,
2023-03,Motor (Two-Wheeler),Direct/Online,North,1381,2922789.83,1021,2183857.74,2116.43,
2023-03,Motor (Two-Wheeler),Direct/Online,South,1310,4165682.1,794,2578356.2,3179.91,
2023-03,Motor (Two-Wheeler),Direct/Online,West,1160,2677175.6,947,2240166.38,2307.91,
2023-03,Motor (Two-Wheeler),PoSP,East,320,917820.8,238,678999.72,2868.19,
2023-03,Motor (Two-Wheeler),PoSP,North,582,1944671.52,401,1311727.14,3341.36,
2023-03,Motor (Two-Wheeler),PoSP,South,599,1654270.28,439,1168152.66,2761.72,
2023-03,Motor (Two-Wheeler),PoSP,West,507,853990.8,336,579707.52,1684.4,
2023-03,SME/Commercial,Agent,East,50,4382416.5,40,3536616.8,87648.33,
2023-03,SME/Commercial,Agent,North,98,5432968.1,62,3352818.02,55438.45,
2023-03,SME/Commercial,Agent,South,89,3725743.81,63,2607827.04,41862.29,
2023-03,SME/Commercial,Agent,West,84,7226337.72,71,5838442.18,86027.83,
2023-03,SME/Commercial,Bancassurance,East,35,5151596.8,26,3753281.74,147188.48,
2023-03,SME/Commercial,Bancassurance,North,65,4693029.25,42,3094212.66,72200.45,
2023-03,SME/Commercial,Bancassurance,South,55,1529820.6,45,1214095.5,27814.92,
2023-03,SME/Commercial,Bancassurance,West,55,1125797.75,42,817132.68,20469.05,
2023-03,SME/Commercial,Broker,East,29,2916332.8,22,2288154.88,100563.2,
2023-03,SME/Commercial,Broker,North,55,6049429.1,50,5275534.0,109989.62,
2023-03,SME/Commercial,Broker,South,50,1614827.0,40,1320726.0,32296.54,
2023-03,SME/Commercial,Broker,West,44,882142.8,34,706219.1,20048.7,
2023-03,SME/Commercial,Direct/Online,East,39,2385460.74,28,1789681.88,61165.66,
2023-03,SME/Commercial,Direct/Online,North,68,4308485.44,50,3069810.0,63360.08,
2023-03,SME/Commercial,Direct/Online,South,68,3367303.56,55,2597930.5,49519.17,
2023-03,SME/Commercial,Direct/Online,West,52,6976853.52,34,4501730.22,134170.26,
2023-03,SME/Commercial,PoSP,East,19,2855806.02,13,1891583.46,150305.58,
2023-03,SME/Commercial,PoSP,North,34,4897238.28,28,4027391.76,144036.42,
2023-03,SME/Commercial,PoSP,South,32,1894806.08,24,1435055.28,59212.69,
2023-03,SME/Commercial,PoSP,West,27,1462367.25,18,974549.7,54161.75,
2023-03,Travel,Agent,East,332,538809.44,255,407069.25,1622.92,
2023-03,Travel,Agent,North,621,1785213.54,426,1256951.34,2874.74,
2023-03,Travel,Agent,South,580,1441346.4,438,1140819.18,2485.08,
2023-03,Travel,Agent,West,544,296001.28,427,228248.58,544.12,
2023-03,Travel,Bancassurance,East,246,339762.9,188,256054.12,1381.15,
2023-03,Travel,Bancassurance,North,445,432780.3,310,298226.2,972.54,
2023-03,Travel,Bancassurance,South,400,885808.0,261,564318.54,2214.52,
2023-03,Travel,Bancassurance,West,316,613839.48,220,420631.2,1942.53,
2023-03,Travel,Broker,East,207,610037.28,145,442685.0,2947.04,
2023-03,Travel,Broker,North,333,987155.19,248,767924.56,2964.43,
2023-03,Travel,Broker,South,345,611236.5,237,437952.3,1771.7,
2023-03,Travel,Broker,West,273,329396.34,226,273525.54,1206.58,
2023-03,Travel,Direct/Online,East,261,663545.52,187,479858.83,2542.32,
2023-03,Travel,Direct/Online,North,447,539506.65,318,378963.78,1206.95,
2023-03,Travel,Direct/Online,South,447,347198.31,315,243605.25,776.73,
2023-03,Travel,Direct/Online,West,371,667636.76,256,442273.28,1799.56,
2023-03,Travel,PoSP,East,107,321169.06,78,234571.74,3001.58,
2023-03,Travel,PoSP,North,215,375796.35,166,297319.28,1747.89,
2023-03,Travel,PoSP,South,192,486503.04,146,377726.82,2533.87,
2023-03,Travel,PoSP,West,167,158813.66,129,127922.85,950.98,
2023-04,Crop,Agent,East,21,84139.02,18,75596.94,4006.62,
2023-04,Crop,Agent,North,33,503183.01,26,376657.58,15247.97,
2023-04,Crop,Agent,South,30,273132.9,20,179025.0,9104.43,
2023-04,Crop,Agent,West,29,158837.35,24,133957.68,5477.15,
2023-04,Crop,Bancassurance,East,15,69675.15,10,47664.8,4645.01,
2023-04,Crop,Bancassurance,North,28,500179.96,20,346375.6,17863.57,
2023-04,Crop,Bancassurance,South,23,288203.8,18,223025.76,12530.6,
2023-04,Crop,Bancassurance,West,21,394100.28,17,316376.12,18766.68,
2023-04,Crop,Broker,East,13,120772.34,8,77569.36,9290.18,
2023-04,Crop,Broker,North,24,150400.08,15,98574.0,6266.67,
2023-04,Crop,Broker,South,20,304631.2,16,232498.88,15231.56,
2023-04,Crop,Broker,West,19,217884.78,13,142825.8,11467.62,
2023-04,Crop,Direct/Online,East,19,76094.62,15,58893.3,4004.98,
2023-04,Crop,Direct/Online,North,26,136293.56,19,98870.11,5242.06,
2023-04,Crop,Direct/Online,South,25,117935.25,17,82289.18,4717.41,
2023-04,Crop,Direct/Online,West,24,483088.08,17,346960.65,20128.67,
2023-04,Crop,PoSP,East,7,22768.34,5,15895.95,3252.62,
2023-04,Crop,PoSP,North,12,49245.0,8,32343.12,4103.75,
2023-04,Crop,PoSP,South,12,199236.36,9,153131.58,16603.03,
2023-04,Crop,PoSP,West,11,176831.6,9,149134.14,16075.6,
2023-04,Health (Group),Agent,East,52,4323609.16,45,3815828.55,83146.33,
2023-04,Health (Group),Agent,North,97,4744658.0,72,3411456.48,48914.0,
2023-04,Health (Group),Agent,South,81,2220069.87,51,1444981.98,27408.27,
2023-04,Health (Group),Agent,West,85,5075664.5,63,3611681.01,59713.7,
2023-04,Health (Group),Bancassurance,East,34,2747792.96,26,2070425.76,80817.44,
2023-04,Health (Group),Bancassurance,North,73,2881036.98,56,2218767.04,39466.26,
2023-04,Health (Group),Bancassurance,South,58,2931616.38,44,2277322.96,50545.11,
2023-04,Health (Group),Bancassurance,West,52,3942403.4,47,3407004.62,75815.45,
2023-04,Health (Group),Broker,East,36,2690827.2,26,1946105.2,74745.2,
2023-04,Health (Group),Broker,North,55,1650127.05,47,1434833.86,30002.31,
2023-04,Health (Group),Broker,South,57,5146875.42,39,3657979.26,90296.06,
2023-04,Health (Group),Broker,West,50,1706116.5,32,1106960.0,34122.33,
2023-04,Health (Group),Direct/Online,East,47,2025864.97,34,1469861.14,43103.51,
2023-04,Health (Group),Direct/Online,North,72,2611429.92,56,1957314.24,36269.86,
2023-04,Health (Group),Direct/Online,South,68,5702278.72,43,3625700.23,83857.04,
2023-04,Health (Group),Direct/Online,West,70,4410627.9,48,2926129.92,63008.97,
2023-04,Health (Group),PoSP,East,19,1176441.62,14,861182.84,61917.98,
2023-04,Health (Group),PoSP,North,35,1157069.9,26,879395.4,33059.14,
2023-04,Health (Group),PoSP,South,34,1228298.96,23,792681.89,36126.44,
2023-04,Health (Group),PoSP,West,29,1280009.25,24,1107608.16,44138.25,
2023-04,Health (Retail),Agent,East,289,8965577.64,221,7148746.67,31022.76,
2023-04,Health (Retail),Agent,North,491,12506020.41,424,11211624.24,25470.51,
2023-04,Health (Retail),Agent,South,506,15519278.06,380,12229490.6,30670.51,
2023-04,Health (Retail),Agent,West,420,10605886.2,274,7154808.56,25252.11,
2023-04,Health (Retail),Bancassurance,East,189,6134692.41,170,5259818.7,32458.69,
2023-04,Health (Retail),Bancassurance,North,370,5802839.5,281,4512424.45,15683.35,
2023-04,Health (Retail),Bancassurance,South,344,9533161.92,242,7007352.0,27712.68,
2023-04,Health (Retail),Bancassurance,West,274,8861828.56,222,7099506.72,32342.44,
2023-04,Health (Retail),Broker,East,162,3463142.04,116,2480024.32,21377.42,
2023-04,Health (Retail),Broker,North,297,6317632.53,198,4340557.98,21271.49,
2023-04,Health (Retail),Broker,South,276,3794105.76,194,2697348.84,13746.76,
2023-04,Health (Retail),Broker,West,266,8276270.8,205,6570047.05,31113.8,
2023-04,Health (Retail),Direct/Online,East,235,7693418.25,186,6045777.48,32737.95,
2023-04,Health (Retail),Direct/Online,North,411,7160326.92,328,5670034.32,17421.72,
2023-04,Health (Retail),Direct/Online,South,362,7267417.88,285,5482667.55,20075.74,
2023-04,Health (Retail),Direct/Online,West,292,4957882.6,226,3920388.1,16979.05,
2023-04,Health (Retail),PoSP,East,96,3082198.08,67,2256710.08,32106.23,
2023-04,Health (Retail),PoSP,North,157,4490025.73,116,3227882.12,28598.89,
2023-04,Health (Retail),PoSP,South,151,4084309.91,121,3190928.51,27048.41,
2023-04,Health (Retail),PoSP,West,143,3581226.22,110,2714922.1,25043.54,
2023-04,Home,Agent,East,87,382589.46,59,252917.66,4397.58,
2023-04,Home,Agent,North,161,801216.5,119,619308.13,4976.5,
2023-04,Home,Agent,South,146,453379.64,118,381577.78,3105.34,
2023-04,Home,Agent,West,124,949285.72,98,757157.8,7655.53,
2023-04,Home,Bancassurance,East,61,327114.33,46,258498.38,5362.53,
2023-04,Home,Bancassurance,North,119,443322.6,76,273513.36,3725.4,
2023-04,Home,Bancassurance,South,90,684927.9,77,588862.89,7610.31,
2023-04,Home,Bancassurance,West,95,748737.75,63,508730.04,7881.45,
2023-04,Home,Broker,East,54,421898.22,41,327253.39,7812.93,
2023-04,Home,Broker,North,95,556486.25,66,389466.66,5857.75,
2023-04,Home,Broker,South,95,506920.0,74,411866.98,5336.0,
2023-04,Home,Broker,West,79,502224.33,61,391914.02,6357.27,
2023-04,Home,Direct/Online,East,70,374835.3,47,245247.88,5354.79,
2023-04,Home,Direct/Online,North,112,693159.04,85,518965.8,6188.92,
2023-04,Home,Direct/Online,South,103,640738.28,77,497292.18,6220.76,
2023-04,Home,Direct/Online,West,100,899414.0,68,591335.48,8994.14,
2023-04,Home,PoSP,East,31,217967.82,25,172724.75,7031.22,
2023-04,Home,PoSP,North,59,442148.95,49,351767.57,7494.05,
2023-04,Home,PoSP,South,50,204523.0,42,175204.26,4090.46,
2023-04,Home,PoSP,West,43,312491.32,30,213965.4,7267.24,
2023-04,Motor (Car),Agent,East,437,8461897.57,352,7013821.76,19363.61,
2023-04,Motor (Car),Agent,North,738,18602242.02,462,11691233.4,25206.29,
2023-04,Motor (Car),Agent,South,648,11593536.48,424,7648841.28,17891.26,
2023-04,Motor (Car),Agent,West,580,5693320.6,401,4083062.2,9816.07,
2023-04,Motor (Car),Bancassurance,East,289,2587535.49,242,2171521.66,8953.41,
2023-04,Motor (Car),Bancassurance,North,565,5590273.85,385,3764864.95,9894.29,
2023-04,Motor (Car),Bancassurance,South,460,10055264.2,283,6470178.06,21859.27,
2023-04,Motor (Car),Bancassurance,West,389,4556703.21,358,3998101.04,11713.89,
2023-04,Motor (Car),Broker,East,213,4365739.59,173,3386452.51,20496.43,
2023-04,Motor (Car),Broker,North,432,4160553.12,304,2996312.16,9630.91,
2023-04,Motor (Car),Broker,South,452,8256679.48,336,6104716.8,18266.99,
2023-04,Motor (Car),Broker,West,377,4295006.43,265,3020591.9,11392.59,
2023-04,Motor (Car),Direct/Online,East,318,7090420.56,233,5102949.31,22296.92,
2023-04,Motor (Car),Direct/Online,North,595,6071921.45,408,3995784.72,10204.91,
2023-04,Motor (Car),Direct/Online,South,513,10535634.9,329,6845710.27,20537.3,
2023-04,Motor (Car),Direct/Online,West,493,12082266.52,391,9522241.96,24507.64,
2023-04,Motor (Car),PoSP,East,137,1387736.02,86,900459.56,10129.46,
2023-04,Motor (Car),PoSP,North,244,5952741.12,194,4521509.5,24396.48,
2023-04,Motor (Car),PoSP,South,244,5896469.84,185,4453963.8,24165.86,
2023-04,Motor (Car),PoSP,West,208,2489901.44,152,1758263.04,11970.68,
2023-04,Motor (Two-Wheeler),Agent,East,862,2426486.9,704,2019923.84,2814.95,
2023-04,Motor (Two-Wheeler),Agent,North,1395,3070269.45,988,2147378.48,2200.91,
2023-04,Motor (Two-Wheeler),Agent,South,1299,2421387.96,892,1669922.12,1864.04,
2023-04,Motor (Two-Wheeler),Agent,West,1140,2330992.2,867,1793640.93,2044.73,
2023-04,Motor (Two-Wheeler),Bancassurance,East,510,1444712.7,329,970500.65,2832.77,
2023-04,Motor (Two-Wheeler),Bancassurance,North,779,1300750.83,535,888437.05,1669.77,
2023-04,Motor (Two-Wheeler),Bancassurance,South,894,1653935.76,680,1291700.8,1850.04,
2023-04,Motor (Two-Wheeler),Bancassurance,West,658,1537423.58,565,1308404.4,2336.51,
2023-04,Motor (Two-Wheeler),Broker,East,434,1315714.4,364,1116733.8,3031.6,
2023-04,Motor (Two-Wheeler),Broker,North,850,2569516.0,669,2001340.26,3022.96,
2023-04,Motor (Two-Wheeler),Broker,South,714,1225688.1,580,947447.4,1716.65,
2023-04,Motor (Two-Wheeler),Broker,West,655,2128514.2,454,1405406.94,3249.64,
2023-04,Motor (Two-Wheeler),Direct/Online,East,577,1678712.26,411,1205993.19,2909.38,
2023-04,Motor (Two-Wheeler),Direct/Online,North,1096,2475009.12,830,1808910.3,2258.22,
2023-04,Motor (Two-Wheeler),Direct/Online,South,958,3197372.9,783,2644699.95,3337.55,
2023-04,Motor (Two-Wheeler),Direct/Online,West,848,1930709.44,550,1253131.0,2276.78,
2023-04,Motor (Two-Wheeler),PoSP,East,246,617501.82,194,486693.62,2510.17,
2023-04,Motor (Two-Wheeler),PoSP,North,438,1067524.26,342,803884.68,2437.27,
2023-04,Motor (Two-Wheeler),PoSP,South,478,948576.66,343,706991.6,1984.47,
2023-04,Motor (Two-Wheeler),PoSP,West,396,1288393.92,328,1107436.24,3253.52,
2023-04,SME/Commercial,Agent,East,43,1540438.45,30,1085233.2,35824.15,
2023-04,SME/Commercial,Agent,North,71,5537532.11,54,4105794.96,77993.41,
2023-04,SME/Commercial,Agent,South,73,2076564.57,58,1668781.8,28446.09,
2023-04,SME/Commercial,Agent,West,68,3296452.32,63,3037584.06,48477.24,
2023-04,SME/Commercial,Bancassurance,East,28,1913918.44,19,1357589.33,68354.23,
2023-04,SME/Commercial,Bancassurance,North,51,3926445.12,39,3115119.15,76989.12,
2023-04,SME/Commercial,Bancassurance,South,48,6291084.0,43,5380729.75,131064.25,
2023-04,SME/Commercial,Bancassurance,West,40,5837607.2,32,4752288.0,145940.18,
2023-04,SME/Commercial,Broker,East,26,2559438.18,20,1914056.6,98439.93,
2023-04,SME/Commercial,Broker,North,45,1797845.4,37,1406720.02,39952.12,
2023-04,SME/Commercial,Broker,South,48,6065329.44,35,4602552.15,126361.03,
2023-04,SME/Commercial,Broker,West,46,4831483.04,37,3814793.98,105032.24,
2023-04,SME/Commercial,Direct/Online,East,32,3179862.08,22,2215786.54,99370.69,
2023-04,SME/Commercial,Direct/Online,North,60,3092335.2,46,2341864.14,51538.92,
2023-04,SME/Commercial,Direct/Online,South,57,1364312.1,37,928590.11,23935.3,
2023-04,SME/Commercial,Direct/Online,West,50,7057757.0,41,5931763.97,141155.14,
2023-04,SME/Commercial,PoSP,East,14,1497199.06,10,1033300.5,106942.79,
2023-04,SME/Commercial,PoSP,North,24,2478607.92,17,1720881.78,103275.33,
2023-04,SME/Commercial,PoSP,South,25,2802519.25,21,2385295.5,112100.77,
2023-04,SME/Commercial,PoSP,West,23,1387068.59,18,1052206.92,60307.33,
2023-04,Travel,Agent,East,432,1242833.76,356,1049566.32,2876.93,
2023-04,Travel,Agent,North,732,1455918.72,520,1061928.4,1988.96,
2023-04,Travel,Agent,South,717,1050318.96,516,742333.08,1464.88,
2023-04,Travel,Agent,West,614,952436.8,477,710639.37,1551.2,
2023-04,Travel,Bancassurance,East,346,251957.2,307,226308.12,728.2,
2023-04,Travel,Bancassurance,North,550,585722.5,372,380645.28,1064.95,
2023-04,Travel,Bancassurance,South,485,424326.5,450,398047.5,874.9,
2023-04,Travel,Bancassurance,West,448,660468.48,379,586517.66,1474.26,
2023-04,Travel,Broker,East,253,266219.25,175,184679.25,1052.25,
2023-04,Travel,Broker,North,457,373652.34,318,271203.12,817.62,
2023-04,Travel,Broker,South,438,908359.44,329,665218.26,2073.88,
2023-04,Travel,Broker,West,388,354472.92,270,242451.9,913.59,
2023-04,Travel,Direct/Online,East,345,734398.05,263,552662.94,2128.69,
2023-04,Travel,Direct/Online,North,519,1230455.58,375,916841.25,2370.82,
2023-04,Travel,Direct/Online,South,476,507073.28,366,402618.3,1065.28,
2023-04,Travel,Direct/Online,West,506,1260779.96,354,859586.34,2491.66,
2023-04,Travel,PoSP,East,158,141601.18,118,100829.82,896.21,
2023-04,Travel,PoSP,North,263,563569.55,228,509228.88,2142.85,
2023-04,Travel,PoSP,South,233,532001.91,153,355402.17,2283.27,
2023-04,Travel,PoSP,West,205,620744.1,134,412820.5,3028.02,
2023-05,Crop,Agent,East,22,170635.52,15,116318.7,7756.16,
2023-05,Crop,Agent,North,43,660179.0,26,418700.88,15353.0,
2023-05,Crop,Agent,South,40,194609.2,30,140552.4,4865.23,
2023-05,Crop,Agent,West,33,345895.44,21,212300.76,10481.68,
2023-05,Crop,Bancassurance,East,17,122230.0,12,86239.44,7190.0,
2023-05,Crop,Bancassurance,North,29,249765.69,20,165280.0,8612.61,
2023-05,Crop,Bancassurance,South,31,275581.63,20,175254.2,8889.73,
2023-05,Crop,Bancassurance,West,23,133916.58,18,101370.6,5822.46,
2023-05,Crop,Broker,East,13,91958.23,9,61881.66,7073.71,
2023-05,Crop,Broker,North,24,154372.8,17,104478.94,6432.2,
2023-05,Crop,Broker,South,24,276938.64,18,206478.9,11539.11,
2023-05,Crop,Broker,West,19,381872.83,16,319103.68,20098.57,
2023-05,Crop,Direct/Online,East,17,229783.39,12,157492.32,13516.67,
2023-05,Crop,Direct/Online,North,32,117118.72,24,86457.12,3659.96,
2023-05,Crop,Direct/Online,South,30,348350.1,19,213686.73,11611.67,
2023-05,Crop,Direct/Online,West,24,434953.68,17,322234.49,18123.07,
2023-05,Crop,PoSP,East,7,130071.48,6,113184.06,18581.64,
2023-05,Crop,PoSP,North,15,56702.25,12,44230.56,3780.15,
2023-05,Crop,PoSP,South,14,63709.1,10,44111.2,4550.65,
2023-05,Crop,PoSP,West,12,135688.68,10,111435.0,11307.39,
2023-05,Health (Group),Agent,East,45,2663985.15,36,2217395.88,59199.67,
2023-05,Health (Group),Agent,North,103,8387851.35,89,7134717.04,81435.45,
2023-05,Health (Group),Agent,South,86,3834701.3,65,3021743.4,44589.55,
2023-05,Health (Group),Agent,West,83,7422624.43,70,6249345.2,89429.21,
2023-05,Health (Group),Bancassurance,East,37,1253997.71,29,1025671.71,33891.83,
2023-05,Health (Group),Bancassurance,North,63,2809668.33,48,2206202.88,44597.91,
2023-05,Health (Group),Bancassurance,South,54,1525650.66,47,1319690.44,28252.79,
2023-05,Health (Group),Bancassurance,West,53,1842240.78,35,1183213.15,34759.26,
2023-05,Health (Group),Broker,East,35,1056416.2,29,866711.69,30183.32,
2023-05,Health (Group),Broker,North,60,2731902.0,48,2143352.16,45531.7,
2023-05,Health (Group),Broker,South,50,2327773.5,39,1771483.74,46555.47,
2023-05,Health (Group),Broker,West,52,4450979.52,42,3589346.46,85595.76,
2023-05,Health (Group),Direct/Online,East,42,1903504.26,36,1694535.84,45321.53,
2023-05,Health (Group),Direct/Online,North,70,4005980.3,46,2625518.54,57228.29,
2023-05,Health (Group),Direct/Online,South,71,5095337.01,62,4490462.84,71765.31,
2023-05,Health (Group),Direct/Online,West,54,2541394.44,41,2025602.13,47062.86,
2023-05,Health (Group),PoSP,East,19,828487.02,13,576407.91,43604.58,
2023-05,Health (Group),PoSP,North,33,1547614.53,25,1184459.25,46897.41,
2023-05,Health (Group),PoSP,South,30,1481980.2,21,1085550.27,49399.34,
2023-05,Health (Group),PoSP,West,27,2257786.17,21,1701577.5,83621.71,
2023-05,Health (Retail),Agent,East,334,11083449.32,222,7330852.92,33183.98,Spike from new IRDAI Bima Trinity awareness campaign
2023-05,Health (Retail),Agent,North,646,19242705.62,427,12963305.81,29787.47,Spike from new IRDAI Bima Trinity awareness campaign
2023-05,Health (Retail),Agent,South,566,6894468.64,383,4797032.87,12181.04,Spike from new IRDAI Bima Trinity awareness campaign
2023-05,Health (Retail),Agent,West,503,6194148.23,356,4512389.0,12314.41,Spike from new IRDAI Bima Trinity awareness campaign
2023-05,Health (Retail),Bancassurance,East,246,7887525.06,191,5818243.91,32063.11,Spike from new IRDAI Bima Trinity awareness campaign
2023-05,Health (Retail),Bancassurance,North,419,12379275.39,289,8842385.61,29544.81,Spike from new IRDAI Bima Trinity awareness campaign
2023-05,Health (Retail),Bancassurance,South,345,5232659.85,265,4123108.5,15167.13,Spike from new IRDAI Bima Trinity awareness campaign
2023-05,Health (Retail),Bancassurance,West,356,10286021.92,310,9234537.3,28893.32,Spike from new IRDAI Bima Trinity awareness campaign
2023-05,Health (Retail),Broker,East,190,6334833.7,165,5469477.75,33341.23,Spike from new IRDAI Bima Trinity awareness campaign
2023-05,Health (Retail),Broker,North,343,6578050.57,223,4250694.43,19177.99,Spike from new IRDAI Bima Trinity awareness campaign
2023-05,Health (Retail),Broker,South,333,8334570.42,233,5792235.54,25028.74,Spike from new IRDAI Bima Trinity awareness campaign
2023-05,Health (Retail),Broker,West,344,10902422.96,272,8835800.32,31693.09,Spike from new IRDAI Bima Trinity awareness campaign
2023-05,Health (Retail),Direct/Online,East,257,5055002.39,149,2861565.86,19669.27,Spike from new IRDAI Bima Trinity awareness campaign
2023-05,Health (Retail),Direct/Online,North,457,14911297.62,397,13034573.96,32628.66,Spike from new IRDAI Bima Trinity awareness campaign
2023-05,Health (Retail),Direct/Online,South,445,15620341.05,331,11690691.61,35101.89,Spike from new IRDAI Bima Trinity awareness campaign
2023-05,Health (Retail),Direct/Online,West,380,4978030.4,275,3543683.0,13100.08,Spike from new IRDAI Bima Trinity awareness campaign
2023-05,Health (Retail),PoSP,East,117,3509207.91,97,2795778.62,29993.23,Spike from new IRDAI Bima Trinity awareness campaign
2023-05,Health (Retail),PoSP,North,223,4156224.94,195,3811702.05,18637.78,Spike from new IRDAI Bima Trinity awareness campaign
2023-05,Health (Retail),PoSP,South,222,7452753.12,166,5390088.06,33570.96,Spike from new IRDAI Bima Trinity awareness campaign
2023-05,Health (Retail),PoSP,West,181,4334629.63,141,3259707.09,23948.23,Spike from new IRDAI Bima Trinity awareness campaign
2023-05,Home,Agent,East,77,334554.99,49,203497.49,4344.87,
2023-05,Home,Agent,North,161,910319.76,119,670463.85,5654.16,
2023-05,Home,Agent,South,129,500779.29,93,348935.07,3882.01,
2023-05,Home,Agent,West,125,707675.0,92,527653.12,5661.4,
2023-05,Home,Bancassurance,East,61,212997.36,45,149589.45,3491.76,
2023-05,Home,Bancassurance,North,101,437292.63,66,287536.92,4329.63,
2023-05,Home,Bancassurance,South,99,656219.52,82,531223.88,6628.48,
2023-05,Home,Bancassurance,West,92,621034.04,74,514421.36,6750.37,
2023-05,Home,Broker,East,49,389851.35,40,319035.6,7956.15,
2023-05,Home,Broker,North,93,822463.17,69,628058.7,8843.69,
2023-05,Home,Broker,South,106,744376.52,70,514271.8,7022.42,
2023-05,Home,Broker,West,74,653889.9,48,432549.12,8836.35,
2023-05,Home,Direct/Online,East,72,242384.4,58,187251.26,3366.45,
2023-05,Home,Direct/Online,North,116,981148.88,95,776793.15,8458.18,
2023-05,Home,Direct/Online,South,124,475531.32,100,381239.0,3834.93,
2023-05,Home,Direct/Online,West,95,361053.2,80,294932.0,3800.56,
2023-05,Home,PoSP,East,30,194352.3,22,145702.48,6478.41,
2023-05,Home,PoSP,North,57,171107.16,44,131169.72,3001.88,
2023-05,Home,PoSP,South,51,258081.42,37,193619.15,5060.42,
2023-05,Home,PoSP,West,43,169697.35,30,119865.9,3946.45,
2023-05,Motor (Car),Agent,East,378,5073920.46,298,3831797.24,13423.07,
2023-05,Motor (Car),Agent,North,780,17095330.2,669,15353663.73,21917.09,
2023-05,Motor (Car),Agent,South,737,9412617.61,562,7395801.98,12771.53,
2023-05,Motor (Car),Agent,West,578,5399410.12,402,3653183.04,9341.54,
2023-05,Motor (Car),Bancassurance,East,289,4816216.79,218,3793758.08,16665.11,
2023-05,Motor (Car),Bancassurance,North,504,7740129.6,354,5356462.5,15357.4,
2023-05,Motor (Car),Bancassurance,South,429,7755573.54,337,6376457.88,18078.26,
2023-05,Motor (Car),Bancassurance,West,395,4942832.5,314,3751386.26,12513.5,
2023-05,Motor (Car),Broker,East,278,4807089.82,203,3568005.14,17291.69,
2023-05,Motor (Car),Broker,North,427,9075479.35,357,7936488.42,21254.05,
2023-05,Motor (Car),Broker,South,384,7356307.2,298,5891373.58,19157.05,
2023-05,Motor (Car),Broker,West,390,5012564.7,254,3309884.16,12852.73,
2023-05,Motor (Car),Direct/Online,East,338,4397954.6,236,3193054.04,13011.7,
2023-05,Motor (Car),Direct/Online,North,538,6166071.8,407,4636377.13,11461.1,
2023-05,Motor (Car),Direct/Online,South,636,10832606.4,411,6743087.94,17032.4,
2023-05,Motor (Car),Direct/Online,West,449,10747542.38,300,7221357.0,23936.62,
2023-05,Motor (Car),PoSP,East,133,1311168.53,90,844000.2,9858.41,
2023-05,Motor (Car),PoSP,North,229,1956692.79,167,1488774.94,8544.51,
2023-05,Motor (Car),PoSP,South,230,4027380.5,184,3081420.4,17510.35,
2023-05,Motor (Car),PoSP,West,220,4464717.4,166,3485687.92,20294.17,
2023-05,Motor (Two-Wheeler),Agent,East,729,1817841.69,557,1363669.68,2493.61,
2023-05,Motor (Two-Wheeler),Agent,North,1248,3387708.48,995,2574771.45,2714.51,
2023-05,Motor (Two-Wheeler),Agent,South,1070,1710074.0,685,1079039.4,1598.2,
2023-05,Motor (Two-Wheeler),Agent,West,1046,2829890.24,848,2255281.44,2705.44,
2023-05,Motor (Two-Wheeler),Bancassurance,East,538,937723.24,428,713831.24,1742.98,
2023-05,Motor (Two-Wheeler),Bancassurance,North,872,2994151.52,638,2111435.48,3433.66,
2023-05,Motor (Two-Wheeler),Bancassurance,South,904,3158214.4,573,2087295.75,3493.6,
2023-05,Motor (Two-Wheeler),Bancassurance,West,798,2059127.28,666,1772226.0,2580.36,
2023-05,Motor (Two-Wheeler),Broker,East,461,1555704.43,358,1182352.28,3374.63,
2023-05,Motor (Two-Wheeler),Broker,North,747,2115205.2,493,1450800.4,2831.6,
2023-05,Motor (Two-Wheeler),Broker,South,721,2345102.97,491,1584928.36,3252.57,
2023-05,Motor (Two-Wheeler),Broker,West,805,2727975.95,634,2188295.38,3388.79,
2023-05,Motor (Two-Wheeler),Direct/Online,East,565,1869720.6,407,1325330.38,3309.24,
2023-05,Motor (Two-Wheeler),Direct/Online,North,1034,3349767.08,722,2442894.22,3239.62,
2023-05,Motor (Two-Wheeler),Direct/Online,South,928,1459586.24,702,1087713.9,1572.83,
2023-05,Motor (Two-Wheeler),Direct/Online,West,822,1511731.98,550,1028885.0,1839.09,
2023-05,Motor (Two-Wheeler),PoSP,East,228,709996.56,164,529123.04,3114.02,
2023-05,Motor (Two-Wheeler),PoSP,North,446,905286.34,303,624795.09,2029.79,
2023-05,Motor (Two-Wheeler),PoSP,South,425,1086104.5,288,716276.16,2555.54,
2023-05,Motor (Two-Wheeler),PoSP,West,339,967875.51,250,715817.5,2855.09,
2023-05,SME/Commercial,Agent,East,46,2861607.56,37,2316414.23,62208.86,
2023-05,SME/Commercial,Agent,North,82,5631072.84,66,4670241.84,68671.62,
2023-05,SME/Commercial,Agent,South,78,8720010.0,48,5112995.04,111795.0,
2023-05,SME/Commercial,Agent,West,65,6500925.6,44,4270231.24,100014.24,
2023-05,SME/Commercial,Bancassurance,East,29,2544348.06,21,1900110.45,87736.14,
2023-05,SME/Commercial,Bancassurance,North,53,4597987.44,38,3234384.06,86754.48,
2023-05,SME/Commercial,Bancassurance,South,50,1672824.5,35,1207311.7,33456.49,
2023-05,SME/Commercial,Bancassurance,West,44,3960720.28,35,3142548.5,90016.37,
2023-05,SME/Commercial,Broker,East,28,2201094.28,24,1978511.76,78610.51,
2023-05,SME/Commercial,Broker,North,52,1642890.08,43,1290878.49,31594.04,
2023-05,SME/Commercial,Broker,South,50,896509.0,40,746942.4,17930.18,
2023-05,SME/Commercial,Broker,West,37,5263368.77,26,3758986.92,142253.21,
2023-05,SME/Commercial,Direct/Online,East,36,3711856.32,28,2954070.0,103107.12,
2023-05,SME/Commercial,Direct/Online,North,63,6307869.33,42,4117065.96,100124.91,
2023-05,SME/Commercial,Direct/Online,South,54,5884396.74,34,3624584.62,108970.31,
2023-05,SME/Commercial,Direct/Online,West,52,2470689.0,38,1765366.76,47513.25,
2023-05,SME/Commercial,PoSP,East,18,2545818.84,13,1845379.12,141434.38,
2023-05,SME/Commercial,PoSP,North,29,1973283.83,21,1431601.92,68044.27,
2023-05,SME/Commercial,PoSP,South,27,2849390.19,19,2078682.84,105532.97,
2023-05,SME/Commercial,PoSP,West,23,786347.0,19,655184.6,34189.0,
2023-05,Travel,Agent,East,411,1153812.63,350,957064.5,2807.33,
2023-05,Travel,Agent,North,878,912224.44,652,665059.56,1038.98,
2023-05,Travel,Agent,South,824,748290.88,603,523355.76,908.12,
2023-05,Travel,Agent,West,728,758270.24,490,514245.2,1041.58,
2023-05,Travel,Bancassurance,East,325,365550.25,263,282822.31,1124.77,
2023-05,Travel,Bancassurance,North,601,1218233.01,418,868637.44,2027.01,
2023-05,Travel,Bancassurance,South,555,702052.8,358,449687.38,1264.96,
2023-05,Travel,Bancassurance,West,485,652649.95,368,506802.24,1345.67,
2023-05,Travel,Broker,East,339,318561.69,227,206583.62,939.71,
2023-05,Travel,Broker,North,581,1193222.94,396,836922.24,2053.74,
2023-05,Travel,Broker,South,473,625428.98,370,467384.0,1322.26,
2023-05,Travel,Broker,West,453,628791.18,408,559612.8,1388.06,
2023-05,Travel,Direct/Online,East,360,209916.0,281,156508.57,583.1,
2023-05,Travel,Direct/Online,North,718,2118954.42,568,1691197.28,2951.19,
2023-05,Travel,Direct/Online,South,552,1429094.88,400,1039136.0,2588.94,
2023-05,Travel,Direct/Online,West,542,755114.4,422,609047.28,1393.2,
2023-05,Travel,PoSP,East,161,291550.07,130,242940.1,1810.87,
2023-05,Travel,PoSP,North,308,747657.68,262,658392.9,2427.46,
2023-05,Travel,PoSP,South,291,685674.57,250,587607.5,2356.27,
2023-05,Travel,PoSP,West,243,715134.42,184,555413.2,2942.94,
2023-06,Crop,Agent,East,37,115642.76,27,80801.55,3125.48,
2023-06,Crop,Agent,North,64,1214787.84,46,853264.12,18981.06,
2023-06,Crop,Agent,South,59,760684.05,42,549306.24,12892.95,
2023-06,Crop,Agent,West,50,223250.5,36,157664.16,4465.01,
2023-06,Crop,Bancassurance,East,24,283744.56,21,236257.77,11822.69,
2023-06,Crop,Bancassurance,North,42,161508.06,29,114078.75,3845.43,
2023-06,Crop,Bancassurance,South,41,546363.95,31,413827.68,13325.95,
2023-06,Crop,Bancassurance,West,40,467998.4,30,358529.7,11699.96,
2023-06,Crop,Broker,East,23,179127.45,20,150801.2,7788.15,
2023-06,Crop,Broker,North,46,868628.12,37,724391.92,18883.22,
2023-06,Crop,Broker,South,35,560088.2,23,367729.75,16002.52,
2023-06,Crop,Broker,West,31,351238.68,26,292726.98,11330.28,
2023-06,Crop,Direct/Online,East,29,270896.54,21,197046.99,9341.26,
2023-06,Crop,Direct/Online,North,57,941242.14,42,661396.26,16513.02,
2023-06,Crop,Direct/Online,South,44,603392.68,35,465412.5,13713.47,
2023-06,Crop,Direct/Online,West,40,805882.0,28,564211.2,20147.05,
2023-06,Crop,PoSP,East,12,178073.52,10,153240.4,14839.46,
2023-06,Crop,PoSP,North,23,334397.69,19,273539.01,14539.03,
2023-06,Crop,PoSP,South,20,204063.4,16,164779.04,10203.17,
2023-06,Crop,PoSP,West,19,61469.75,12,40294.08,3235.25,
2023-06,Health (Group),Agent,East,52,2954517.28,39,2200812.51,56817.64,
2023-06,Health (Group),Agent,North,97,6897044.35,86,6106441.18,71103.55,
2023-06,Health (Group),Agent,South,95,3937991.3,73,3170924.36,41452.54,
2023-06,Health (Group),Agent,West,80,2661036.0,56,1879589.6,33262.95,
2023-06,Health (Group),Bancassurance,East,35,3015102.65,25,2081159.5,86145.79,
2023-06,Health (Group),Bancassurance,North,60,2239636.8,49,1879939.39,37327.28,
2023-06,Health (Group),Bancassurance,South,57,4260210.78,36,2682140.04,74740.54,
2023-06,Health (Group),Bancassurance,West,62,1789706.26,50,1408242.0,28866.23,
2023-06,Health (Group),Broker,East,34,1545226.22,25,1145512.5,45447.83,
2023-06,Health (Group),Broker,North,59,4320010.09,40,2790055.6,73220.51,
2023-06,Health (Group),Broker,South,53,2467761.09,39,1878007.17,46561.53,
2023-06,Health (Group),Broker,West,46,3479687.02,34,2535765.22,75645.37,
2023-06,Health (Group),Direct/Online,East,39,3438053.58,31,2738164.28,88155.22,
2023-06,Health (Group),Direct/Online,North,80,2404594.4,53,1594839.43,30057.43,
2023-06,Health (Group),Direct/Online,South,72,2435839.92,46,1514881.2,33831.11,
2023-06,Health (Group),Direct/Online,West,64,2399775.36,42,1504291.74,37496.49,
2023-06,Health (Group),PoSP,East,17,587122.54,12,406487.52,34536.62,
2023-06,Health (Group),PoSP,North,33,869058.3,21,542250.45,26335.1,
2023-06,Health (Group),PoSP,South,29,1912626.56,19,1237971.03,65952.64,
2023-06,Health (Group),PoSP,West,28,2249542.12,22,1779403.34,80340.79,
2023-06,Health (Retail),Agent,East,246,6945212.22,190,5533430.8,28232.57,
2023-06,Health (Retail),Agent,North,483,15446605.65,328,10453084.48,31980.55,
2023-06,Health (Retail),Agent,South,399,7469547.33,332,6080473.76,18720.67,
2023-06,Health (Retail),Agent,West,409,12226682.81,332,10229454.52,29894.09,
2023-06,Health (Retail),Bancassurance,East,200,2496660.0,141,1732732.08,12483.3,
2023-06,Health (Retail),Bancassurance,North,351,10924815.33,235,7379643.9,31124.83,
2023-06,Health (Retail),Bancassurance,South,307,8683151.16,235,6977260.45,28283.88,
2023-06,Health (Retail),Bancassurance,West,262,7039088.5,203,5322286.48,26866.75,
2023-06,Health (Retail),Broker,East,163,5404990.35,109,3511872.09,33159.45,
2023-06,Health (Retail),Broker,North,266,4560506.16,178,3160635.64,17144.76,
2023-06,Health (Retail),Broker,South,254,7255057.88,154,4449548.18,28563.22,
2023-06,Health (Retail),Broker,West,275,7242430.25,189,4765941.18,26336.11,
2023-06,Health (Retail),Direct/Online,East,210,6086627.4,135,3725323.65,28983.94,
2023-06,Health (Retail),Direct/Online,North,373,5135430.43,253,3611519.34,13767.91,
2023-06,Health (Retail),Direct/Online,South,339,9328635.9,293,8043682.12,27518.1,
2023-06,Health (Retail),Direct/Online,West,338,10446075.9,234,7005363.3,30905.55,
2023-06,Health (Retail),PoSP,East,88,2206924.72,64,1659616.64,25078.69,
2023-06,Health (Retail),PoSP,North,161,4296304.32,138,3812774.4,26685.12,
2023-06,Health (Retail),PoSP,South,148,4657198.88,131,3940423.67,31467.56,
2023-06,Health (Retail),PoSP,West,144,2099080.8,115,1671999.95,14576.95,
2023-06,Home,Agent,East,89,204465.04,71,159906.2,2297.36,
2023-06,Home,Agent,North,155,1113709.1,105,791427.0,7185.22,
2023-06,Home,Agent,South,141,561779.25,116,469594.68,3984.25,
2023-06,Home,Agent,West,132,421208.04,92,284487.92,3190.97,
2023-06,Home,Bancassurance,East,66,236455.56,43,159664.16,3582.66,
2023-06,Home,Bancassurance,North,101,335989.63,74,249200.92,3326.63,
2023-06,Home,Bancassurance,South,97,878128.39,74,657976.18,9052.87,
2023-06,Home,Bancassurance,West,95,649516.9,73,488460.52,6837.02,
2023-06,Home,Broker,East,54,460478.52,42,348675.18,8527.38,
2023-06,Home,Broker,North,91,236195.96,66,174354.84,2595.56,
2023-06,Home,Broker,South,92,743358.16,79,655493.02,8079.98,
2023-06,Home,Broker,West,90,650327.4,61,461848.69,7225.86,
2023-06,Home,Direct/Online,East,59,225840.2,47,172179.33,3827.8,
2023-06,Home,Direct/Online,North,128,1048652.8,95,743169.8,8192.6,
2023-06,Home,Direct/Online,South,112,1016366.4,80,709632.8,9074.7,
2023-06,Home,Direct/Online,West,106,216723.36,83,173875.04,2044.56,
2023-06,Home,PoSP,East,33,144789.48,23,98622.39,4387.56,
2023-06,Home,PoSP,North,54,320842.62,40,230896.4,5941.53,
2023-06,Home,PoSP,South,54,355143.96,41,272959.14,6576.74,
2023-06,Home,PoSP,West,49,213262.21,35,145521.6,4352.29,
2023-06,Motor (Car),Agent,East,402,4094084.58,329,3416039.9,10184.29,
2023-06,Motor (Car),Agent,North,721,16181467.89,606,14217190.26,22443.09,
2023-06,Motor (Car),Agent,South,702,15413982.48,561,11901110.1,21957.24,
2023-06,Motor (Car),Agent,West,608,6845885.44,437,4880949.14,11259.68,
2023-06,Motor (Car),Bancassurance,East,320,7619849.6,221,5382375.44,23812.03,
2023-06,Motor (Car),Bancassurance,North,477,5686245.45,346,4174849.84,11920.85,
2023-06,Motor (Car),Bancassurance,South,537,12766439.31,390,9327087.9,23773.63,
2023-06,Motor (Car),Bancassurance,West,441,7537982.13,330,5793420.6,17092.93,
2023-06,Motor (Car),Broker,East,248,4331446.48,204,3604659.6,17465.51,
2023-06,Motor (Car),Broker,North,492,4248011.64,353,3070411.65,8634.17,
2023-06,Motor (Car),Broker,South,411,6543054.24,304,4950591.36,15919.84,
2023-06,Motor (Car),Broker,West,406,4551251.88,269,3116781.95,11209.98,
2023-06,Motor (Car),Direct/Online,East,338,8149129.3,251,5895134.09,24109.85,
2023-06,Motor (Car),Direct/Online,North,603,10594197.45,411,7086124.98,17569.15,
2023-06,Motor (Car),Direct/Online,South,606,8895019.5,445,6697401.3,14678.25,
2023-06,Motor (Car),Direct/Online,West,499,10244779.38,440,9076082.4,20530.62,
2023-06,Motor (Car),PoSP,East,152,3853431.04,106,2681690.82,25351.52,
2023-06,Motor (Car),PoSP,North,264,5649721.44,173,3837480.81,21400.46,
2023-06,Motor (Car),PoSP,South,231,3808635.6,200,3425146.0,16487.6,
2023-06,Motor (Car),PoSP,West,209,4981057.29,166,3927535.1,23832.81,
2023-06,Motor (Two-Wheeler),Agent,East,767,2165448.09,531,1484787.51,2823.27,
2023-06,Motor (Two-Wheeler),Agent,North,1428,3863596.8,941,2436766.55,2705.6,
2023-06,Motor (Two-Wheeler),Agent,South,1211,2356957.19,933,1881263.88,1946.29,
2023-06,Motor (Two-Wheeler),Agent,West,1121,2756482.95,905,2335651.15,2458.95,
2023-06,Motor (Two-Wheeler),Bancassurance,East,574,1745918.58,472,1372731.76,3041.67,
2023-06,Motor (Two-Wheeler),Bancassurance,North,983,2057939.99,762,1656626.1,2093.53,
2023-06,Motor (Two-Wheeler),Bancassurance,South,820,1420904.2,589,980396.39,1732.81,
2023-06,Motor (Two-Wheeler),Bancassurance,West,740,1432906.4,567,1092353.85,1936.36,
2023-06,Motor (Two-Wheeler),Broker,East,414,1404532.26,374,1222377.86,3392.59,
2023-06,Motor (Two-Wheeler),Broker,North,802,2509313.64,644,2112854.52,3128.82,
2023-06,Motor (Two-Wheeler),Broker,South,779,2611184.63,619,2116249.58,3351.97,
2023-06,Motor (Two-Wheeler),Broker,West,655,1655486.3,398,1011194.62,2527.46,
2023-06,Motor (Two-Wheeler),Direct/Online,East,605,1505953.9,433,1098339.14,2489.18,
2023-06,Motor (Two-Wheeler),Direct/Online,North,1050,2688105.0,686,1818743.78,2560.1,
2023-06,Motor (Two-Wheeler),Direct/Online,South,925,2906673.75,654,1959220.5,3142.35,
2023-06,Motor (Two-Wheeler),Direct/Online,West,921,2182558.17,632,1488410.56,2369.77,
2023-06,Motor (Two-Wheeler),PoSP,East,261,513838.53,226,430536.78,1968.73,
2023-06,Motor (Two-Wheeler),PoSP,North,502,1344617.04,334,856262.44,2678.52,
2023-06,Motor (Two-Wheeler),PoSP,South,408,1189862.64,279,800185.95,2916.33,
2023-06,Motor (Two-Wheeler),PoSP,West,401,819924.7,329,688333.8,2044.7,
2023-06,SME/Commercial,Agent,East,47,2911681.49,38,2273500.86,61950.67,
2023-06,SME/Commercial,Agent,North,80,2398428.0,59,1801763.83,29980.35,
2023-06,SME/Commercial,Agent,South,76,5901593.04,52,4000991.8,77652.54,
2023-06,SME/Commercial,Agent,West,62,1242383.28,45,869473.35,20038.44,
2023-06,SME/Commercial,Bancassurance,East,32,3174846.4,27,2596750.65,99213.95,
2023-06,SME/Commercial,Bancassurance,North,53,6449865.21,48,5749277.28,121695.57,
2023-06,SME/Commercial,Bancassurance,South,49,2743723.15,33,1786347.42,55994.35,
2023-06,SME/Commercial,Bancassurance,West,51,4909267.14,38,3638424.0,96260.14,
2023-06,SME/Commercial,Broker,East,29,3341608.81,19,2239031.06,115227.89,
2023-06,SME/Commercial,Broker,North,39,1303131.18,27,925630.47,33413.62,
2023-06,SME/Commercial,Broker,South,50,7602366.5,37,5599356.52,152047.33,
2023-06,SME/Commercial,Broker,West,42,2945467.14,33,2309318.22,70130.17,
2023-06,SME/Commercial,Direct/Online,East,37,1656148.49,24,1111257.36,44760.77,
2023-06,SME/Commercial,Direct/Online,North,68,7473055.16,51,5437021.26,109897.87,
2023-06,SME/Commercial,Direct/Online,South,58,4655056.22,39,3285003.54,80259.59,
2023-06,SME/Commercial,Direct/Online,West,53,1726238.09,35,1182158.25,32570.53,
2023-06,SME/Commercial,PoSP,East,15,935264.85,10,638844.8,62350.99,
2023-06,SME/Commercial,PoSP,North,27,1402155.63,22,1123829.52,51931.69,
2023-06,SME/Commercial,PoSP,South,25,1270683.0,19,947994.36,50827.32,
2023-06,SME/Commercial,PoSP,West,24,529068.96,16,342464.0,22044.54,
2023-06,Travel,Agent,East,446,973029.28,397,901257.49,2181.68,
2023-06,Travel,Agent,North,813,1619861.85,516,1019972.04,1992.45,
2023-06,Travel,Agent,South,735,984635.4,631,815838.83,1339.64,
2023-06,Travel,Agent,West,665,1432862.2,404,883943.92,2154.68,
2023-06,Travel,Bancassurance,East,298,293607.48,254,252483.62,985.26,
2023-06,Travel,Bancassurance,North,511,901076.96,425,713371.0,1763.36,
2023-06,Travel,Bancassurance,South,499,1037361.12,369,759243.33,2078.88,
2023-06,Travel,Bancassurance,West,468,1281360.6,338,906948.64,2737.95,
2023-06,Travel,Broker,East,289,229205.9,201,159811.08,793.1,
2023-06,Travel,Broker,North,454,505129.48,330,365666.4,1112.62,
2023-06,Travel,Broker,South,456,1147674.48,349,859066.99,2516.83,
2023-06,Travel,Broker,West,429,1303984.11,291,871926.21,3039.59,
2023-06,Travel,Direct/Online,East,356,623637.24,276,500040.24,1751.79,
2023-06,Travel,Direct/Online,North,699,774981.3,475,502455.0,1108.7,
2023-06,Travel,Direct/Online,South,570,1561332.6,426,1161995.94,2739.18,
2023-06,Travel,Direct/Online,West,443,960716.38,343,731522.96,2168.66,
2023-06,Travel,PoSP,East,142,318048.76,103,236940.17,2239.78,
2023-06,Travel,PoSP,North,294,372465.66,226,274429.54,1266.89,
2023-06,Travel,PoSP,South,266,657961.64,231,574695.66,2473.54,
2023-06,Travel,PoSP,West,210,455723.1,156,324659.4,2170.11,
2023-07,Crop,Agent,East,39,783432.78,28,576646.56,20088.02,
2023-07,Crop,Agent,North,75,1090570.5,50,754619.5,14540.94,
2023-07,Crop,Agent,South,66,223375.68,46,152977.14,3384.48,
2023-07,Crop,Agent,West,63,612767.61,43,427302.18,9726.47,
2023-07,Crop,Bancassurance,East,30,320861.7,27,276321.78,10695.39,
2023-07,Crop,Bancassurance,North,47,190690.28,35,144971.75,4057.24,
2023-07,Crop,Bancassurance,South,47,723040.01,32,498540.8,15383.83,
2023-07,Crop,Bancassurance,West,37,313186.13,25,201251.75,8464.49,
2023-07,Crop,Broker,East,24,454247.76,18,339834.06,18926.99,
2023-07,Crop,Broker,North,40,516723.2,26,339689.48,12918.08,
2023-07,Crop,Broker,South,42,704550.84,32,540549.76,16775.02,
2023-07,Crop,Broker,West,36,152144.64,29,123149.95,4226.24,
2023-07,Crop,Direct/Online,East,31,257553.27,21,168352.38,8308.17,
2023-07,Crop,Direct/Online,North,59,1174294.7,47,931226.04,19903.3,
2023-07,Crop,Direct/Online,South,51,212925.51,35,148493.8,4175.01,
2023-07,Crop,Direct/Online,West,49,458997.7,33,322498.11,9367.3,
2023-07,Crop,PoSP,East,13,98950.02,10,76592.7,7611.54,
2023-07,Crop,PoSP,North,23,363382.75,18,278802.9,15799.25,
2023-07,Crop,PoSP,South,24,148225.2,16,94994.72,6176.05,
2023-07,Crop,PoSP,West,20,337524.8,16,273333.44,16876.24,
2023-07,Health (Group),Agent,East,57,1636451.19,39,1120148.64,28709.67,
2023-07,Health (Group),Agent,North,95,6508011.1,68,4773092.72,68505.38,
2023-07,Health (Group),Agent,South,100,7298549.0,81,5643934.2,72985.49,
2023-07,Health (Group),Agent,West,82,5666605.08,60,4218396.6,69104.94,
2023-07,Health (Group),Bancassurance,East,40,2209611.2,30,1622878.8,55240.28,
2023-07,Health (Group),Bancassurance,North,66,1768945.86,45,1154594.25,26802.21,
2023-07,Health (Group),Bancassurance,South,60,3324188.4,46,2653285.98,55403.14,
2023-07,Health (Group),Bancassurance,West,62,2001418.9,45,1394962.65,32280.95,
2023-07,Health (Group),Broker,East,35,3152573.2,27,2493589.59,90073.52,
2023-07,Health (Group),Broker,North,65,5389225.4,42,3619789.74,82911.16,
2023-07,Health (Group),Broker,South,49,3225443.13,41,2746050.03,65825.37,
2023-07,Health (Group),Broker,West,53,2255209.36,35,1483209.35,42551.12,
2023-07,Health (Group),Direct/Online,East,48,1423464.0,33,987393.33,29655.5,
2023-07,Health (Group),Direct/Online,North,85,4033079.15,68,3221086.56,47447.99,
2023-07,Health (Group),Direct/Online,South,73,3200584.99,52,2273926.2,43843.63,
2023-07,Health (Group),Direct/Online,West,69,3139400.64,55,2408743.7,45498.56,
2023-07,Health (Group),PoSP,East,19,1273988.76,14,932871.94,67052.04,
2023-07,Health (Group),PoSP,North,39,2137698.42,26,1381377.14,54812.78,
2023-07,Health (Group),PoSP,South,35,2748947.95,30,2333863.2,78541.37,
2023-07,Health (Group),PoSP,West,31,1075378.84,23,778816.57,34689.64,
2023-07,Health (Retail),Agent,East,283,9997034.43,217,7396900.7,35325.21,
2023-07,Health (Retail),Agent,North,492,16659985.92,405,13518571.95,33861.76,
2023-07,Health (Retail),Agent,South,480,11539156.8,359,8589548.88,24039.91,
2023-07,Health (Retail),Agent,West,356,10346257.12,236,6801621.48,29062.52,
2023-07,Health (Retail),Bancassurance,East,187,2800323.13,165,2536772.7,14974.99,
2023-07,Health (Retail),Bancassurance,North,303,9574624.26,229,7082917.33,31599.42,
2023-07,Health (Retail),Bancassurance,South,328,10450870.48,207,6762627.9,31862.41,
2023-07,Health (Retail),Bancassurance,West,303,7305208.8,232,5555195.92,24109.6,
2023-07,Health (Retail),Broker,East,186,6616338.06,137,4943238.11,35571.71,
2023-07,Health (Retail),Broker,North,313,10680617.94,231,7816534.11,34123.38,
2023-07,Health (Retail),Broker,South,264,5029403.28,192,3600564.48,19050.77,
2023-07,Health (Retail),Broker,West,266,8632279.88,209,6458844.04,32452.18,
2023-07,Health (Retail),Direct/Online,East,252,7911933.12,172,5427011.08,31396.56,
2023-07,Health (Retail),Direct/Online,North,402,7237065.3,361,6713834.68,18002.65,
2023-07,Health (Retail),Direct/Online,South,379,13352079.04,272,9638613.76,35229.76,
2023-07,Health (Retail),Direct/Online,West,292,3953417.2,203,2694033.3,13539.1,
2023-07,Health (Retail),PoSP,East,89,2914714.4,68,2124506.32,32749.6,
2023-07,Health (Retail),PoSP,North,166,4182856.38,101,2472157.81,25197.93,
2023-07,Health (Retail),PoSP,South,168,5904160.08,124,4235596.96,35143.81,
2023-07,Health (Retail),PoSP,West,136,4352715.36,110,3456845.7,32005.26,
2023-07,Home,Agent,East,92,635411.8,69,463043.82,6906.65,
2023-07,Home,Agent,North,157,1386997.66,120,1094922.0,8834.38,
2023-07,Home,Agent,South,159,489262.08,133,413240.31,3077.12,
2023-07,Home,Agent,West,146,526154.8,118,412020.6,3603.8,
2023-07,Home,Bancassurance,East,66,355369.08,41,212983.52,5384.38,
2023-07,Home,Bancassurance,North,106,768094.02,78,549743.22,7246.17,
2023-07,Home,Bancassurance,South,108,426627.0,83,317665.07,3950.25,
2023-07,Home,Bancassurance,West,106,507370.06,76,345807.6,4786.51,
2023-07,Home,Broker,East,58,288734.44,44,223154.36,4978.18,
2023-07,Home,Broker,North,87,661316.58,61,461619.94,7601.34,
2023-07,Home,Broker,South,94,568760.16,63,379806.84,6050.64,
2023-07,Home,Broker,West,84,580174.56,58,386437.18,6906.84,
2023-07,Home,Direct/Online,East,70,606651.5,52,444514.72,8666.45,
2023-07,Home,Direct/Online,North,131,332104.65,111,286078.08,2535.15,
2023-07,Home,Direct/Online,South,126,1078398.72,99,860103.09,8558.72,
2023-07,Home,Direct/Online,West,100,664121.0,68,469674.64,6641.21,
2023-07,Home,PoSP,East,34,91639.52,26,73188.44,2695.28,
2023-07,Home,PoSP,North,58,385763.22,47,325975.55,6651.09,
2023-07,Home,PoSP,South,56,257056.8,42,191383.92,4590.3,
2023-07,Home,PoSP,West,45,133274.7,38,115230.06,2961.66,
2023-07,Motor (Car),Agent,East,405,8190173.25,313,6364135.1,20222.65,
2023-07,Motor (Car),Agent,North,790,10162789.1,660,8163777.6,12864.29,
2023-07,Motor (Car),Agent,South,687,8437871.4,514,6271015.88,12282.2,
2023-07,Motor (Car),Agent,West,616,12292181.44,512,9859015.68,19954.84,
2023-07,Motor (Car),Bancassurance,East,307,7513898.68,223,5593787.75,24475.24,
2023-07,Motor (Car),Bancassurance,North,557,13026369.62,412,10000900.36,23386.66,
2023-07,Motor (Car),Bancassurance,South,580,11594501.6,340,6773401.8,19990.52,
2023-07,Motor (Car),Bancassurance,West,469,11309986.59,344,8109579.84,24115.11,
2023-07,Motor (Car),Broker,East,288,3691313.28,217,2703670.27,12817.06,
2023-07,Motor (Car),Broker,North,541,10066181.42,369,7103028.6,18606.62,
2023-07,Motor (Car),Broker,South,406,8204480.48,257,5079491.92,20208.08,
2023-07,Motor (Car),Broker,West,403,9497521.15,346,7981732.14,23567.05,
2023-07,Motor (Car),Direct/Online,East,300,6637383.0,195,4508257.65,22124.61,
2023-07,Motor (Car),Direct/Online,North,613,7922920.79,444,5624689.68,12924.83,
2023-07,Motor (Car),Direct/Online,South,600,11717892.0,400,7578888.0,19529.82,
2023-07,Motor (Car),Direct/Online,West,553,10553789.33,360,6874167.6,19084.61,
2023-07,Motor (Car),PoSP,East,156,2979344.16,94,1835523.9,19098.36,
2023-07,Motor (Car),PoSP,North,276,4521608.64,185,3026230.0,16382.64,
2023-07,Motor (Car),PoSP,South,247,3242793.84,199,2687743.75,13128.72,
2023-07,Motor (Car),PoSP,West,228,2602690.68,183,2108892.0,11415.31,
2023-07,Motor (Two-Wheeler),Agent,East,914,2483429.4,710,1872866.4,2717.1,
2023-07,Motor (Two-Wheeler),Agent,North,1260,2533053.6,857,1691563.74,2010.36,
2023-07,Motor (Two-Wheeler),Agent,South,1376,3848369.28,1050,2882890.5,2796.78,
2023-07,Motor (Two-Wheeler),Agent,West,1123,3811372.16,860,2863533.4,3393.92,
2023-07,Motor (Two-Wheeler),Bancassurance,East,507,979240.08,357,688606.59,1931.44,
2023-07,Motor (Two-Wheeler),Bancassurance,North,927,1500961.32,672,1104479.04,1619.16,
2023-07,Motor (Two-Wheeler),Bancassurance,South,1006,2365448.04,721,1645199.43,2351.34,
2023-07,Motor (Two-Wheeler),Bancassurance,West,879,2128867.68,657,1651527.18,2421.92,
2023-07,Motor (Two-Wheeler),Broker,East,444,1218464.76,302,826383.74,2744.29,
2023-07,Motor (Two-Wheeler),Broker,North,905,1951433.4,651,1360173.36,2156.28,
2023-07,Motor (Two-Wheeler),Broker,South,788,1371112.12,483,857542.35,1739.99,
2023-07,Motor (Two-Wheeler),Broker,West,750,2088397.5,506,1446573.04,2784.53,
2023-07,Motor (Two-Wheeler),Direct/Online,East,585,1166665.5,393,763614.72,1994.3,
2023-07,Motor (Two-Wheeler),Direct/Online,North,1232,3220164.64,966,2596376.16,2613.77,
2023-07,Motor (Two-Wheeler),Direct/Online,South,1025,3012823.5,666,1906291.8,2939.34,
2023-07,Motor (Two-Wheeler),Direct/Online,West,865,2584005.85,595,1775009.95,2987.29,
2023-07,Motor (Two-Wheeler),PoSP,East,285,793451.4,198,534156.48,2784.04,
2023-07,Motor (Two-Wheeler),PoSP,North,492,1389836.04,403,1118171.86,2824.87,
2023-07,Motor (Two-Wheeler),PoSP,South,428,677001.84,268,404688.04,1581.78,
2023-07,Motor (Two-Wheeler),PoSP,West,408,1259051.28,280,848176.0,3085.91,
2023-07,SME/Commercial,Agent,East,47,1549091.33,33,1095610.23,32959.39,
2023-07,SME/Commercial,Agent,North,81,10269248.04,66,8382915.42,126780.84,
2023-07,SME/Commercial,Agent,South,64,6552663.68,40,3975718.4,102385.37,
2023-07,SME/Commercial,Agent,West,62,951101.7,40,637166.8,15340.35,
2023-07,SME/Commercial,Bancassurance,East,28,1106939.68,19,756410.14,39533.56,
2023-07,SME/Commercial,Bancassurance,North,60,2309643.0,46,1786926.12,38494.05,
2023-07,SME/Commercial,Bancassurance,South,49,4373421.99,39,3345188.34,89253.51,
2023-07,SME/Commercial,Bancassurance,West,41,2035833.68,29,1408545.37,49654.48,
2023-07,SME/Commercial,Broker,East,28,4145650.88,20,2888601.0,148058.96,
2023-07,SME/Commercial,Broker,North,47,6416535.88,32,4476125.12,136522.04,
2023-07,SME/Commercial,Broker,South,44,4690724.72,30,3313494.9,106607.38,
2023-07,SME/Commercial,Broker,West,39,3317874.69,26,2294841.12,85073.71,
2023-07,SME/Commercial,Direct/Online,East,37,3267804.11,26,2225551.12,88319.03,
2023-07,SME/Commercial,Direct/Online,North,54,2837332.8,41,2162327.7,52543.2,
2023-07,SME/Commercial,Direct/Online,South,55,885634.75,46,716606.4,16102.45,
2023-07,SME/Commercial,Direct/Online,West,59,6469162.38,41,4603386.52,109646.82,
2023-07,SME/Commercial,PoSP,East,16,900904.64,11,588468.54,56306.54,
2023-07,SME/Commercial,PoSP,North,29,1666712.07,21,1244411.91,57472.83,
2023-07,SME/Commercial,PoSP,South,23,3016218.85,18,2440684.98,131139.95,
2023-07,SME/Commercial,PoSP,West,21,1910295.03,17,1554260.7,90966.43,
2023-07,Travel,Agent,East,366,892501.98,289,682028.44,2438.53,
2023-07,Travel,Agent,North,520,331089.2,341,226171.66,636.71,
2023-07,Travel,Agent,South,674,1987019.4,520,1588158.0,2948.1,
2023-07,Travel,Agent,West,517,1525816.93,328,956251.2,2951.29,
2023-07,Travel,Bancassurance,East,234,355600.44,156,234859.56,1519.66,
2023-07,Travel,Bancassurance,North,444,942070.32,385,791067.2,2121.78,
2023-07,Travel,Bancassurance,South,423,674473.5,307,496277.78,1594.5,
2023-07,Travel,Bancassurance,West,409,298729.51,299,208367.12,730.39,
2023-07,Travel,Broker,East,224,447444.48,210,409508.4,1997.52,
2023-07,Travel,Broker,North,357,284236.26,275,214725.5,796.18,
2023-07,Travel,Broker,South,323,438181.8,266,366923.06,1356.6,
2023-07,Travel,Broker,West,381,732426.78,285,538863.75,1922.38,
2023-07,Travel,Direct/Online,East,292,800900.52,219,596269.11,2742.81,
2023-07,Travel,Direct/Online,North,463,1006974.07,339,708011.67,2174.89,
2023-07,Travel,Direct/Online,South,496,859017.44,330,588901.5,1731.89,
2023-07,Travel,Direct/Online,West,441,956581.92,346,779458.42,2169.12,
2023-07,Travel,PoSP,East,116,288527.96,89,228663.25,2487.31,
2023-07,Travel,PoSP,North,223,196935.76,164,143929.68,883.12,
2023-07,Travel,PoSP,South,187,460472.54,142,337803.8,2462.42,
2023-07,Travel,PoSP,West,196,269682.28,137,190055.99,1375.93,
2023-08,Crop,Agent,East,31,167053.73,24,133123.92,5388.83,
2023-08,Crop,Agent,North,50,808428.5,34,537401.96,16168.57,
2023-08,Crop,Agent,South,48,962383.68,33,669976.89,20049.66,
2023-08,Crop,Agent,West,42,535720.5,33,408618.87,12755.25,
2023-08,Crop,Bancassurance,East,17,323225.76,13,247343.33,19013.28,
2023-08,Crop,Bancassurance,North,37,617382.0,25,401067.0,16686.0,
2023-08,Crop,Bancassurance,South,34,380359.7,23,255800.02,11187.05,
2023-08,Crop,Bancassurance,West,31,555804.27,21,391982.85,17929.17,
2023-08,Crop,Broker,East,19,371208.51,15,291587.4,19537.29,
2023-08,Crop,Broker,North,31,378032.91,23,293439.98,12194.61,
2023-08,Crop,Broker,South,28,402064.6,20,294614.4,14359.45,
2023-08,Crop,Broker,West,24,440192.64,18,331063.02,18341.36,
2023-08,Crop,Direct/Online,East,25,382780.75,18,269982.36,15311.23,
2023-08,Crop,Direct/Online,North,41,217875.23,36,190015.2,5314.03,
2023-08,Crop,Direct/Online,South,41,520491.72,32,388022.08,12694.92,
2023-08,Crop,Direct/Online,West,34,276681.8,24,202569.84,8137.7,
2023-08,Crop,PoSP,East,11,86101.29,8,62444.0,7827.39,
2023-08,Crop,PoSP,North,21,361343.43,15,263008.95,17206.83,
2023-08,Crop,PoSP,South,18,269307.54,14,204950.62,14961.53,
2023-08,Crop,PoSP,West,14,167267.52,11,134563.44,11947.68,
2023-08,Health (Group),Agent,East,60,2911159.8,40,1940942.0,48519.33,
2023-08,Health (Group),Agent,North,104,4641574.08,81,3573699.75,44630.52,
2023-08,Health (Group),Agent,South,94,5751669.18,84,4996400.64,61187.97,
2023-08,Health (Group),Agent,West,92,7415540.4,69,5487235.35,80603.7,
2023-08,Health (Group),Bancassurance,East,45,3990418.65,37,3160573.67,88675.97,
2023-08,Health (Group),Bancassurance,North,76,6276741.96,68,5340924.0,82588.71,
2023-08,Health (Group),Bancassurance,South,69,2317787.28,45,1560469.05,33591.12,
2023-08,Health (Group),Bancassurance,West,61,4962441.5,51,3989936.04,81351.5,
2023-08,Health (Group),Broker,East,40,3193658.0,35,2782008.95,79841.45,
2023-08,Health (Group),Broker,North,68,3448836.24,60,2923872.0,50718.18,
2023-08,Health (Group),Broker,South,55,4930606.45,48,4249837.44,89647.39,
2023-08,Health (Group),Broker,West,56,1659422.8,41,1257961.18,29632.55,
2023-08,Health (Group),Direct/Online,East,50,1529262.5,37,1076705.18,30585.25,
2023-08,Health (Group),Direct/Online,North,82,5737165.26,61,4202605.98,69965.43,
2023-08,Health (Group),Direct/Online,South,85,4762968.2,57,3239046.09,56034.92,
2023-08,Health (Group),Direct/Online,West,70,4106788.0,52,2971636.72,58668.4,
2023-08,Health (Group),PoSP,East,24,1293612.0,18,997302.42,53900.5,
2023-08,Health (Group),PoSP,North,40,1485550.8,31,1108064.0,37138.77,
2023-08,Health (Group),PoSP,South,34,3117453.54,28,2512005.16,91689.81,
2023-08,Health (Group),PoSP,West,31,1602645.44,20,1034185.4,51698.24,
2023-08,Health (Retail),Agent,East,264,7014709.68,191,4963899.0,26570.87,
2023-08,Health (Retail),Agent,North,575,18239897.0,457,14054811.07,31721.56,
2023-08,Health (Retail),Agent,South,498,9505988.34,343,6328367.15,19088.33,
2023-08,Health (Retail),Agent,West,464,8137232.96,340,5958156.6,17537.14,
2023-08,Health (Retail),Bancassurance,East,227,7049466.84,169,5139590.82,31054.92,
2023-08,Health (Retail),Bancassurance,North,365,9939245.65,291,7633887.39,27230.81,
2023-08,Health (Retail),Bancassurance,South,369,5440476.96,281,4045301.29,14743.84,
2023-08,Health (Retail),Bancassurance,West,295,3686724.15,242,3042961.24,12497.37,
2023-08,Health (Retail),Broker,East,190,2854117.3,160,2297985.6,15021.67,
2023-08,Health (Retail),Broker,North,310,5706945.0,215,3793726.6,18409.5,
2023-08,Health (Retail),Broker,South,330,8621837.4,238,5924393.58,26126.78,
2023-08,Health (Retail),Broker,West,309,3992425.23,204,2626516.32,12920.47,
2023-08,Health (Retail),Direct/Online,East,259,6723520.86,203,5139332.73,25959.54,
2023-08,Health (Retail),Direct/Online,North,431,14839192.08,252,8923846.68,34429.68,
2023-08,Health (Retail),Direct/Online,South,470,15322089.3,308,9582335.84,32600.19,
2023-08,Health (Retail),Direct/Online,West,426,5537731.62,304,4020184.16,12999.37,
2023-08,Health (Retail),PoSP,East,100,2154405.0,73,1603028.17,21544.05,
2023-08,Health (Retail),PoSP,North,177,5586128.85,144,4338290.88,31560.05,
2023-08,Health (Retail),PoSP,South,188,3404401.76,149,2712378.12,18108.52,
2023-08,Health (Retail),PoSP,West,168,2646688.8,130,1999739.3,15754.1,
2023-08,Home,Agent,East,150,520105.5,132,446823.96,3467.37,Post-flood surge in home insurance enquiries (East region)
2023-08,Home,Agent,North,152,774292.56,131,657921.3,5094.03,
2023-08,Home,Agent,South,164,841590.6,104,550309.76,5131.65,
2023-08,Home,Agent,West,121,777049.9,99,616367.07,6421.9,
2023-08,Home,Bancassurance,East,82,452946.68,64,351176.96,5523.74,Post-flood surge in home insurance enquiries (East region)
2023-08,Home,Bancassurance,North,113,662904.33,84,489642.72,5866.41,
2023-08,Home,Bancassurance,South,95,341347.35,74,266150.62,3593.13,
2023-08,Home,Bancassurance,West,87,483302.4,67,366693.01,5555.2,
2023-08,Home,Broker,East,82,400223.14,57,287831.19,4880.77,Post-flood surge in home insurance enquiries (East region)
2023-08,Home,Broker,North,94,222070.3,66,150444.36,2362.45,
2023-08,Home,Broker,South,84,767340.84,65,572824.85,9135.01,
2023-08,Home,Broker,West,83,615665.78,62,448291.0,7417.66,
2023-08,Home,Direct/Online,East,104,637777.92,86,532798.38,6132.48,Post-flood surge in home insurance enquiries (East region)
2023-08,Home,Direct/Online,North,115,468436.4,78,316173.78,4073.36,
2023-08,Home,Direct/Online,South,126,261393.3,100,208738.0,2074.55,
2023-08,Home,Direct/Online,West,106,747223.68,92,641542.68,7049.28,
2023-08,Home,PoSP,East,54,473099.4,48,415428.96,8761.1,Post-flood surge in home insurance enquiries (East region)
2023-08,Home,PoSP,North,51,258043.68,44,224093.32,5059.68,
2023-08,Home,PoSP,South,53,175741.11,34,108985.64,3315.87,
2023-08,Home,PoSP,West,46,161574.54,37,135325.65,3512.49,
2023-08,Motor (Car),Agent,East,489,5405200.62,373,4069407.62,11053.58,
2023-08,Motor (Car),Agent,North,876,11088162.72,739,9664878.48,12657.72,
2023-08,Motor (Car),Agent,South,735,17123596.35,499,11643880.57,23297.41,
2023-08,Motor (Car),Agent,West,784,11503741.76,510,7423860.9,14673.14,
2023-08,Motor (Car),Bancassurance,East,338,7624056.44,272,5890124.64,22556.38,
2023-08,Motor (Car),Bancassurance,North,615,14702436.0,519,12551454.48,23906.4,
2023-08,Motor (Car),Bancassurance,South,538,9554906.9,436,7436856.36,17760.05,
2023-08,Motor (Car),Bancassurance,West,489,4549890.72,322,3086057.66,9304.48,
2023-08,Motor (Car),Broker,East,301,3112346.02,233,2301704.48,10340.02,
2023-08,Motor (Car),Broker,North,511,4803333.57,349,3409164.62,9399.87,
2023-08,Motor (Car),Broker,South,490,4910427.2,346,3553866.34,10021.28,
2023-08,Motor (Car),Broker,West,446,4404696.0,294,2914086.84,9876.0,
2023-08,Motor (Car),Direct/Online,East,399,9594238.29,321,7909112.58,24045.71,
2023-08,Motor (Car),Direct/Online,North,735,13436094.0,480,8496196.8,18280.4,
2023-08,Motor (Car),Direct/Online,South,632,10063645.68,462,7201235.58,15923.49,
2023-08,Motor (Car),Direct/Online,West,579,4894252.26,437,3586786.75,8452.94,
2023-08,Motor (Car),PoSP,East,187,3523607.34,149,2774099.88,18842.82,
2023-08,Motor (Car),PoSP,North,296,5771937.84,216,4127178.96,19499.79,
2023-08,Motor (Car),PoSP,South,281,6632353.08,224,5105074.24,23602.68,
2023-08,Motor (Car),PoSP,West,224,4328318.4,183,3599752.74,19322.85,
2023-08,Motor (Two-Wheeler),Agent,East,868,2589356.84,598,1710345.78,2983.13,
2023-08,Motor (Two-Wheeler),Agent,North,1564,3547339.68,1301,3023497.98,2268.12,
2023-08,Motor (Two-Wheeler),Agent,South,1486,4943832.84,1061,3432260.73,3326.94,
2023-08,Motor (Two-Wheeler),Agent,West,1397,4986493.71,959,3335306.1,3569.43,
2023-08,Motor (Two-Wheeler),Bancassurance,East,594,1276571.34,449,956271.22,2149.11,
2023-08,Motor (Two-Wheeler),Bancassurance,North,984,2930243.76,819,2501070.39,2977.89,
2023-08,Motor (Two-Wheeler),Bancassurance,South,942,1589681.52,679,1148562.45,1687.56,
2023-08,Motor (Two-Wheeler),Bancassurance,West,806,2631501.34,689,2219413.69,3264.89,
2023-08,Motor (Two-Wheeler),Broker,East,521,1353302.71,438,1125892.14,2597.51,
2023-08,Motor (Two-Wheeler),Broker,North,816,2720429.76,616,2046062.48,3333.86,
2023-08,Motor (Two-Wheeler),Broker,South,893,2632644.37,545,1650401.7,2948.09,
2023-08,Motor (Two-Wheeler),Broker,West,781,2165884.82,636,1765313.4,2773.22,
2023-08,Motor (Two-Wheeler),Direct/Online,East,799,1459828.93,548,956495.64,1827.07,
2023-08,Motor (Two-Wheeler),Direct/Online,North,1274,2432664.78,1149,2296529.28,1909.47,
2023-08,Motor (Two-Wheeler),Direct/Online,South,1087,2518915.97,873,1939238.55,2317.31,
2023-08,Motor (Two-Wheeler),Direct/Online,West,1083,3680748.78,907,3073333.22,3398.66,
2023-08,Motor (Two-Wheeler),PoSP,East,284,943774.6,226,728384.44,3323.15,
2023-08,Motor (Two-Wheeler),PoSP,North,545,1602272.75,375,1134656.25,2939.95,
2023-08,Motor (Two-Wheeler),PoSP,South,538,1154155.26,390,840793.2,2145.27,
2023-08,Motor (Two-Wheeler),PoSP,West,437,968291.49,323,712993.43,2215.77,
2023-08,SME/Commercial,Agent,East,45,6710761.35,32,4876934.08,149128.03,
2023-08,SME/Commercial,Agent,North,72,3195074.88,60,2734386.0,44376.04,
2023-08,SME/Commercial,Agent,South,74,5117312.38,46,3200350.18,69152.87,
2023-08,SME/Commercial,Agent,West,74,10414508.4,63,9128865.69,140736.6,
2023-08,SME/Commercial,Bancassurance,East,32,1595327.36,23,1147697.47,49853.98,
2023-08,SME/Commercial,Bancassurance,North,57,5601205.32,40,4074234.4,98266.76,
2023-08,SME/Commercial,Bancassurance,South,56,5481658.56,36,3551778.0,97886.76,
2023-08,SME/Commercial,Bancassurance,West,38,4500174.32,29,3378345.72,118425.64,
2023-08,SME/Commercial,Broker,East,32,3626730.88,21,2487627.66,113335.34,
2023-08,SME/Commercial,Broker,North,48,5008835.52,30,3037990.8,104350.74,
2023-08,SME/Commercial,Broker,South,44,5066418.72,29,3455641.16,115145.88,
2023-08,SME/Commercial,Broker,West,42,4658207.4,31,3509195.97,110909.7,
2023-08,SME/Commercial,Direct/Online,East,40,1026212.0,32,782225.6,25655.3,
2023-08,SME/Commercial,Direct/Online,North,65,6841266.9,47,4820782.01,105250.26,
2023-08,SME/Commercial,Direct/Online,South,59,2033371.28,38,1303511.34,34463.92,
2023-08,SME/Commercial,Direct/Online,West,61,2800682.63,46,2013864.82,45912.83,
2023-08,SME/Commercial,PoSP,East,16,2277128.0,13,1808279.98,142320.5,
2023-08,SME/Commercial,PoSP,North,27,3076420.23,23,2720449.66,113941.49,
2023-08,SME/Commercial,PoSP,South,29,1582923.24,24,1339749.12,54583.56,
2023-08,SME/Commercial,PoSP,West,22,1881209.66,16,1387225.44,85509.53,
2023-08,Travel,Agent,East,351,209241.63,244,139575.32,596.13,
2023-08,Travel,Agent,North,625,400218.75,419,276648.94,640.35,
2023-08,Travel,Agent,South,540,1140690.6,367,802856.54,2112.39,
2023-08,Travel,Agent,West,513,907517.52,326,589926.34,1769.04,
2023-08,Travel,Bancassurance,East,221,501351.76,153,340767.72,2268.56,
2023-08,Travel,Bancassurance,North,404,476562.44,347,420074.73,1179.61,
2023-08,Travel,Bancassurance,South,374,317425.02,308,249800.32,848.73,
2023-08,Travel,Bancassurance,West,333,625880.16,231,440299.86,1879.52,
2023-08,Travel,Broker,East,216,577210.32,173,483881.0,2672.27,
2023-08,Travel,Broker,North,339,274423.89,232,196680.32,809.51,
2023-08,Travel,Broker,South,295,556520.45,231,438086.88,1886.51,
2023-08,Travel,Broker,West,335,282130.3,257,207455.54,842.18,
2023-08,Travel,Direct/Online,East,270,416542.5,182,276075.8,1542.75,
2023-08,Travel,Direct/Online,North,443,844220.67,393,713562.24,1905.69,
2023-08,Travel,Direct/Online,South,458,391480.08,355,315176.1,854.76,
2023-08,Travel,Direct/Online,West,467,820299.51,309,523035.03,1756.53,
2023-08,Travel,PoSP,East,130,279375.2,102,225192.54,2149.04,
2023-08,Travel,PoSP,North,199,235904.55,127,157430.47,1185.45,
2023-08,Travel,PoSP,South,196,192103.52,134,126826.98,980.12,
2023-08,Travel,PoSP,West,182,520660.14,149,435673.02,2860.77,
2023-09,Crop,Agent,East,24,444098.16,18,328887.0,18504.09,
2023-09,Crop,Agent,North,42,367484.04,28,245641.76,8749.62,
2023-09,Crop,Agent,South,40,509783.2,31,413097.01,12744.58,
2023-09,Crop,Agent,West,31,98514.59,28,88111.8,3177.89,
2023-09,Crop,Bancassurance,East,18,252052.2,13,183294.54,14002.9,
2023-09,Crop,Bancassurance,North,30,259536.3,22,186577.16,8651.21,
2023-09,Crop,Bancassurance,South,31,201908.58,25,167420.5,6513.18,
2023-09,Crop,Bancassurance,West,24,368575.92,20,322110.6,15357.33,
2023-09,Crop,Broker,East,16,249068.64,12,181456.2,15566.79,
2023-09,Crop,Broker,North,26,98453.94,19,72049.71,3786.69,
2023-09,Crop,Broker,South,24,349794.72,19,264965.07,14574.78,
2023-09,Crop,Broker,West,25,305491.75,17,199530.53,12219.67,
2023-09,Crop,Direct/Online,East,20,401194.8,16,313216.16,20059.74,
2023-09,Crop,Direct/Online,North,31,201924.39,23,149870.99,6513.69,
2023-09,Crop,Direct/Online,South,34,541050.84,25,378168.0,15913.26,
2023-09,Crop,Direct/Online,West,27,408217.86,18,269499.78,15119.18,
2023-09,Crop,PoSP,East,8,151401.04,7,137562.88,18925.13,
2023-09,Crop,PoSP,North,15,97746.15,13,85008.17,6516.41,
2023-09,Crop,PoSP,South,14,251605.34,11,188771.33,17971.81,
2023-09,Crop,PoSP,West,13,164051.03,8,96457.84,12619.31,
2023-09,Health (Group),Agent,East,58,3933406.3,44,2891472.76,67817.35,
2023-09,Health (Group),Agent,North,111,7702165.68,88,6240102.0,69388.88,
2023-09,Health (Group),Agent,South,99,8130523.5,80,6710945.6,82126.5,
2023-09,Health (Group),Agent,West,85,3077948.6,61,2207350.27,36211.16,
2023-09,Health (Group),Bancassurance,East,40,2095965.2,28,1487154.48,52399.13,
2023-09,Health (Group),Bancassurance,North,76,4862896.48,57,3778923.3,63985.48,
2023-09,Health (Group),Bancassurance,South,60,4520974.2,39,2867362.68,75349.57,
2023-09,Health (Group),Bancassurance,West,58,4955025.84,43,3755410.59,85431.48,
2023-09,Health (Group),Broker,East,36,2129173.56,25,1432770.0,59143.71,
2023-09,Health (Group),Broker,North,66,5590810.5,54,4780167.48,84709.25,
2023-09,Health (Group),Broker,South,65,5085865.2,43,3310019.6,78244.08,
2023-09,Health (Group),Broker,West,49,4425762.32,37,3338522.58,90321.68,
2023-09,Health (Group),Direct/Online,East,45,2705256.9,34,2053770.68,60116.82,
2023-09,Health (Group),Direct/Online,North,84,3933699.0,62,2896426.72,46829.75,
2023-09,Health (Group),Direct/Online,South,86,4455770.94,63,3252584.79,51811.29,
2023-09,Health (Group),Direct/Online,West,60,4433763.6,44,3289459.8,73896.06,
2023-09,Health (Group),PoSP,East,21,734383.23,16,549910.56,34970.63,
2023-09,Health (Group),PoSP,North,43,2828400.68,32,2087499.84,65776.76,
2023-09,Health (Group),PoSP,South,37,3303425.49,29,2643344.2,89281.77,
2023-09,Health (Group),PoSP,West,35,1160536.65,25,794571.5,33158.19,
2023-09,Health (Retail),Agent,East,326,7527235.68,245,5443794.65,23089.68,
2023-09,Health (Retail),Agent,North,480,8436235.2,353,6443612.58,17575.49,
2023-09,Health (Retail),Agent,South,537,12643052.82,410,10031744.7,23543.86,
2023-09,Health (Retail),Agent,West,437,11126238.5,328,8751249.92,25460.5,
2023-09,Health (Retail),Bancassurance,East,219,3205796.46,182,2689976.38,14638.34,
2023-09,Health (Retail),Bancassurance,North,373,8328071.71,265,5783678.0,22327.27,
2023-09,Health (Retail),Bancassurance,South,346,8983128.8,274,7365695.4,25962.8,
2023-09,Health (Retail),Bancassurance,West,294,5925187.8,213,4104122.34,20153.7,
2023-09,Health (Retail),Broker,East,186,5043499.74,131,3673119.48,27115.59,
2023-09,Health (Retail),Broker,North,363,8400698.46,269,6244969.5,23142.42,
2023-09,Health (Retail),Broker,South,274,4392959.8,196,3083138.8,16032.7,
2023-09,Health (Retail),Broker,West,275,6305552.0,199,4525689.84,22929.28,
2023-09,Health (Retail),Direct/Online,East,263,7480850.9,172,5084056.84,28444.3,
2023-09,Health (Retail),Direct/Online,North,374,6859193.66,303,5544263.7,18340.09,
2023-09,Health (Retail),Direct/Online,South,441,14227669.89,331,10689512.6,32262.29,
2023-09,Health (Retail),Direct/Online,West,345,7974795.75,268,6253013.52,23115.35,
2023-09,Health (Retail),PoSP,East,104,2357339.92,67,1577165.93,22666.73,
2023-09,Health (Retail),PoSP,North,188,2736815.64,116,1693040.88,14557.53,
2023-09,Health (Retail),PoSP,South,152,4355362.4,101,2974301.53,28653.7,
2023-09,Health (Retail),PoSP,West,162,2926262.7,113,2124819.23,18063.35,
2023-09,Home,Agent,East,89,718820.07,72,602676.72,8076.63,
2023-09,Home,Agent,North,163,1071570.15,127,793591.25,6574.05,
2023-09,Home,Agent,South,152,451789.6,103,306717.52,2972.3,
2023-09,Home,Agent,West,121,894536.06,94,696914.12,7392.86,
2023-09,Home,Bancassurance,East,60,441579.6,49,366399.46,7359.66,
2023-09,Home,Bancassurance,North,133,512977.01,101,370113.49,3856.97,
2023-09,Home,Bancassurance,South,102,363257.7,70,252433.3,3561.35,
2023-09,Home,Bancassurance,West,94,250592.72,61,170137.54,2665.88,
2023-09,Home,Broker,East,56,504295.12,40,343170.4,9005.27,
2023-09,Home,Broker,North,106,563759.94,88,444686.0,5318.49,
2023-09,Home,Broker,South,100,258192.0,84,221612.16,2581.92,
2023-09,Home,Broker,West,85,777150.75,76,693662.64,9142.95,
2023-09,Home,Direct/Online,East,83,186584.0,70,161861.0,2248.0,
2023-09,Home,Direct/Online,North,134,367434.7,103,285188.46,2742.05,
2023-09,Home,Direct/Online,South,125,951466.25,97,771653.43,7611.73,
2023-09,Home,Direct/Online,West,123,1108763.82,102,943962.06,9014.34,
2023-09,Home,PoSP,East,30,91846.2,23,68095.41,3061.54,
2023-09,Home,PoSP,North,59,259242.46,44,202606.8,4393.94,
2023-09,Home,PoSP,South,59,277620.96,43,199962.9,4705.44,
2023-09,Home,PoSP,West,50,200854.0,33,136675.77,4017.08,
2023-09,Motor (Car),Agent,East,560,12884334.4,361,8282567.4,23007.74,
2023-09,Motor (Car),Agent,North,1038,26166775.92,864,22126875.84,25208.84,
2023-09,Motor (Car),Agent,South,924,23568569.64,635,16762539.5,25507.11,
2023-09,Motor (Car),Agent,West,718,13243194.08,557,10355047.75,18444.56,
2023-09,Motor (Car),Bancassurance,East,357,5726879.76,270,4368964.5,16041.68,
2023-09,Motor (Car),Bancassurance,North,634,8994906.7,548,7406559.76,14187.55,
2023-09,Motor (Car),Bancassurance,South,630,6092654.4,482,4756751.96,9670.88,
2023-09,Motor (Car),Bancassurance,West,566,11985180.18,427,9424287.11,21175.23,
2023-09,Motor (Car),Broker,East,340,3679089.0,279,3064678.29,10820.85,
2023-09,Motor (Car),Broker,North,600,13020594.0,407,8431888.19,21700.99,
2023-09,Motor (Car),Broker,South,521,9509328.47,416,7349409.6,18252.07,
2023-09,Motor (Car),Broker,West,554,7487947.1,485,6256708.55,13516.15,
2023-09,Motor (Car),Direct/Online,East,402,7288814.76,272,4894071.52,18131.38,
2023-09,Motor (Car),Direct/Online,North,749,9635360.7,598,7500163.84,12864.3,
2023-09,Motor (Car),Direct/Online,South,653,16232927.0,528,13266269.28,24859.0,
2023-09,Motor (Car),Direct/Online,West,738,10537857.72,576,8527749.12,14278.94,
2023-09,Motor (Car),PoSP,East,187,2057510.51,126,1337071.68,11002.73,
2023-09,Motor (Car),PoSP,North,351,4467773.7,275,3521223.75,12728.7,
2023-09,Motor (Car),PoSP,South,294,3850709.1,260,3521130.6,13097.65,
2023-09,Motor (Car),PoSP,West,285,3482936.55,223,2621175.45,12220.83,
2023-09,Motor (Two-Wheeler),Agent,East,901,3236148.73,689,2417136.02,3591.73,
2023-09,Motor (Two-Wheeler),Agent,North,1710,4314603.6,1197,3161193.21,2523.16,
2023-09,Motor (Two-Wheeler),Agent,South,1310,3398598.5,986,2541355.84,2594.35,
2023-09,Motor (Two-Wheeler),Agent,West,1348,3166061.08,949,2178040.41,2348.71,
2023-09,Motor (Two-Wheeler),Bancassurance,East,620,1963329.2,492,1589538.84,3166.66,
2023-09,Motor (Two-Wheeler),Bancassurance,North,1142,1787766.74,932,1471134.04,1565.47,
2023-09,Motor (Two-Wheeler),Bancassurance,South,1219,3628621.68,994,3071549.46,2976.72,
2023-09,Motor (Two-Wheeler),Bancassurance,West,1048,2444208.48,652,1475938.92,2332.26,
2023-09,Motor (Two-Wheeler),Broker,East,676,2408270.28,446,1644763.26,3562.53,
2023-09,Motor (Two-Wheeler),Broker,North,1081,3289320.85,754,2230324.46,3042.85,
2023-09,Motor (Two-Wheeler),Broker,South,1037,1618228.13,819,1279253.43,1560.49,
2023-09,Motor (Two-Wheeler),Broker,West,937,1956296.71,773,1533662.92,2087.83,
2023-09,Motor (Two-Wheeler),Direct/Online,East,731,1775547.83,592,1474968.0,2428.93,
2023-09,Motor (Two-Wheeler),Direct/Online,North,1301,3173542.31,976,2381176.48,2439.31,
2023-09,Motor (Two-Wheeler),Direct/Online,South,1182,3999911.64,913,3134465.95,3384.02,
2023-09,Motor (Two-Wheeler),Direct/Online,West,1086,3812218.38,839,3018596.15,3510.33,
2023-09,Motor (Two-Wheeler),PoSP,East,332,866247.76,232,633102.48,2609.18,
2023-09,Motor (Two-Wheeler),PoSP,North,572,1618468.28,373,1005343.17,2829.49,
2023-09,Motor (Two-Wheeler),PoSP,South,560,1220240.0,476,1054777.92,2179.0,
2023-09,Motor (Two-Wheeler),PoSP,West,544,1311404.48,389,903596.43,2410.67,
2023-09,SME/Commercial,Agent,East,43,2660877.84,30,1826623.8,61880.88,
2023-09,SME/Commercial,Agent,North,98,5196934.12,70,3704614.2,53029.94,
2023-09,SME/Commercial,Agent,South,70,9196527.2,55,7054944.05,131378.96,
2023-09,SME/Commercial,Agent,West,70,6625468.5,46,4155677.26,94649.55,
2023-09,SME/Commercial,Bancassurance,East,33,1572399.51,26,1229199.4,47648.47,
2023-09,SME/Commercial,Bancassurance,North,62,4896906.32,53,4165361.16,78982.36,
2023-09,SME/Commercial,Bancassurance,South,54,1807763.94,41,1396824.9,33477.11,
2023-09,SME/Commercial,Bancassurance,West,54,6559555.5,34,4222592.94,121473.25,
2023-09,SME/Commercial,Broker,East,29,3219539.98,20,2197981.2,111018.62,
2023-09,SME/Commercial,Broker,North,53,4989157.65,38,3740935.84,94135.05,
2023-09,SME/Commercial,Broker,South,54,5913349.92,40,4553884.0,109506.48,
2023-09,SME/Commercial,Broker,West,44,6503684.44,38,5896399.58,147811.01,
2023-09,SME/Commercial,Direct/Online,East,35,5357390.5,23,3629372.86,153068.3,
2023-09,SME/Commercial,Direct/Online,North,64,9387674.88,49,7306276.81,146682.42,
2023-09,SME/Commercial,Direct/Online,South,60,3448005.6,43,2461634.33,57466.76,
2023-09,SME/Commercial,Direct/Online,West,54,6779927.34,37,4764778.97,125554.21,
2023-09,SME/Commercial,PoSP,East,15,2215080.15,10,1489471.8,147672.01,
2023-09,SME/Commercial,PoSP,North,32,3879758.08,24,2926835.52,121242.44,
2023-09,SME/Commercial,PoSP,South,31,4770008.44,24,3783117.84,153871.24,
2023-09,SME/Commercial,PoSP,West,23,2173180.07,19,1780409.82,94486.09,
2023-09,Travel,Agent,East,286,260122.72,204,176521.2,909.52,
2023-09,Travel,Agent,North,528,1541020.8,435,1239671.7,2918.6,
2023-09,Travel,Agent,South,451,958523.83,369,750033.09,2125.33,
2023-09,Travel,Agent,West,525,1545957.0,377,1131878.41,2944.68,
2023-09,Travel,Bancassurance,East,214,463479.06,166,361803.64,2165.79,
2023-09,Travel,Bancassurance,North,383,524702.34,261,372300.84,1369.98,
2023-09,Travel,Bancassurance,South,350,1055145.0,263,798725.74,3014.7,
2023-09,Travel,Bancassurance,West,365,441011.25,269,326598.28,1208.25,
2023-09,Travel,Broker,East,215,524004.45,183,452859.12,2437.23,
2023-09,Travel,Broker,North,311,540832.11,276,494771.4,1739.01,
2023-09,Travel,Broker,South,308,450785.72,264,392824.08,1463.59,
2023-09,Travel,Broker,West,281,572973.05,221,447029.96,2039.05,
2023-09,Travel,Direct/Online,East,286,312978.38,209,224785.77,1094.33,
2023-09,Travel,Direct/Online,North,473,884212.01,336,599430.72,1869.37,
2023-09,Travel,Direct/Online,South,413,809174.38,353,687322.77,1959.26,
2023-09,Travel,Direct/Online,West,399,316103.76,259,203092.26,792.24,
2023-09,Travel,PoSP,East,111,261187.44,81,191549.61,2353.04,
2023-09,Travel,PoSP,North,226,337906.16,171,261151.2,1495.16,
2023-09,Travel,PoSP,South,174,486871.14,144,387584.64,2798.11,
2023-09,Travel,PoSP,West,144,409862.88,101,289669.01,2846.27,
2023-10,Crop,Agent,East,29,545390.53,21,405824.58,18806.57,
2023-10,Crop,Agent,North,59,1157512.15,38,712378.4,19618.85,
2023-10,Crop,Agent,South,56,305691.12,39,222516.45,5458.77,
2023-10,Crop,Agent,West,44,556149.0,35,446280.1,12639.75,
2023-10,Crop,Bancassurance,East,23,236405.5,19,203711.54,10278.5,
2023-10,Crop,Bancassurance,North,36,341167.68,27,243109.89,9476.88,
2023-10,Crop,Bancassurance,South,31,328849.55,24,263175.84,10608.05,
2023-10,Crop,Bancassurance,West,36,562013.64,30,477345.6,15611.49,
2023-10,Crop,Broker,East,21,161805.42,17,127645.01,7705.02,
2023-10,Crop,Broker,North,37,580526.67,31,462177.76,15689.91,
2023-10,Crop,Broker,South,35,576236.15,26,433436.9,16463.89,
2023-10,Crop,Broker,West,34,335417.82,29,288716.17,9865.23,
2023-10,Crop,Direct/Online,East,26,488266.74,20,385667.6,18779.49,
2023-10,Crop,Direct/Online,North,46,262940.6,34,199787.74,5716.1,
2023-10,Crop,Direct/Online,South,43,764380.47,36,636363.72,17776.29,
2023-10,Crop,Direct/Online,West,38,746066.54,31,630378.49,19633.33,
2023-10,Crop,PoSP,East,11,78864.39,8,59875.92,7169.49,
2023-10,Crop,PoSP,North,20,324871.8,17,288178.73,16243.59,
2023-10,Crop,PoSP,South,17,224294.43,11,150675.03,13193.79,
2023-10,Crop,PoSP,West,17,90469.07,12,66928.56,5321.71,
2023-10,Health (Group),Agent,East,62,4086449.76,49,3233688.85,65910.48,
2023-10,Health (Group),Agent,North,101,5571032.74,72,4098988.08,55158.74,
2023-10,Health (Group),Agent,South,101,6766483.89,87,5947286.94,66994.89,
2023-10,Health (Group),Agent,West,89,7637392.6,76,6238239.6,85813.4,
2023-10,Health (Group),Bancassurance,East,47,2383417.47,31,1544869.5,50711.01,
2023-10,Health (Group),Bancassurance,North,82,6712785.68,65,5527000.7,81863.24,
2023-10,Health (Group),Bancassurance,South,80,2682663.2,46,1611826.66,33533.29,
2023-10,Health (Group),Bancassurance,West,63,4549786.29,45,3212474.4,72218.83,
2023-10,Health (Group),Broker,East,44,3620374.12,28,2213214.64,82281.23,
2023-10,Health (Group),Broker,North,73,6260666.88,54,4708946.34,85762.56,
2023-10,Health (Group),Broker,South,64,3375324.8,50,2685712.0,52739.45,
2023-10,Health (Group),Broker,West,59,3167294.64,37,2066097.02,53682.96,
2023-10,Health (Group),Direct/Online,East,50,1348006.0,36,937612.08,26960.12,
2023-10,Health (Group),Direct/Online,North,94,8122207.24,79,7133232.32,86406.46,
2023-10,Health (Group),Direct/Online,South,88,4382096.4,54,2797307.46,49796.55,
2023-10,Health (Group),Direct/Online,West,82,5154689.74,60,3959439.6,62862.07,
2023-10,Health (Group),PoSP,East,23,1440554.4,18,1144760.04,62632.8,
2023-10,Health (Group),PoSP,North,43,3122735.68,32,2330456.96,72621.76,
2023-10,Health (Group),PoSP,South,37,1483281.16,31,1277099.25,40088.68,
2023-10,Health (Group),PoSP,West,31,1099759.72,22,770161.26,35476.12,
2023-10,Health (Retail),Agent,East,321,8998612.26,210,6023753.4,28033.06,
2023-10,Health (Retail),Agent,North,564,9117257.4,336,5703122.88,16165.35,
2023-10,Health (Retail),Agent,South,534,7966970.28,424,6219715.36,14919.42,
2023-10,Health (Retail),Agent,West,466,10657475.92,307,7347225.31,22870.12,
2023-10,Health (Retail),Bancassurance,East,190,2929819.0,127,1935548.58,15420.1,
2023-10,Health (Retail),Bancassurance,North,389,8335783.75,242,4971652.84,21428.75,
2023-10,Health (Retail),Bancassurance,South,359,4823875.82,275,3697941.5,13436.98,
2023-10,Health (Retail),Bancassurance,West,320,11353395.2,236,8399879.56,35479.36,
2023-10,Health (Retail),Broker,East,193,4043064.36,135,2786138.1,20948.52,
2023-10,Health (Retail),Broker,North,386,10452837.54,316,8595904.68,27079.89,
2023-10,Health (Retail),Broker,South,317,9160824.5,252,7552152.72,28898.5,
2023-10,Health (Retail),Broker,West,271,4420237.64,175,2934466.5,16310.84,
2023-10,Health (Retail),Direct/Online,East,248,4677823.12,180,3396177.0,18862.19,
2023-10,Health (Retail),Direct/Online,North,414,6883337.88,359,5776288.46,16626.42,
2023-10,Health (Retail),Direct/Online,South,466,9660576.1,343,7125883.31,20730.85,
2023-10,Health (Retail),Direct/Online,West,390,11921871.0,269,8029235.74,30568.9,
2023-10,Health (Retail),PoSP,East,103,3357005.87,82,2617286.66,32592.29,
2023-10,Health (Retail),PoSP,North,195,2928878.55,128,1955475.2,15019.89,
2023-10,Health (Retail),PoSP,South,194,3413777.26,158,2724447.72,17596.79,
2023-10,Health (Retail),PoSP,West,146,3325920.88,103,2237646.16,22780.28,
2023-10,Home,Agent,East,100,401432.0,67,265037.26,4014.32,
2023-10,Home,Agent,North,181,684710.33,143,523477.24,3782.93,
2023-10,Home,Agent,South,175,1161343.75,152,1046637.04,6636.25,
2023-10,Home,Agent,West,142,520573.42,110,396785.4,3666.01,
2023-10,Home,Bancassurance,East,56,247437.12,46,194509.16,4418.52,
2023-10,Home,Bancassurance,North,121,411233.02,98,319413.36,3398.62,
2023-10,Home,Bancassurance,South,126,807809.94,90,589629.6,6411.19,
2023-10,Home,Bancassurance,West,100,283157.0,71,196746.68,2831.57,
2023-10,Home,Broker,East,67,358102.27,51,267612.3,5344.81,
2023-10,Home,Broker,North,116,264524.08,80,186104.8,2280.38,
2023-10,Home,Broker,South,103,623560.97,73,448982.85,6053.99,
2023-10,Home,Broker,West,92,844673.16,62,549118.5,9181.23,
2023-10,Home,Direct/Online,East,77,550868.01,61,436616.65,7154.13,
2023-10,Home,Direct/Online,North,158,1112969.38,95,641630.95,7044.11,
2023-10,Home,Direct/Online,South,132,922813.32,91,659952.02,6991.01,
2023-10,Home,Direct/Online,West,111,531845.4,92,456088.16,4791.4,
2023-10,Home,PoSP,East,36,266505.84,27,192429.0,7402.94,
2023-10,Home,PoSP,North,60,427737.0,44,316222.28,7128.95,
2023-10,Home,PoSP,South,64,252357.76,54,207438.3,3943.09,
2023-10,Home,PoSP,West,48,104849.76,32,71257.28,2184.37,
2023-10,Motor (Car),Agent,East,586,5640836.0,491,4705714.54,9626.0,
2023-10,Motor (Car),Agent,North,1105,11361908.35,887,9000335.78,10282.27,
2023-10,Motor (Car),Agent,South,1004,22842325.28,688,16410341.12,22751.32,
2023-10,Motor (Car),Agent,West,906,21407584.08,662,15567803.84,23628.68,
2023-10,Motor (Car),Bancassurance,East,423,7100854.47,289,4874123.72,16786.89,
2023-10,Motor (Car),Bancassurance,North,790,12438779.1,574,8777097.14,15745.29,
2023-10,Motor (Car),Bancassurance,South,697,10149755.82,551,8346030.06,14562.06,
2023-10,Motor (Car),Bancassurance,West,631,14897354.72,431,10213006.17,23609.12,
2023-10,Motor (Car),Broker,East,447,11280340.02,346,8336420.2,25235.66,
2023-10,Motor (Car),Broker,North,622,13695469.68,423,9208388.52,22018.44,
2023-10,Motor (Car),Broker,South,595,9094997.45,443,6549808.16,15285.71,
2023-10,Motor (Car),Broker,West,582,8798210.4,526,7831792.84,15117.2,
2023-10,Motor (Car),Direct/Online,East,489,9651368.55,353,7119487.56,19736.95,
2023-10,Motor (Car),Direct/Online,North,924,17786491.8,704,14039505.92,19249.45,
2023-10,Motor (Car),Direct/Online,South,783,6739476.75,511,4511271.52,8607.25,
2023-10,Motor (Car),Direct/Online,West,780,8587316.4,539,6179451.74,11009.38,
2023-10,Motor (Car),PoSP,East,223,2388758.16,160,1710318.4,10711.92,
2023-10,Motor (Car),PoSP,North,341,5655566.84,239,3780286.9,16585.24,
2023-10,Motor (Car),PoSP,South,340,8473656.8,266,6552705.18,24922.52,
2023-10,Motor (Car),PoSP,West,320,7662387.2,253,5810585.22,23944.96,
2023-10,Motor (Two-Wheeler),Agent,East,1063,2341448.84,909,2009717.19,2202.68,
2023-10,Motor (Two-Wheeler),Agent,North,1795,3248106.35,1113,1965836.25,1809.53,
2023-10,Motor (Two-Wheeler),Agent,South,1710,3402660.6,1257,2600858.7,1989.86,
2023-10,Motor (Two-Wheeler),Agent,West,1565,3453282.05,1132,2376362.32,2206.57,
2023-10,Motor (Two-Wheeler),Bancassurance,East,833,1900606.12,549,1300229.64,2281.64,
2023-10,Motor (Two-Wheeler),Bancassurance,North,1194,2241699.18,896,1738150.4,1877.47,
2023-10,Motor (Two-Wheeler),Bancassurance,South,1187,3582935.76,808,2422868.8,3018.48,
2023-10,Motor (Two-Wheeler),Bancassurance,West,1187,3579149.23,831,2544264.39,3015.29,
2023-10,Motor (Two-Wheeler),Broker,East,739,2477460.55,541,1742149.84,3352.45,
2023-10,Motor (Two-Wheeler),Broker,North,1065,2907833.4,855,2396317.05,2730.36,
2023-10,Motor (Two-Wheeler),Broker,South,1171,2038453.38,918,1651665.6,1740.78,
2023-10,Motor (Two-Wheeler),Broker,West,909,1933588.44,643,1324914.36,2127.16,
2023-10,Motor (Two-Wheeler),Direct/Online,East,817,2872874.29,623,2159218.32,3516.37,
2023-10,Motor (Two-Wheeler),Direct/Online,North,1453,4589474.86,1145,3543637.6,3158.62,
2023-10,Motor (Two-Wheeler),Direct/Online,South,1349,3573865.23,1067,2726675.82,2649.27,
2023-10,Motor (Two-Wheeler),Direct/Online,West,1299,4535055.81,916,3290555.96,3491.19,
2023-10,Motor (Two-Wheeler),PoSP,East,353,1132056.88,234,749085.48,3206.96,
2023-10,Motor (Two-Wheeler),PoSP,North,645,1487163.6,495,1111631.4,2305.68,
2023-10,Motor (Two-Wheeler),PoSP,South,647,1557031.38,462,1116099.6,2406.54,
2023-10,Motor (Two-Wheeler),PoSP,West,604,980841.64,533,822568.24,1623.91,
2023-10,SME/Commercial,Agent,East,49,5005403.41,40,4271866.0,102151.09,
2023-10,SME/Commercial,Agent,North,86,12218265.96,57,8003769.0,142072.86,
2023-10,SME/Commercial,Agent,South,81,7828842.78,52,4927951.08,96652.38,
2023-10,SME/Commercial,Agent,West,68,6900706.64,55,5504526.5,101480.98,
2023-10,SME/Commercial,Bancassurance,East,34,2239745.92,27,1795924.44,65874.88,
2023-10,SME/Commercial,Bancassurance,North,60,5575749.6,41,3856906.08,92929.16,
2023-10,SME/Commercial,Bancassurance,South,57,2582134.2,37,1696713.44,45300.6,
2023-10,SME/Commercial,Bancassurance,West,52,7546406.92,39,5888645.88,145123.21,
2023-10,SME/Commercial,Broker,East,31,2178183.69,24,1744606.08,70263.99,
2023-10,SME/Commercial,Broker,North,50,1752463.5,33,1202946.69,35049.27,
2023-10,SME/Commercial,Broker,South,57,7892688.54,39,5361468.84,138468.22,
2023-10,SME/Commercial,Broker,West,43,1770138.0,32,1342716.8,41166.0,
2023-10,SME/Commercial,Direct/Online,East,42,820537.62,31,578974.91,19536.61,
2023-10,SME/Commercial,Direct/Online,North,72,1545998.4,46,991864.42,21472.2,
2023-10,SME/Commercial,Direct/Online,South,61,6439755.97,50,5515179.5,105569.77,
2023-10,SME/Commercial,Direct/Online,West,65,3697430.75,44,2542696.2,56883.55,
2023-10,SME/Commercial,PoSP,East,18,927315.9,14,696778.74,51517.55,
2023-10,SME/Commercial,PoSP,North,30,3024141.9,24,2501008.8,100804.73,
2023-10,SME/Commercial,PoSP,South,31,2030425.91,22,1504503.88,65497.61,
2023-10,SME/Commercial,PoSP,West,28,2419005.96,26,2143529.44,86393.07,
2023-10,Travel,Agent,East,380,760817.0,261,525306.87,2002.15,
2023-10,Travel,Agent,North,532,778842.68,339,491743.23,1463.99,
2023-10,Travel,Agent,South,556,640339.64,410,487785.2,1151.69,
2023-10,Travel,Agent,West,518,836772.02,398,640549.16,1615.39,
2023-10,Travel,Bancassurance,East,253,417214.71,197,335140.34,1649.07,
2023-10,Travel,Bancassurance,North,407,368888.52,309,275427.15,906.36,
2023-10,Travel,Bancassurance,South,454,1196153.8,344,900932.56,2634.7,
2023-10,Travel,Bancassurance,West,369,937477.71,276,711343.08,2540.59,
2023-10,Travel,Broker,East,215,353045.05,160,251086.4,1642.07,
2023-10,Travel,Broker,North,317,706900.49,239,529019.33,2229.97,
2023-10,Travel,Broker,South,400,487828.0,271,341438.32,1219.57,
2023-10,Travel,Broker,West,334,908610.26,228,605732.16,2720.39,
2023-10,Travel,Direct/Online,East,288,869702.4,231,694203.51,3019.8,
2023-10,Travel,Direct/Online,North,511,936341.07,425,812659.5,1832.37,
2023-10,Travel,Direct/Online,South,497,854760.48,372,669443.76,1719.84,
2023-10,Travel,Direct/Online,West,422,243164.84,314,184066.8,576.22,
2023-10,Travel,PoSP,East,103,202983.13,76,146100.12,1970.71,
2023-10,Travel,PoSP,North,229,596574.77,185,501362.95,2605.13,
2023-10,Travel,PoSP,South,187,300662.34,165,252768.45,1607.82,
2023-10,Travel,PoSP,West,183,393334.71,127,269624.81,2149.37,
2023-11,Crop,Agent,East,36,606027.96,28,484954.96,16834.11,
2023-11,Crop,Agent,North,59,762694.18,44,574491.72,12927.02,
2023-11,Crop,Agent,South,58,596297.42,39,386035.65,10280.99,
2023-11,Crop,Agent,West,49,909647.76,38,711536.32,18564.24,
2023-11,Crop,Bancassurance,East,26,436253.48,21,355581.87,16778.98,
2023-11,Crop,Bancassurance,North,40,398074.8,27,274912.92,9951.87,
2023-11,Crop,Bancassurance,South,38,581298.16,26,383704.88,15297.32,
2023-11,Crop,Bancassurance,West,35,708823.5,25,487842.5,20252.1,
2023-11,Crop,Broker,East,17,315385.36,15,290995.65,18552.08,
2023-11,Crop,Broker,North,35,691807.9,28,569633.12,19765.94,
2023-11,Crop,Broker,South,34,640650.78,24,458557.68,18842.67,
2023-11,Crop,Broker,West,31,613558.51,21,398603.52,19792.21,
2023-11,Crop,Direct/Online,East,29,460023.52,18,290079.36,15862.88,
2023-11,Crop,Direct/Online,North,51,763435.83,33,508712.82,14969.33,
2023-11,Crop,Direct/Online,South,41,298005.22,32,243248.32,7268.42,
2023-11,Crop,Direct/Online,West,40,699293.2,35,601528.55,17482.33,
2023-11,Crop,PoSP,East,11,47148.53,8,33968.24,4286.23,
2023-11,Crop,PoSP,North,23,292316.89,16,212638.88,12709.43,
2023-11,Crop,PoSP,South,21,141404.13,15,104570.7,6733.53,
2023-11,Crop,PoSP,West,19,275269.34,13,193502.79,14487.86,
2023-11,Health (Group),Agent,East,66,4312304.04,52,3508099.4,65337.94,
2023-11,Health (Group),Agent,North,119,6651932.21,91,5107159.33,55898.59,
2023-11,Health (Group),Agent,South,102,7818681.48,82,6287987.96,76653.74,
2023-11,Health (Group),Agent,West,93,6852879.84,73,5479060.99,73686.88,
2023-11,Health (Group),Bancassurance,East,41,1944298.72,32,1444973.44,47421.92,
2023-11,Health (Group),Bancassurance,North,82,6976546.06,64,5599758.72,85079.83,
2023-11,Health (Group),Bancassurance,South,73,5800942.81,62,5056963.66,79464.97,
2023-11,Health (Group),Bancassurance,West,65,4647648.85,42,3135803.58,71502.29,
2023-11,Health (Group),Broker,East,37,2585367.97,34,2387971.98,69874.81,
2023-11,Health (Group),Broker,North,71,4871284.44,48,3401187.84,68609.64,
2023-11,Health (Group),Broker,South,68,5669459.2,51,4158607.32,83374.4,
2023-11,Health (Group),Broker,West,57,2368087.23,46,1817042.78,41545.39,
2023-11,Health (Group),Direct/Online,East,55,1820802.5,40,1309104.4,33105.5,
2023-11,Health (Group),Direct/Online,North,90,3569660.1,65,2597796.5,39662.89,
2023-11,Health (Group),Direct/Online,South,81,6642255.15,59,4836585.18,82003.15,
2023-11,Health (Group),Direct/Online,West,72,4677591.6,55,3633573.9,64966.55,
2023-11,Health (Group),PoSP,East,23,1611109.06,19,1331405.62,70048.22,
2023-11,Health (Group),PoSP,North,44,1588511.32,37,1279548.8,36102.53,
2023-11,Health (Group),PoSP,South,42,3602707.08,34,3038745.58,85778.74,
2023-11,Health (Group),PoSP,West,34,2027108.9,27,1601411.31,59620.85,
2023-11,Health (Retail),Agent,East,351,7630982.19,260,5795220.6,21740.69,
2023-11,Health (Retail),Agent,North,610,21321915.6,455,16203287.1,34953.96,
2023-11,Health (Retail),Agent,South,507,14402501.1,357,9983704.92,28407.3,
2023-11,Health (Retail),Agent,West,417,12025275.03,287,8665657.91,28837.59,
2023-11,Health (Retail),Bancassurance,East,235,6077485.4,193,5156998.6,25861.64,
2023-11,Health (Retail),Bancassurance,North,376,10379111.52,238,6381010.86,27604.02,
2023-11,Health (Retail),Bancassurance,South,389,12477731.27,267,8764403.16,32076.43,
2023-11,Health (Retail),Bancassurance,West,329,8981269.01,228,5944482.12,27298.69,
2023-11,Health (Retail),Broker,East,204,5167375.08,130,3413763.6,25330.27,
2023-11,Health (Retail),Broker,North,351,6989112.0,221,4270612.84,19912.0,
2023-11,Health (Retail),Broker,South,319,10919966.53,245,8326925.25,34231.87,
2023-11,Health (Retail),Broker,West,263,7631889.17,209,6050119.46,29018.59,
2023-11,Health (Retail),Direct/Online,East,291,7710266.16,211,5370171.55,26495.76,
2023-11,Health (Retail),Direct/Online,North,428,6903143.52,346,5450499.94,16128.84,
2023-11,Health (Retail),Direct/Online,South,486,10905174.18,374,8242200.78,22438.63,
2023-11,Health (Retail),Direct/Online,West,412,9035374.24,364,7782975.2,21930.52,
2023-11,Health (Retail),PoSP,East,111,2654587.2,83,2080517.01,23915.2,
2023-11,Health (Retail),PoSP,North,209,6975151.37,179,5989143.1,33373.93,
2023-11,Health (Retail),PoSP,South,177,5032398.51,119,3272320.31,28431.63,
2023-11,Health (Retail),PoSP,West,183,5560808.19,122,3678264.62,30386.93,
2023-11,Home,Agent,East,105,967203.3,80,716457.6,9211.46,
2023-11,Home,Agent,North,199,1068267.82,130,709039.5,5368.18,
2023-11,Home,Agent,South,165,850431.45,118,580855.0,5154.13,
2023-11,Home,Agent,West,145,469916.0,102,335282.16,3240.8,
2023-11,Home,Bancassurance,East,66,289815.9,46,196897.48,4391.15,
2023-11,Home,Bancassurance,North,127,361469.94,95,267481.05,2846.22,
2023-11,Home,Bancassurance,South,111,240987.66,82,170147.54,2171.06,
2023-11,Home,Bancassurance,West,115,774004.05,85,599531.35,6730.47,
2023-11,Home,Broker,East,62,281964.22,42,198754.92,4547.81,
2023-11,Home,Broker,North,98,284053.0,79,233240.39,2898.5,
2023-11,Home,Broker,South,98,717510.92,81,575023.86,7321.54,
2023-11,Home,Broker,West,94,782098.8,73,577322.69,8320.2,
2023-11,Home,Direct/Online,East,82,170560.82,61,122314.76,2080.01,
2023-11,Home,Direct/Online,North,144,714379.68,124,585790.88,4960.97,
2023-11,Home,Direct/Online,South,141,925404.15,100,647231.0,6563.15,
2023-11,Home,Direct/Online,West,137,764838.12,108,575415.36,5582.76,
2023-11,Home,PoSP,East,35,91538.65,27,71948.79,2615.39,
2023-11,Home,PoSP,North,67,305061.05,49,222902.96,4553.15,
2023-11,Home,PoSP,South,56,288120.0,40,215928.0,5145.0,
2023-11,Home,PoSP,West,48,407905.44,33,294049.8,8498.03,
2023-11,Motor (Car),Agent,East,604,6898809.48,422,4916034.14,11421.87,
2023-11,Motor (Car),Agent,North,930,8750574.6,720,6466125.6,9409.22,
2023-11,Motor (Car),Agent,South,1013,9751370.99,737,7400696.05,9626.23,
2023-11,Motor (Car),Agent,West,838,10753157.34,648,8400069.36,12831.93,
2023-11,Motor (Car),Bancassurance,East,424,5435769.04,319,4132517.4,12820.21,
2023-11,Motor (Car),Bancassurance,North,690,16645422.0,580,13653774.2,24123.8,
2023-11,Motor (Car),Bancassurance,South,694,12487502.88,454,8024844.98,17993.52,
2023-11,Motor (Car),Bancassurance,West,667,8509132.44,452,5531458.48,12757.32,
2023-11,Motor (Car),Broker,East,361,6653710.13,311,5986790.43,18431.33,
2023-11,Motor (Car),Broker,North,606,7778422.08,566,6993914.84,12835.68,
2023-11,Motor (Car),Broker,South,640,11836806.4,451,8529266.9,18495.01,
2023-11,Motor (Car),Broker,West,469,7331422.07,391,6075526.13,15632.03,
2023-11,Motor (Car),Direct/Online,East,462,8811628.98,317,5819904.44,19072.79,
2023-11,Motor (Car),Direct/Online,North,828,14604727.68,598,11059107.02,17638.56,
2023-11,Motor (Car),Direct/Online,South,843,7098717.54,555,4902098.55,8420.78,
2023-11,Motor (Car),Direct/Online,West,687,17016467.88,509,12105816.77,24769.24,
2023-11,Motor (Car),PoSP,East,205,3685703.2,154,2735931.66,17979.04,
2023-11,Motor (Car),PoSP,North,363,6319590.42,275,4846894.25,17409.34,
2023-11,Motor (Car),PoSP,South,305,7189136.7,226,5244343.56,23570.94,
2023-11,Motor (Car),PoSP,West,315,6411062.7,287,5778607.24,20352.58,
2023-11,Motor (Two-Wheeler),Agent,East,1046,3741353.72,705,2471285.85,3576.82,
2023-11,Motor (Two-Wheeler),Agent,North,1757,5809397.51,1207,4152055.86,3306.43,
2023-11,Motor (Two-Wheeler),Agent,South,1739,4940203.37,1278,3522640.86,2840.83,
2023-11,Motor (Two-Wheeler),Agent,West,1339,3175826.81,967,2399233.37,2371.79,
2023-11,Motor (Two-Wheeler),Bancassurance,East,696,2456490.24,562,2071588.2,3529.44,
2023-11,Motor (Two-Wheeler),Bancassurance,North,1351,2676803.85,1050,2162328.0,1981.35,
2023-11,Motor (Two-Wheeler),Bancassurance,South,1327,4594219.97,1038,3547987.8,3462.11,
2023-11,Motor (Two-Wheeler),Bancassurance,West,1138,2127468.24,764,1364335.92,1869.48,
2023-11,Motor (Two-Wheeler),Broker,East,599,1898314.86,448,1386833.28,3169.14,
2023-11,Motor (Two-Wheeler),Broker,North,1064,3789074.24,882,3058370.28,3561.16,
2023-11,Motor (Two-Wheeler),Broker,South,998,3303689.38,792,2703555.36,3310.31,
2023-11,Motor (Two-Wheeler),Broker,West,951,2845791.42,667,2026992.99,2992.42,
2023-11,Motor (Two-Wheeler),Direct/Online,East,855,2659622.85,631,1943025.68,3110.67,
2023-11,Motor (Two-Wheeler),Direct/Online,North,1700,5058690.0,1338,3812470.44,2975.7,
2023-11,Motor (Two-Wheeler),Direct/Online,South,1436,4081700.76,1117,3140657.73,2842.41,
2023-11,Motor (Two-Wheeler),Direct/Online,West,1206,2800898.82,821,1964267.13,2322.47,
2023-11,Motor (Two-Wheeler),PoSP,East,402,692392.74,317,555051.15,1722.37,
2023-11,Motor (Two-Wheeler),PoSP,North,637,1169410.97,539,1008086.31,1835.81,
2023-11,Motor (Two-Wheeler),PoSP,South,667,2090704.83,471,1486297.02,3134.49,
2023-11,Motor (Two-Wheeler),PoSP,West,502,1747025.26,374,1281956.06,3480.13,
2023-11,SME/Commercial,Agent,East,58,4765434.28,43,3370075.98,82162.66,
2023-11,SME/Commercial,Agent,North,87,10967011.2,66,8202081.36,126057.6,
2023-11,SME/Commercial,Agent,South,86,2686955.62,60,1820257.2,31243.67,
2023-11,SME/Commercial,Agent,West,71,4568364.36,56,3706622.08,64343.16,
2023-11,SME/Commercial,Bancassurance,East,41,3879982.52,31,3038256.99,94633.72,
2023-11,SME/Commercial,Bancassurance,North,74,9024429.5,54,6476841.54,121951.75,
2023-11,SME/Commercial,Bancassurance,South,60,6282256.2,38,3847527.74,104704.27,
2023-11,SME/Commercial,Bancassurance,West,51,4670106.21,39,3674476.26,91570.71,
2023-11,SME/Commercial,Broker,East,32,2757902.08,26,2209248.34,86184.44,
2023-11,SME/Commercial,Broker,North,50,802421.0,31,475417.86,16048.42,
2023-11,SME/Commercial,Broker,South,51,1072314.78,37,795687.59,21025.78,
2023-11,SME/Commercial,Broker,West,46,3043577.12,31,2026162.17,66164.72,
2023-11,SME/Commercial,Direct/Online,East,48,2392537.92,32,1556194.24,49844.54,
2023-11,SME/Commercial,Direct/Online,North,69,2294904.81,56,1894617.76,33259.49,
2023-11,SME/Commercial,Direct/Online,South,71,7970621.17,44,5076304.2,112262.27,
2023-11,SME/Commercial,Direct/Online,West,63,8228017.98,50,6211128.0,130603.46,
2023-11,SME/Commercial,PoSP,East,19,1350700.88,15,1118008.35,71089.52,
2023-11,SME/Commercial,PoSP,North,37,1282006.34,26,870787.58,34648.82,
2023-11,SME/Commercial,PoSP,South,29,1230285.56,21,870398.55,42423.64,
2023-11,SME/Commercial,PoSP,West,26,689703.56,17,459042.84,26527.06,
2023-11,Travel,Agent,East,381,356196.9,284,259652.68,934.9,
2023-11,Travel,Agent,North,665,1037858.85,593,927961.98,1560.69,
2023-11,Travel,Agent,South,659,1896845.83,500,1369855.0,2878.37,
2023-11,Travel,Agent,West,594,675502.74,463,515369.93,1137.21,
2023-11,Travel,Bancassurance,East,275,365211.0,245,325509.45,1328.04,
2023-11,Travel,Bancassurance,North,496,508494.24,390,389056.2,1025.19,
2023-11,Travel,Bancassurance,South,527,1563993.71,353,1014359.62,2967.73,
2023-11,Travel,Bancassurance,West,372,721709.76,311,609914.54,1940.08,
2023-11,Travel,Broker,East,280,844499.6,204,635829.24,3016.07,
2023-11,Travel,Broker,North,418,756488.04,354,644648.16,1809.78,
2023-11,Travel,Broker,South,381,357057.96,297,281606.49,937.16,
2023-11,Travel,Broker,West,378,873739.44,299,700951.68,2311.48,
2023-11,Travel,Direct/Online,East,345,915178.05,259,710281.6,2652.69,
2023-11,Travel,Direct/Online,North,566,901349.34,379,587362.83,1592.49,
2023-11,Travel,Direct/Online,South,565,947595.4,379,605081.08,1677.16,
2023-11,Travel,Direct/Online,West,478,325250.32,368,243064.0,680.44,
2023-11,Travel,PoSP,East,159,183594.12,112,134471.68,1154.68,
2023-11,Travel,PoSP,North,255,658129.5,204,507843.72,2580.9,
2023-11,Travel,PoSP,South,247,597833.86,154,363190.52,2420.38,
2023-11,Travel,PoSP,West,221,510521.05,179,431846.45,2310.05,
2023-12,Crop,Agent,East,23,328127.89,15,212665.05,14266.43,
2023-12,Crop,Agent,North,46,702677.6,32,510512.32,15275.6,
2023-12,Crop,Agent,South,40,496601.6,31,401916.55,12415.04,
2023-12,Crop,Agent,West,36,489630.6,28,389677.96,13600.85,
2023-12,Crop,Bancassurance,East,17,254609.85,13,193253.71,14977.05,
2023-12,Crop,Bancassurance,North,30,146645.4,27,131039.1,4888.18,
2023-12,Crop,Bancassurance,South,28,185861.76,20,136753.8,6637.92,
2023-12,Crop,Bancassurance,West,24,468460.08,18,360462.96,19519.17,
2023-12,Crop,Broker,East,17,149237.56,13,114935.6,8778.68,
2023-12,Crop,Broker,North,24,388951.2,18,283683.6,16206.3,
2023-12,Crop,Broker,South,22,436438.2,17,353054.3,19838.1,
2023-12,Crop,Broker,West,24,332813.76,16,214022.08,13867.24,
2023-12,Crop,Direct/Online,East,22,106210.5,18,86841.36,4827.75,
2023-12,Crop,Direct/Online,North,31,131111.4,23,100288.74,4229.4,
2023-12,Crop,Direct/Online,South,37,327688.65,28,238978.6,8856.45,
2023-12,Crop,Direct/Online,West,31,285376.08,25,230816.5,9205.68,
2023-12,Crop,PoSP,East,9,91758.24,6,62398.92,10195.36,
2023-12,Crop,PoSP,North,15,267300.15,9,167850.45,17820.01,
2023-12,Crop,PoSP,South,15,276819.9,10,192443.3,18454.66,
2023-12,Crop,PoSP,West,13,133445.0,10,107350.0,10265.0,
2023-12,Health (Group),Agent,East,60,4567325.4,51,3740477.19,76122.09,
2023-12,Health (Group),Agent,North,115,6847029.85,74,4382539.0,59539.39,
2023-12,Health (Group),Agent,South,91,2537299.31,75,2073699.75,27882.41,
2023-12,Health (Group),Agent,West,92,2423632.36,78,2156083.8,26343.83,
2023-12,Health (Group),Bancassurance,East,54,4414327.2,36,3003191.64,81746.8,
2023-12,Health (Group),Bancassurance,North,88,7978798.08,65,5615827.1,90668.16,
2023-12,Health (Group),Bancassurance,South,79,4038108.7,64,3227043.84,51115.3,
2023-12,Health (Group),Bancassurance,West,73,5951684.16,49,4154769.29,81529.92,
2023-12,Health (Group),Broker,East,41,2140785.07,26,1370760.82,52214.27,
2023-12,Health (Group),Broker,North,77,2836911.77,60,2173800.6,36843.01,
2023-12,Health (Group),Broker,South,65,1899304.55,57,1711358.31,29220.07,
2023-12,Health (Group),Broker,West,63,2124906.21,47,1614301.95,33728.67,
2023-12,Health (Group),Direct/Online,East,58,4078813.46,42,2959583.34,70324.37,
2023-12,Health (Group),Direct/Online,North,99,2807005.41,69,1937014.92,28353.59,
2023-12,Health (Group),Direct/Online,South,86,6595729.58,69,5349133.92,76694.53,
2023-12,Health (Group),Direct/Online,West,86,5048813.18,59,3375493.84,58707.13,
2023-12,Health (Group),PoSP,East,24,2032864.32,16,1412370.08,84702.68,
2023-12,Health (Group),PoSP,North,43,2359858.49,37,2072324.86,54880.43,
2023-12,Health (Group),PoSP,South,37,1334794.98,30,1120458.3,36075.54,
2023-12,Health (Group),PoSP,West,38,2523269.92,26,1648136.88,66401.84,
2023-12,Health (Retail),Agent,East,362,11504092.12,252,7900089.12,31779.26,
2023-12,Health (Retail),Agent,North,594,15272120.16,487,12546366.72,25710.64,
2023-12,Health (Retail),Agent,South,589,17390484.16,483,13835129.28,29525.44,
2023-12,Health (Retail),Agent,West,447,10617541.83,356,8164528.92,23752.89,
2023-12,Health (Retail),Bancassurance,East,212,4495932.76,134,2799178.26,21207.23,
2023-12,Health (Retail),Bancassurance,North,423,8445372.66,277,5775959.68,19965.42,
2023-12,Health (Retail),Bancassurance,South,355,10136173.0,253,7034859.81,28552.6,
2023-12,Health (Retail),Bancassurance,West,351,12503332.53,250,8871272.5,35622.03,
2023-12,Health (Retail),Broker,East,221,4233924.63,163,3195890.47,19158.03,
2023-12,Health (Retail),Broker,North,401,10902363.94,298,8474714.72,27187.94,
2023-12,Health (Retail),Broker,South,312,6475223.04,270,5467502.7,20753.92,
2023-12,Health (Retail),Broker,West,325,8593591.5,200,5286244.0,26441.82,
2023-12,Health (Retail),Direct/Online,East,292,9340779.24,212,6891634.52,31988.97,
2023-12,Health (Retail),Direct/Online,North,556,16038409.36,355,10206264.2,28846.06,
2023-12,Health (Retail),Direct/Online,South,521,7939373.12,358,5233465.96,15238.72,
2023-12,Health (Retail),Direct/Online,West,420,7453761.0,299,5286003.06,17747.05,
2023-12,Health (Retail),PoSP,East,105,2064946.8,67,1255014.52,19666.16,
2023-12,Health (Retail),PoSP,North,183,3280562.31,142,2638697.96,17926.57,
2023-12,Health (Retail),PoSP,South,216,5665092.48,166,4402573.98,26227.28,
2023-12,Health (Retail),PoSP,West,185,6282453.85,172,5838280.28,33959.21,
2023-12,Home,Agent,East,85,574662.9,66,434907.66,6760.74,
2023-12,Home,Agent,North,162,1121046.48,123,853306.35,6920.04,
2023-12,Home,Agent,South,170,1227782.5,123,855172.26,7222.25,
2023-12,Home,Agent,West,132,658377.72,104,543405.2,4987.71,
2023-12,Home,Bancassurance,East,71,276305.02,60,234259.2,3891.62,
2023-12,Home,Bancassurance,North,119,1065580.74,90,822896.1,8954.46,
2023-12,Home,Bancassurance,South,109,655209.9,90,532769.4,6011.1,
2023-12,Home,Bancassurance,West,102,362878.26,63,234740.52,3557.63,
2023-12,Home,Broker,East,55,196301.05,45,164977.2,3569.11,
2023-12,Home,Broker,North,103,239166.0,83,194736.26,2322.0,
2023-12,Home,Broker,South,97,298310.89,75,238353.75,3075.37,
2023-12,Home,Broker,West,86,352666.22,70,277797.8,4100.77,
2023-12,Home,Direct/Online,East,96,208032.96,79,172098.34,2167.01,
2023-12,Home,Direct/Online,North,162,538121.88,118,391621.94,3321.74,
2023-12,Home,Direct/Online,South,144,798343.2,110,629224.2,5544.05,
2023-12,Home,Direct/Online,West,129,961394.43,106,818685.7,7452.67,
2023-12,Home,PoSP,East,33,91644.96,22,60270.98,2777.12,
2023-12,Home,PoSP,North,62,139899.9,43,101642.54,2256.45,
2023-12,Home,PoSP,South,69,243845.31,55,189041.05,3533.99,
2023-12,Home,PoSP,West,49,296164.33,42,259423.08,6044.17,
2023-12,Motor (Car),Agent,East,526,8132996.22,398,5990556.7,15461.97,
2023-12,Motor (Car),Agent,North,779,9739572.14,570,6894930.9,12502.66,
2023-12,Motor (Car),Agent,South,784,18956210.56,658,16621863.02,24178.84,
2023-12,Motor (Car),Agent,West,654,11194328.34,491,8346572.83,17116.71,
2023-12,Motor (Car),Bancassurance,East,361,7595028.46,274,5646545.42,21038.86,
2023-12,Motor (Car),Bancassurance,North,659,7994704.63,405,5126332.05,12131.57,
2023-12,Motor (Car),Bancassurance,South,563,5352981.48,446,4323399.12,9507.96,
2023-12,Motor (Car),Bancassurance,West,504,7107443.28,409,5694008.02,14102.07,
2023-12,Motor (Car),Broker,East,291,6252783.93,246,5206887.66,21487.23,
2023-12,Motor (Car),Broker,North,527,9342081.57,356,6466889.52,17726.91,
2023-12,Motor (Car),Broker,South,479,10279689.67,300,6399783.0,21460.73,
2023-12,Motor (Car),Broker,West,517,6849831.23,367,5012959.43,13249.19,
2023-12,Motor (Car),Direct/Online,East,328,2996227.52,255,2221315.2,9134.84,
2023-12,Motor (Car),Direct/Online,North,750,10241355.0,643,8492261.75,13655.14,
2023-12,Motor (Car),Direct/Online,South,614,12902884.58,511,10227971.6,21014.47,
2023-12,Motor (Car),Direct/Online,West,632,13108337.28,564,11573477.4,20741.04,
2023-12,Motor (Car),PoSP,East,176,2450064.32,141,2034668.07,13920.82,
2023-12,Motor (Car),PoSP,North,340,6717366.4,197,3792393.81,19756.96,
2023-12,Motor (Car),PoSP,South,289,5993961.15,230,4611626.5,20740.35,
2023-12,Motor (Car),PoSP,West,259,5924417.8,183,4009403.73,22874.2,
2023-12,Motor (Two-Wheeler),Agent,East,938,2523810.94,727,1946062.68,2690.63,
2023-12,Motor (Two-Wheeler),Agent,North,1701,4281536.07,1412,3686901.44,2517.07,
2023-12,Motor (Two-Wheeler),Agent,South,1575,4045608.0,1042,2731509.22,2568.64,
2023-12,Motor (Two-Wheeler),Agent,West,1344,4568941.44,1008,3544773.12,3399.51,
2023-12,Motor (Two-Wheeler),Bancassurance,East,614,1474944.66,535,1232377.85,2402.19,
2023-12,Motor (Two-Wheeler),Bancassurance,North,1089,2959139.7,813,2123214.54,2717.3,
2023-12,Motor (Two-Wheeler),Bancassurance,South,994,2297422.26,722,1596248.14,2311.29,
2023-12,Motor (Two-Wheeler),Bancassurance,West,830,2873061.6,713,2573751.75,3461.52,
2023-12,Motor (Two-Wheeler),Broker,East,535,1749139.7,324,1041967.8,3269.42,
2023-12,Motor (Two-Wheeler),Broker,North,901,2133072.45,731,1696563.28,2367.45,
2023-12,Motor (Two-Wheeler),Broker,South,1004,3452424.68,816,2812694.88,3438.67,
2023-12,Motor (Two-Wheeler),Broker,West,816,1942585.92,701,1633575.35,2380.62,
2023-12,Motor (Two-Wheeler),Direct/Online,East,760,2720754.4,502,1865788.42,3579.94,
2023-12,Motor (Two-Wheeler),Direct/Online,North,1325,4584380.75,1051,3648178.65,3459.91,
2023-12,Motor (Two-Wheeler),Direct/Online,South,1281,3688063.05,957,2823743.34,2879.05,
2023-12,Motor (Two-Wheeler),Direct/Online,West,1105,2041962.65,786,1515423.72,1847.93,
2023-12,Motor (Two-Wheeler),PoSP,East,287,800988.3,212,574880.4,2790.9,
2023-12,Motor (Two-Wheeler),PoSP,North,544,1967974.4,383,1435005.25,3617.6,
2023-12,Motor (Two-Wheeler),PoSP,South,530,1349517.8,469,1206511.88,2546.26,
2023-12,Motor (Two-Wheeler),PoSP,West,473,1386566.39,410,1156999.5,2931.43,
2023-12,SME/Commercial,Agent,East,45,3447001.8,33,2445873.54,76600.04,
2023-12,SME/Commercial,Agent,North,94,9834848.7,69,7276479.18,104626.05,
2023-12,SME/Commercial,Agent,South,80,7629814.4,50,4565129.5,95372.68,
2023-12,SME/Commercial,Agent,West,74,10310921.72,54,7251424.56,139336.78,
2023-12,SME/Commercial,Bancassurance,East,36,1139353.92,27,824274.09,31648.72,
2023-12,SME/Commercial,Bancassurance,North,70,10433131.8,53,7976607.06,149044.74,
2023-12,SME/Commercial,Bancassurance,South,57,6266345.73,45,4772848.5,109935.89,
2023-12,SME/Commercial,Bancassurance,West,51,3386345.94,39,2634756.54,66398.94,
2023-12,SME/Commercial,Broker,East,32,3359276.48,26,2843314.76,104977.39,
2023-12,SME/Commercial,Broker,North,51,5271721.08,33,3269824.8,103367.08,
2023-12,SME/Commercial,Broker,South,45,3904836.75,28,2371927.04,86774.15,
2023-12,SME/Commercial,Broker,West,37,5014997.02,24,3119147.76,135540.46,
2023-12,SME/Commercial,Direct/Online,East,40,5922232.8,31,4397933.73,148055.82,
2023-12,SME/Commercial,Direct/Online,North,84,5511644.88,71,4774462.45,65614.82,
2023-12,SME/Commercial,Direct/Online,South,67,7071476.14,48,5271145.92,105544.42,
2023-12,SME/Commercial,Direct/Online,West,60,1578421.2,41,1047542.62,26307.02,
2023-12,SME/Commercial,PoSP,East,16,1714139.68,11,1125698.2,107133.73,
2023-12,SME/Commercial,PoSP,North,30,1054958.1,20,714081.8,35165.27,
2023-12,SME/Commercial,PoSP,South,28,1398363.4,22,1113251.48,49941.55,
2023-12,SME/Commercial,PoSP,West,25,895589.5,23,788808.0,35823.58,
2023-12,Travel,Agent,East,445,971519.55,303,645235.47,2183.19,
2023-12,Travel,Agent,North,889,679231.56,657,489169.35,764.04,
2023-12,Travel,Agent,South,741,409743.36,501,288891.63,552.96,
2023-12,Travel,Agent,West,797,767766.04,673,637741.53,963.32,
2023-12,Travel,Bancassurance,East,321,185294.04,257,146081.37,577.24,
2023-12,Travel,Bancassurance,North,567,752391.99,374,512967.18,1326.97,
2023-12,Travel,Bancassurance,South,608,1308184.96,455,1011637.9,2151.62,
2023-12,Travel,Bancassurance,West,443,1017238.75,287,668824.8,2296.25,
2023-12,Travel,Broker,East,288,597957.12,228,467628.0,2076.24,
2023-12,Travel,Broker,North,557,426550.6,448,330579.2,765.8,
2023-12,Travel,Broker,South,524,909569.68,390,647146.5,1735.82,
2023-12,Travel,Broker,West,425,943542.5,335,747321.35,2220.1,
2023-12,Travel,Direct/Online,East,402,291212.82,287,212133.18,724.41,
2023-12,Travel,Direct/Online,North,779,2272880.51,600,1746480.0,2917.69,
2023-12,Travel,Direct/Online,South,722,1287196.04,510,914741.1,1782.82,
2023-12,Travel,Direct/Online,West,578,539106.38,461,448640.59,932.71,
2023-12,Travel,PoSP,East,183,460420.68,164,420753.48,2515.96,
2023-12,Travel,PoSP,North,337,235697.8,227,160838.58,699.4,
2023-12,Travel,PoSP,South,297,741228.84,197,507221.81,2495.72,
2023-12,Travel,PoSP,West,284,569400.12,209,405399.39,2004.93,
2024-01,Crop,Agent,East,22,308463.76,15,216304.8,14021.08,
2024-01,Crop,Agent,North,38,326610.38,34,280060.72,8595.01,
2024-01,Crop,Agent,South,35,557989.6,22,348063.98,15942.56,
2024-01,Crop,Agent,West,34,473264.7,22,299580.38,13919.55,
2024-01,Crop,Bancassurance,East,17,128439.93,14,102596.76,7555.29,
2024-01,Crop,Bancassurance,North,25,242459.25,21,197036.28,9698.37,
2024-01,Crop,Bancassurance,South,24,340477.2,21,283504.2,14186.55,
2024-01,Crop,Bancassurance,West,23,175533.7,15,117539.1,7631.9,
2024-01,Crop,Broker,East,12,153020.52,7,85546.93,12751.71,
2024-01,Crop,Broker,North,29,243127.3,22,192056.26,8383.7,
2024-01,Crop,Broker,South,23,242955.67,16,177283.04,10563.29,
2024-01,Crop,Broker,West,19,151610.31,14,114953.44,7979.49,
2024-01,Crop,Direct/Online,East,16,109303.68,11,76437.68,6831.48,
2024-01,Crop,Direct/Online,North,34,494813.22,27,388873.17,14553.33,
2024-01,Crop,Direct/Online,South,30,520543.8,24,416683.2,17351.46,
2024-01,Crop,Direct/Online,West,26,203848.84,19,143453.99,7840.34,
2024-01,Crop,PoSP,East,8,61937.52,6,44452.92,7742.19,
2024-01,Crop,PoSP,North,15,152262.0,10,100835.8,10150.8,
2024-01,Crop,PoSP,South,12,227566.08,10,195246.9,18963.84,
2024-01,Crop,PoSP,West,10,143710.2,7,105124.88,14371.02,
2024-01,Health (Group),Agent,East,79,5926206.33,55,4048200.75,75015.27,
2024-01,Health (Group),Agent,North,144,6848046.72,114,5174116.86,47555.88,
2024-01,Health (Group),Agent,South,131,11688195.97,89,8172966.12,89222.87,
2024-01,Health (Group),Agent,West,100,4050509.0,67,2622094.58,40505.09,
2024-01,Health (Group),Bancassurance,East,50,4286750.0,37,3035895.51,85735.0,
2024-01,Health (Group),Bancassurance,North,102,2660783.22,63,1629069.12,26086.11,
2024-01,Health (Group),Bancassurance,South,83,3128754.72,54,2083627.8,37695.84,
2024-01,Health (Group),Bancassurance,West,86,7609501.02,61,5246678.32,88482.57,
2024-01,Health (Group),Broker,East,48,2988116.64,29,1833971.89,62252.43,
2024-01,Health (Group),Broker,North,86,6017494.82,66,4722445.2,69970.87,
2024-01,Health (Group),Broker,South,83,7765804.53,71,6724274.39,93563.91,
2024-01,Health (Group),Broker,West,64,3702956.16,51,3087159.54,57858.69,
2024-01,Health (Group),Direct/Online,East,55,3218015.35,46,2611413.56,58509.37,
2024-01,Health (Group),Direct/Online,North,132,6420053.64,98,4704205.8,48636.77,
2024-01,Health (Group),Direct/Online,South,108,5406704.64,75,3629005.5,50062.08,
2024-01,Health (Group),Direct/Online,West,95,4421000.75,66,3218660.28,46536.85,
2024-01,Health (Group),PoSP,East,31,1886146.02,22,1399761.44,60843.42,
2024-01,Health (Group),PoSP,North,48,2950748.64,41,2596084.33,61473.93,
2024-01,Health (Group),PoSP,South,46,3514425.76,34,2654269.84,76400.56,
2024-01,Health (Group),PoSP,West,41,3308893.52,33,2573368.38,80704.72,
2024-01,Health (Retail),Agent,East,335,11322862.65,238,8120567.14,33799.59,
2024-01,Health (Retail),Agent,North,725,23944611.25,483,16574405.82,33027.05,
2024-01,Health (Retail),Agent,South,645,13092139.05,420,8450836.8,20297.89,
2024-01,Health (Retail),Agent,West,600,8861664.0,517,7279639.18,14769.44,
2024-01,Health (Retail),Bancassurance,East,300,6151815.0,213,4211900.34,20506.05,
2024-01,Health (Retail),Bancassurance,North,485,12420326.2,337,8901477.56,25608.92,
2024-01,Health (Retail),Bancassurance,South,390,11213970.3,265,7341117.45,28753.77,
2024-01,Health (Retail),Bancassurance,West,372,4780412.04,224,2913178.24,12850.57,
2024-01,Health (Retail),Broker,East,241,7078256.76,183,5528689.86,29370.36,
2024-01,Health (Retail),Broker,North,460,11336396.4,298,7343536.52,24644.34,
2024-01,Health (Retail),Broker,South,420,14059348.8,301,9846917.01,33474.64,
2024-01,Health (Retail),Broker,West,329,6535130.98,225,4353590.25,19863.62,
2024-01,Health (Retail),Direct/Online,East,356,12285367.76,233,8211602.69,34509.46,
2024-01,Health (Retail),Direct/Online,North,624,21446830.08,476,15559397.56,34369.92,
2024-01,Health (Retail),Direct/Online,South,539,13739034.54,445,11679527.85,25489.86,
2024-01,Health (Retail),Direct/Online,West,491,13164662.54,378,10426487.4,26811.94,
2024-01,Health (Retail),PoSP,East,134,2075747.1,93,1510652.94,15490.65,
2024-01,Health (Retail),PoSP,North,242,6106628.0,210,5555841.9,25234.0,
2024-01,Health (Retail),PoSP,South,214,5959168.12,150,4319194.5,27846.58,
2024-01,Health (Retail),PoSP,West,219,5915965.26,200,5572484.0,27013.54,
2024-01,Home,Agent,East,98,715877.26,82,613350.98,7304.87,
2024-01,Home,Agent,North,162,829182.42,100,522284.0,5118.41,
2024-01,Home,Agent,South,166,1183385.78,113,821545.03,7128.83,
2024-01,Home,Agent,West,119,886871.3,77,565888.4,7452.7,
2024-01,Home,Bancassurance,East,64,246496.64,47,180534.52,3851.51,
2024-01,Home,Bancassurance,North,117,512357.04,91,413969.92,4379.12,
2024-01,Home,Bancassurance,South,111,534627.06,98,494028.78,4816.46,
2024-01,Home,Bancassurance,West,101,791282.48,68,551484.76,7834.48,
2024-01,Home,Broker,East,64,290439.68,47,203637.37,4538.12,
2024-01,Home,Broker,North,102,778450.74,72,564960.24,7631.87,
2024-01,Home,Broker,South,102,479090.94,78,348168.6,4696.97,
2024-01,Home,Broker,West,84,197661.24,67,165260.19,2353.11,
2024-01,Home,Direct/Online,East,82,629853.48,63,493670.52,7681.14,
2024-01,Home,Direct/Online,North,146,429967.08,95,265796.7,2944.98,
2024-01,Home,Direct/Online,South,128,358584.32,100,288802.0,2801.44,
2024-01,Home,Direct/Online,West,125,725500.0,86,492080.82,5804.0,
2024-01,Home,PoSP,East,36,325281.24,25,234707.0,9035.59,
2024-01,Home,PoSP,North,55,256205.4,38,181336.76,4658.28,
2024-01,Home,PoSP,South,62,149867.02,52,130021.32,2417.21,
2024-01,Home,PoSP,West,49,279930.14,35,205031.75,5712.86,
2024-01,Motor (Car),Agent,East,488,4075039.12,367,2937823.99,8350.49,
2024-01,Motor (Car),Agent,North,804,11053560.84,547,7839237.51,13748.21,
2024-01,Motor (Car),Agent,South,793,15186782.65,656,13014731.68,19151.05,
2024-01,Motor (Car),Agent,West,716,6057753.8,600,5067204.0,8460.55,
2024-01,Motor (Car),Bancassurance,East,334,6345428.86,222,4038999.18,18998.29,
2024-01,Motor (Car),Bancassurance,North,556,12524211.36,464,10863905.76,22525.56,
2024-01,Motor (Car),Bancassurance,South,577,6159930.83,490,5137463.8,10675.79,
2024-01,Motor (Car),Bancassurance,West,538,12870584.76,395,9252989.55,23923.02,
2024-01,Motor (Car),Broker,East,297,2875197.6,225,2108571.75,9680.8,
2024-01,Motor (Car),Broker,North,440,8373697.2,389,7218552.41,19031.13,
2024-01,Motor (Car),Broker,South,510,12717910.8,361,9446398.91,24937.08,
2024-01,Motor (Car),Broker,West,342,6833221.56,258,5194164.36,19980.18,
2024-01,Motor (Car),Direct/Online,East,415,7486126.9,319,5711098.47,18038.86,
2024-01,Motor (Car),Direct/Online,North,720,7783884.0,510,5713841.1,10810.95,
2024-01,Motor (Car),Direct/Online,South,737,8115571.31,525,5917437.75,11011.63,
2024-01,Motor (Car),Direct/Online,West,572,6986739.76,428,5477676.68,12214.58,
2024-01,Motor (Car),PoSP,East,176,1799276.16,116,1208813.96,10223.16,
2024-01,Motor (Car),PoSP,North,282,4993706.76,191,3447689.43,17708.18,
2024-01,Motor (Car),PoSP,South,297,4434515.91,228,3419459.64,14931.03,
2024-01,Motor (Car),PoSP,West,258,2972348.34,190,2128457.9,11520.73,
2024-01,Motor (Two-Wheeler),Agent,East,787,1513338.04,515,980359.15,1922.92,
2024-01,Motor (Two-Wheeler),Agent,North,1350,4544748.0,984,3292995.36,3366.48,
2024-01,Motor (Two-Wheeler),Agent,South,1369,3020917.54,997,2102244.29,2206.66,
2024-01,Motor (Two-Wheeler),Agent,West,1207,3940987.77,981,3186660.78,3265.11,
2024-01,Motor (Two-Wheeler),Bancassurance,East,614,1740229.5,463,1266740.22,2834.25,
2024-01,Motor (Two-Wheeler),Bancassurance,North,991,2349482.62,736,1702014.72,2370.82,
2024-01,Motor (Two-Wheeler),Bancassurance,South,1025,2367350.25,741,1642115.28,2309.61,
2024-01,Motor (Two-Wheeler),Bancassurance,West,859,1447131.53,678,1133473.62,1684.67,
2024-01,Motor (Two-Wheeler),Broker,East,468,1188617.04,414,1061442.18,2539.78,
2024-01,Motor (Two-Wheeler),Broker,North,908,1504147.4,759,1294307.52,1656.55,
2024-01,Motor (Two-Wheeler),Broker,South,894,2714711.46,764,2205973.6,3036.59,
2024-01,Motor (Two-Wheeler),Broker,West,863,1677620.22,625,1221412.5,1943.94,
2024-01,Motor (Two-Wheeler),Direct/Online,East,750,2118802.5,478,1290719.5,2825.07,
2024-01,Motor (Two-Wheeler),Direct/Online,North,1255,3624402.35,870,2441263.5,2887.97,
2024-01,Motor (Two-Wheeler),Direct/Online,South,1140,2339895.6,793,1553598.02,2052.54,
2024-01,Motor (Two-Wheeler),Direct/Online,West,1085,1802228.4,822,1396964.34,1661.04,
2024-01,Motor (Two-Wheeler),PoSP,East,320,1072918.4,237,773769.45,3352.87,
2024-01,Motor (Two-Wheeler),PoSP,North,529,1690255.51,351,1070367.48,3195.19,
2024-01,Motor (Two-Wheeler),PoSP,South,511,1495088.91,331,954660.27,2925.81,
2024-01,Motor (Two-Wheeler),PoSP,West,464,941363.2,337,702422.58,2028.8,
2024-01,SME/Commercial,Agent,East,41,1894852.31,24,1075146.0,46215.91,
2024-01,SME/Commercial,Agent,North,68,7861526.24,57,6595683.18,115610.68,
2024-01,SME/Commercial,Agent,South,68,5045691.8,56,4040574.16,74201.35,
2024-01,SME/Commercial,Agent,West,62,8702258.62,44,6210141.96,140359.01,
2024-01,SME/Commercial,Bancassurance,East,35,924958.3,24,630138.96,26427.38,
2024-01,SME/Commercial,Bancassurance,North,55,4499968.0,48,3989813.76,81817.6,
2024-01,SME/Commercial,Bancassurance,South,50,5760280.0,40,4466879.6,115205.6,
2024-01,SME/Commercial,Bancassurance,West,52,8019987.56,36,5336521.56,154230.53,
2024-01,SME/Commercial,Broker,East,25,1764481.75,20,1420711.2,70579.27,
2024-01,SME/Commercial,Broker,North,52,2189128.76,50,2195348.0,42098.63,
2024-01,SME/Commercial,Broker,South,45,5229241.2,33,3650008.23,116205.36,
2024-01,SME/Commercial,Broker,West,50,6595877.5,34,4512186.24,131917.55,
2024-01,SME/Commercial,Direct/Online,East,42,5780283.18,33,4370437.5,137625.79,
2024-01,SME/Commercial,Direct/Online,North,66,4251108.18,45,2967900.75,64410.73,
2024-01,SME/Commercial,Direct/Online,South,68,6627749.2,59,5814355.6,97466.9,
2024-01,SME/Commercial,Direct/Online,West,61,2083020.07,36,1238229.36,34147.87,
2024-01,SME/Commercial,PoSP,East,16,1964561.44,11,1364343.97,122785.09,
2024-01,SME/Commercial,PoSP,North,27,3173017.59,21,2407450.5,117519.17,
2024-01,SME/Commercial,PoSP,South,28,495601.12,23,387633.26,17700.04,
2024-01,SME/Commercial,PoSP,West,25,1068340.25,21,904251.6,42733.61,
2024-01,Travel,Agent,East,328,233591.76,219,150142.02,712.17,
2024-01,Travel,Agent,North,560,834680.0,427,659399.02,1490.5,
2024-01,Travel,Agent,South,573,947593.02,492,809610.6,1653.74,
2024-01,Travel,Agent,West,513,669608.64,345,433382.1,1305.28,
2024-01,Travel,Bancassurance,East,236,466779.68,172,326851.6,1977.88,
2024-01,Travel,Bancassurance,North,378,1078672.14,272,764649.12,2853.63,
2024-01,Travel,Bancassurance,South,454,811742.92,383,701537.27,1787.98,
2024-01,Travel,Bancassurance,West,372,1069931.52,307,851783.78,2876.16,
2024-01,Travel,Broker,East,213,567862.26,150,400645.5,2666.02,
2024-01,Travel,Broker,North,374,1049731.98,244,708463.76,2806.77,
2024-01,Travel,Broker,South,359,383013.51,285,290266.8,1066.89,
2024-01,Travel,Broker,West,299,162072.95,202,111421.18,542.05,
2024-01,Travel,Direct/Online,East,252,769837.32,190,598230.2,3054.91,
2024-01,Travel,Direct/Online,North,456,1028061.12,309,705981.57,2254.52,
2024-01,Travel,Direct/Online,South,418,935099.44,283,610269.69,2237.08,
2024-01,Travel,Direct/Online,West,437,550550.08,326,425518.02,1259.84,
2024-01,Travel,PoSP,East,106,223128.94,72,144657.36,2104.99,
2024-01,Travel,PoSP,North,219,294896.64,168,219886.8,1346.56,
2024-01,Travel,PoSP,South,193,144970.02,156,119063.88,751.14,
2024-01,Travel,PoSP,West,196,397395.88,121,238445.02,2027.53,
2024-02,Crop,Agent,East,21,286163.01,16,223258.56,13626.81,
2024-02,Crop,Agent,North,37,278767.25,25,191635.5,7534.25,
2024-02,Crop,Agent,South,36,152122.32,32,139624.64,4225.62,
2024-02,Crop,Agent,West,28,481315.24,19,331345.18,17189.83,
2024-02,Crop,Bancassurance,East,13,122095.35,9,83745.27,9391.95,
2024-02,Crop,Bancassurance,North,25,138859.5,19,100780.75,5554.38,
2024-02,Crop,Bancassurance,South,21,184590.84,16,136474.4,8790.04,
2024-02,Crop,Bancassurance,West,22,104659.5,17,77453.19,4757.25,
2024-02,Crop,Broker,East,12,48312.6,9,36189.63,4026.05,
2024-02,Crop,Broker,North,20,226896.2,15,165921.45,11344.81,
2024-02,Crop,Broker,South,20,226682.6,18,197893.62,11334.13,
2024-02,Crop,Broker,West,17,222270.24,14,179144.28,13074.72,
2024-02,Crop,Direct/Online,East,16,76068.32,13,61949.81,4754.27,
2024-02,Crop,Direct/Online,North,26,156341.9,19,117813.68,6013.15,
2024-02,Crop,Direct/Online,South,27,379621.62,23,309790.22,14060.06,
2024-02,Crop,Direct/Online,West,24,233275.44,17,164921.25,9719.81,
2024-02,Crop,PoSP,East,8,145661.84,6,111810.42,18207.73,
2024-02,Crop,PoSP,North,14,114525.88,13,105644.63,8180.42,
2024-02,Crop,PoSP,South,13,233203.49,10,180313.1,17938.73,
2024-02,Crop,PoSP,West,10,120023.0,9,111789.0,12002.3,
2024-02,Health (Group),Agent,East,89,4937744.92,72,3919838.4,55480.28,
2024-02,Health (Group),Agent,North,143,7173573.55,124,6023344.64,50164.85,
2024-02,Health (Group),Agent,South,128,5787831.04,92,4170981.0,45217.43,
2024-02,Health (Group),Agent,West,127,6152144.16,90,4451994.0,48442.08,
2024-02,Health (Group),Bancassurance,East,53,4880512.42,40,3800568.4,92085.14,
2024-02,Health (Group),Bancassurance,North,110,6547316.6,80,4666456.0,59521.06,
2024-02,Health (Group),Bancassurance,South,84,5300733.48,61,3676728.03,63103.97,
2024-02,Health (Group),Bancassurance,West,85,7956833.0,60,5614344.0,93609.8,
2024-02,Health (Group),Broker,East,52,3142469.2,40,2443059.6,60432.1,
2024-02,Health (Group),Broker,North,85,6394597.6,69,5058142.98,75230.56,
2024-02,Health (Group),Broker,South,88,3575342.32,71,2756203.67,40628.89,
2024-02,Health (Group),Broker,West,70,6079599.4,49,4335021.67,86851.42,
2024-02,Health (Group),Direct/Online,East,75,6715793.25,50,4388356.5,89543.91,
2024-02,Health (Group),Direct/Online,North,134,6280246.34,105,4725130.2,46867.51,
2024-02,Health (Group),Direct/Online,South,121,7670502.18,91,5649382.83,63392.58,
2024-02,Health (Group),Direct/Online,West,112,3692080.0,66,2225005.86,32965.0,
2024-02,Health (Group),PoSP,East,28,1189789.16,25,1081809.75,42492.47,
2024-02,Health (Group),PoSP,North,56,4421195.52,40,3282735.6,78949.92,
2024-02,Health (Group),PoSP,South,44,2702498.04,36,2113935.12,61420.41,
2024-02,Health (Group),PoSP,West,48,2226068.64,39,1737077.94,46376.43,
2024-02,Health (Retail),Agent,East,394,10718529.66,322,8776725.02,27204.39,
2024-02,Health (Retail),Agent,North,718,22198355.74,481,14385420.92,30916.93,
2024-02,Health (Retail),Agent,South,689,9200850.88,440,6168641.6,13353.92,
2024-02,Health (Retail),Agent,West,569,16811196.04,485,14277051.7,29545.16,
2024-02,Health (Retail),Bancassurance,East,267,6095607.33,231,5027643.39,22829.99,
2024-02,Health (Retail),Bancassurance,North,559,13505445.59,479,11208437.14,24160.01,
2024-02,Health (Retail),Bancassurance,South,452,7987513.48,370,6403837.9,17671.49,
2024-02,Health (Retail),Bancassurance,West,396,8976749.76,295,6577075.15,22668.56,
2024-02,Health (Retail),Broker,East,295,9608766.55,214,6840009.24,32572.09,
2024-02,Health (Retail),Broker,North,497,10880035.74,396,9051379.92,21891.42,
2024-02,Health (Retail),Broker,South,418,5511054.12,335,4424040.15,13184.34,
2024-02,Health (Retail),Broker,West,371,10708959.52,257,7393088.16,28865.12,
2024-02,Health (Retail),Direct/Online,East,380,9776396.8,289,7680857.04,25727.36,
2024-02,Health (Retail),Direct/Online,North,656,17735806.24,520,14430416.0,27036.29,
2024-02,Health (Retail),Direct/Online,South,574,9146460.4,471,7551213.3,15934.6,
2024-02,Health (Retail),Direct/Online,West,538,13159614.5,381,9129015.27,24460.25,
2024-02,Health (Retail),PoSP,East,140,2213692.6,89,1468876.47,15812.09,
2024-02,Health (Retail),PoSP,North,266,6372612.54,208,4965646.4,23957.19,
2024-02,Health (Retail),PoSP,South,210,3936485.7,155,3012711.75,18745.17,
2024-02,Health (Retail),PoSP,West,200,5014760.0,167,4212092.37,25073.8,
2024-02,Home,Agent,East,90,755221.5,74,618210.06,8391.35,
2024-02,Home,Agent,North,169,651993.55,136,541806.32,3857.95,
2024-02,Home,Agent,South,161,1437504.6,118,1105733.16,8928.6,
2024-02,Home,Agent,West,142,1175555.52,126,1067989.86,8278.56,
2024-02,Home,Bancassurance,East,62,562526.62,43,390921.17,9073.01,
2024-02,Home,Bancassurance,North,115,426319.95,83,305586.91,3707.13,
2024-02,Home,Bancassurance,South,105,515584.65,98,499107.14,4910.33,
2024-02,Home,Bancassurance,West,111,842103.72,89,654505.11,7586.52,
2024-02,Home,Broker,East,57,251043.39,48,206252.64,4404.27,
2024-02,Home,Broker,North,100,654911.0,81,527757.12,6549.11,
2024-02,Home,Broker,South,85,334728.3,63,257320.98,3937.98,
2024-02,Home,Broker,West,83,222666.59,59,154011.83,2682.73,
2024-02,Home,Direct/Online,East,85,782695.3,65,592756.45,9208.18,
2024-02,Home,Direct/Online,North,132,990975.48,92,700867.04,7507.39,
2024-02,Home,Direct/Online,South,116,991059.92,96,834140.16,8543.62,
2024-02,Home,Direct/Online,West,120,851854.8,91,676034.45,7098.79,
2024-02,Home,PoSP,East,33,265557.27,21,163189.95,8047.19,
2024-02,Home,PoSP,North,65,283446.8,54,237608.1,4360.72,
2024-02,Home,PoSP,South,52,332334.08,35,227670.45,6391.04,
2024-02,Home,PoSP,West,49,409712.03,32,270580.48,8361.47,
2024-02,Motor (Car),Agent,East,456,7313916.24,376,5795246.64,16039.29,
2024-02,Motor (Car),Agent,North,795,19597823.25,575,14392060.25,24651.35,
2024-02,Motor (Car),Agent,South,843,21272464.32,598,15060480.5,25234.24,
2024-02,Motor (Car),Agent,West,694,14356090.94,453,9574182.18,20686.01,
2024-02,Motor (Car),Bancassurance,East,331,5291270.01,240,3769308.0,15985.71,
2024-02,Motor (Car),Bancassurance,North,579,14278255.8,446,11333537.92,24660.2,
2024-02,Motor (Car),Bancassurance,South,514,7356229.22,400,5548396.0,14311.73,
2024-02,Motor (Car),Bancassurance,West,448,8260636.16,325,5933125.25,18438.92,
2024-02,Motor (Car),Broker,East,307,7152209.7,229,5365117.34,23297.1,
2024-02,Motor (Car),Broker,North,537,7800488.85,418,6083128.92,14526.05,
2024-02,Motor (Car),Broker,South,502,12429841.28,359,9131681.96,24760.64,
2024-02,Motor (Car),Broker,West,455,11261268.2,293,6911902.23,24750.04,
2024-02,Motor (Car),Direct/Online,East,364,8042896.68,271,5739335.56,22095.87,
2024-02,Motor (Car),Direct/Online,North,676,16439785.96,585,14505595.65,24319.21,
2024-02,Motor (Car),Direct/Online,South,683,15044372.7,514,10949382.2,22026.9,
2024-02,Motor (Car),Direct/Online,West,582,12932488.14,429,9211256.34,22220.77,
2024-02,Motor (Car),PoSP,East,181,3706548.77,130,2566032.3,20478.17,
2024-02,Motor (Car),PoSP,North,319,6496329.73,267,5307650.28,20364.67,
2024-02,Motor (Car),PoSP,South,270,5973336.9,197,4344963.05,22123.47,
2024-02,Motor (Car),PoSP,West,239,2263086.22,211,1983644.76,9468.98,
2024-02,Motor (Two-Wheeler),Agent,East,739,1254903.29,664,1089756.8,1698.11,
2024-02,Motor (Two-Wheeler),Agent,North,1506,4485877.02,1229,3655721.95,2978.67,
2024-02,Motor (Two-Wheeler),Agent,South,1428,4939780.44,1143,4026194.64,3459.23,
2024-02,Motor (Two-Wheeler),Agent,West,1163,4222748.33,911,3166244.27,3630.91,
2024-02,Motor (Two-Wheeler),Bancassurance,East,615,1001269.2,444,700889.52,1628.08,
2024-02,Motor (Two-Wheeler),Bancassurance,North,1002,3155979.36,787,2387584.86,3149.68,
2024-02,Motor (Two-Wheeler),Bancassurance,South,860,3126856.8,612,2252557.8,3635.88,
2024-02,Motor (Two-Wheeler),Bancassurance,West,806,1754009.14,666,1460105.1,2176.19,
2024-02,Motor (Two-Wheeler),Broker,East,464,1516635.04,303,1012656.3,3268.61,
2024-02,Motor (Two-Wheeler),Broker,North,978,3352750.26,717,2506682.19,3428.17,
2024-02,Motor (Two-Wheeler),Broker,South,827,2651022.93,702,2210092.56,3205.59,
2024-02,Motor (Two-Wheeler),Broker,West,746,2438770.98,532,1698846.24,3269.13,
2024-02,Motor (Two-Wheeler),Direct/Online,East,622,2185931.92,526,1793917.74,3514.36,
2024-02,Motor (Two-Wheeler),Direct/Online,North,1196,3007473.56,810,1949418.9,2514.61,
2024-02,Motor (Two-Wheeler),Direct/Online,South,1163,3594228.24,981,2916140.22,3090.48,
2024-02,Motor (Two-Wheeler),Direct/Online,West,1180,4013203.6,864,2902703.04,3401.02,
2024-02,Motor (Two-Wheeler),PoSP,East,317,1073831.16,221,776693.45,3387.48,
2024-02,Motor (Two-Wheeler),PoSP,North,575,1800026.0,372,1164400.92,3130.48,
2024-02,Motor (Two-Wheeler),PoSP,South,476,1553768.72,371,1214724.49,3264.22,
2024-02,Motor (Two-Wheeler),PoSP,West,453,774494.1,312,512684.64,1709.7,
2024-02,SME/Commercial,Agent,East,46,6745273.94,39,5706829.05,146636.39,
2024-02,SME/Commercial,Agent,North,76,4563895.0,57,3280756.98,60051.25,
2024-02,SME/Commercial,Agent,South,74,3664955.08,54,2801431.44,49526.42,
2024-02,SME/Commercial,Agent,West,66,4071890.46,45,2644601.85,61695.31,
2024-02,SME/Commercial,Bancassurance,East,30,2616409.8,21,1908559.8,87213.66,
2024-02,SME/Commercial,Bancassurance,North,55,5419317.2,36,3627980.64,98533.04,
2024-02,SME/Commercial,Bancassurance,South,53,1365722.02,43,1158635.43,25768.34,
2024-02,SME/Commercial,Bancassurance,West,51,2430974.16,32,1580929.92,47666.16,
2024-02,SME/Commercial,Broker,East,32,660289.28,27,539559.63,20634.04,
2024-02,SME/Commercial,Broker,North,51,5703943.02,33,3546556.2,111842.02,
2024-02,SME/Commercial,Broker,South,47,1657989.86,35,1265652.5,35276.38,
2024-02,SME/Commercial,Broker,West,42,1772871.24,33,1453069.86,42211.22,
2024-02,SME/Commercial,Direct/Online,East,41,3518876.66,26,2218754.72,85826.26,
2024-02,SME/Commercial,Direct/Online,North,64,2558876.16,55,2183342.7,39982.44,
2024-02,SME/Commercial,Direct/Online,South,78,5457106.2,55,3819125.2,69962.9,
2024-02,SME/Commercial,Direct/Online,West,60,8551960.8,48,6552300.0,142532.68,
2024-02,SME/Commercial,PoSP,East,17,1728678.15,11,1081148.75,101686.95,
2024-02,SME/Commercial,PoSP,North,31,2221236.8,26,1810932.24,71652.8,
2024-02,SME/Commercial,PoSP,South,31,2267385.26,20,1476311.2,73141.46,
2024-02,SME/Commercial,PoSP,West,29,3458247.68,19,2192879.87,119249.92,
2024-02,Travel,Agent,East,327,843424.56,259,660620.94,2579.28,
2024-02,Travel,Agent,North,542,1205809.08,454,989393.12,2224.74,
2024-02,Travel,Agent,South,517,1021990.09,426,830312.34,1976.77,
2024-02,Travel,Agent,West,544,818611.2,441,692100.99,1504.8,
2024-02,Travel,Bancassurance,East,239,374116.26,188,292843.84,1565.34,
2024-02,Travel,Bancassurance,North,347,804859.56,262,608508.1,2319.48,
2024-02,Travel,Bancassurance,South,366,766532.1,275,598185.5,2094.35,
2024-02,Travel,Bancassurance,West,367,700254.35,270,503433.9,1908.05,
2024-02,Travel,Broker,East,211,526573.71,192,500607.36,2495.61,
2024-02,Travel,Broker,North,323,551548.34,262,468000.12,1707.58,
2024-02,Travel,Broker,South,321,554652.69,222,400403.64,1727.89,
2024-02,Travel,Broker,West,280,505338.4,251,438845.89,1804.78,
2024-02,Travel,Direct/Online,East,291,604194.57,231,500322.9,2076.27,
2024-02,Travel,Direct/Online,North,507,677681.55,339,441584.79,1336.65,
2024-02,Travel,Direct/Online,South,490,1121624.7,334,797344.84,2289.03,
2024-02,Travel,Direct/Online,West,376,614677.28,282,438005.22,1634.78,
2024-02,Travel,PoSP,East,120,327750.0,92,257904.52,2731.25,
2024-02,Travel,PoSP,North,212,187768.4,158,134593.88,885.7,
2024-02,Travel,PoSP,South,157,448870.85,132,379694.04,2859.05,
2024-02,Travel,PoSP,West,172,497590.84,137,411368.53,2892.97,
2024-03,Crop,Agent,East,21,410827.2,13,259458.29,19563.2,
2024-03,Crop,Agent,North,34,572693.62,22,384195.9,16843.93,
2024-03,Crop,Agent,South,31,390755.0,24,289499.04,12605.0,
2024-03,Crop,Agent,West,25,248692.75,18,179138.88,9947.71,
2024-03,Crop,Bancassurance,East,14,124587.12,11,100502.38,8899.08,
2024-03,Crop,Bancassurance,North,23,221759.79,15,151784.1,9641.73,
2024-03,Crop,Bancassurance,South,24,498206.4,16,345488.32,20758.6,
2024-03,Crop,Bancassurance,West,20,117113.8,14,81981.9,5855.69,
2024-03,Crop,Broker,East,13,202839.26,11,170535.64,15603.02,
2024-03,Crop,Broker,North,21,99373.26,15,71391.0,4732.06,
2024-03,Crop,Broker,South,18,347611.5,13,241424.82,19311.75,
2024-03,Crop,Broker,West,18,365485.32,12,248658.12,20304.74,
2024-03,Crop,Direct/Online,East,19,168808.16,13,116810.46,8884.64,
2024-03,Crop,Direct/Online,North,28,533236.76,18,327506.58,19044.17,
2024-03,Crop,Direct/Online,South,33,640625.37,27,512447.85,19412.89,
2024-03,Crop,Direct/Online,West,25,290663.25,18,202888.26,11626.53,
2024-03,Crop,PoSP,East,7,73894.24,6,64257.72,10556.32,
2024-03,Crop,PoSP,North,15,125258.7,12,99107.28,8350.58,
2024-03,Crop,PoSP,South,12,62400.48,9,45144.09,5200.04,
2024-03,Crop,PoSP,West,10,49797.4,7,34700.05,4979.74,
2024-03,Health (Group),Agent,East,82,7234764.88,65,5492009.25,88228.84,
2024-03,Health (Group),Agent,North,135,6473846.7,100,4802170.0,47954.42,
2024-03,Health (Group),Agent,South,131,4689243.25,98,3603880.42,35795.75,
2024-03,Health (Group),Agent,West,127,8584623.42,102,6951925.26,67595.46,
2024-03,Health (Group),Bancassurance,East,64,3261582.72,45,2377655.1,50962.23,
2024-03,Health (Group),Bancassurance,North,114,6522893.04,89,5079612.7,57218.36,
2024-03,Health (Group),Bancassurance,South,108,2865070.44,71,1967409.29,26528.43,
2024-03,Health (Group),Bancassurance,West,86,7190484.94,67,5472305.4,83610.29,
2024-03,Health (Group),Broker,East,54,1948550.04,44,1574569.48,36084.26,
2024-03,Health (Group),Broker,North,109,5366313.07,94,4640508.34,49232.23,
2024-03,Health (Group),Broker,South,83,5351731.27,55,3487679.8,64478.69,
2024-03,Health (Group),Broker,West,84,4414860.24,65,3485300.65,52557.86,
2024-03,Health (Group),Direct/Online,East,77,3517209.08,51,2293583.22,45678.04,
2024-03,Health (Group),Direct/Online,North,140,4538702.0,85,2761905.85,32419.3,
2024-03,Health (Group),Direct/Online,South,132,10438263.0,107,8323416.58,79077.75,
2024-03,Health (Group),Direct/Online,West,105,7562580.9,83,5804210.75,72024.58,
2024-03,Health (Group),PoSP,East,34,2770485.24,24,1898188.32,81484.86,
2024-03,Health (Group),PoSP,North,64,4532242.56,48,3297193.92,70816.29,
2024-03,Health (Group),PoSP,South,55,2587524.5,47,2217942.22,47045.9,
2024-03,Health (Group),PoSP,West,48,1642371.36,35,1147255.2,34216.07,
2024-03,Health (Retail),Agent,East,469,14810414.99,368,11097518.4,31578.71,
2024-03,Health (Retail),Agent,North,757,22697993.98,644,19459767.32,29984.14,
2024-03,Health (Retail),Agent,South,755,10565719.15,552,7525449.12,13994.33,
2024-03,Health (Retail),Agent,West,648,21353524.56,487,16191318.22,32952.97,
2024-03,Health (Retail),Bancassurance,East,339,9681209.46,250,7327707.5,28558.14,
2024-03,Health (Retail),Bancassurance,North,605,14039551.35,474,11542231.8,23205.87,
2024-03,Health (Retail),Bancassurance,South,478,16384927.02,377,12708526.74,34278.09,
2024-03,Health (Retail),Bancassurance,West,423,9211806.36,321,7183707.15,21777.32,
2024-03,Health (Retail),Broker,East,248,7412400.08,179,5373549.57,29888.71,
2024-03,Health (Retail),Broker,North,540,10377077.4,419,8341808.15,19216.81,
2024-03,Health (Retail),Broker,South,455,6937157.5,370,5474272.1,15246.5,
2024-03,Health (Retail),Broker,West,449,7688285.37,294,5012035.56,17123.13,
2024-03,Health (Retail),Direct/Online,East,379,8690420.73,279,6336505.71,22929.87,
2024-03,Health (Retail),Direct/Online,North,673,16344834.69,431,10228099.79,24286.53,
2024-03,Health (Retail),Direct/Online,South,544,14487916.8,368,9656802.08,26632.2,
2024-03,Health (Retail),Direct/Online,West,588,19574578.8,380,13019446.0,33290.1,
2024-03,Health (Retail),PoSP,East,156,4640759.76,109,3121815.59,29748.46,
2024-03,Health (Retail),PoSP,North,337,5147388.55,236,3509787.28,15274.15,
2024-03,Health (Retail),PoSP,South,273,7838037.48,195,5531785.35,28710.76,
2024-03,Health (Retail),PoSP,West,237,8646798.06,173,6399155.82,36484.38,
2024-03,Home,Agent,East,114,1001759.04,93,820066.56,8787.36,
2024-03,Home,Agent,North,194,586384.4,143,429690.69,3022.6,
2024-03,Home,Agent,South,184,1546271.6,143,1217941.01,8403.65,
2024-03,Home,Agent,West,156,877794.84,127,691462.93,5626.89,
2024-03,Home,Bancassurance,East,73,469318.46,61,409793.12,6429.02,
2024-03,Home,Bancassurance,North,132,313787.76,107,241725.84,2377.18,
2024-03,Home,Bancassurance,South,135,655462.8,105,486790.5,4855.28,
2024-03,Home,Bancassurance,West,109,546036.59,88,453881.12,5009.51,
2024-03,Home,Broker,East,68,616664.8,60,560727.6,9068.6,
2024-03,Home,Broker,North,123,371250.9,82,257212.68,3018.3,
2024-03,Home,Broker,South,104,461300.32,75,336563.25,4435.58,
2024-03,Home,Broker,West,114,723005.1,79,484587.58,6342.15,
2024-03,Home,Direct/Online,East,105,568649.55,91,506847.25,5415.71,
2024-03,Home,Direct/Online,North,162,1339657.38,149,1285536.24,8269.49,
2024-03,Home,Direct/Online,South,179,1012488.44,145,798623.75,5656.36,
2024-03,Home,Direct/Online,West,143,1028225.77,94,654382.88,7190.39,
2024-03,Home,PoSP,East,45,244939.05,31,172359.38,5443.09,
2024-03,Home,PoSP,North,74,418743.06,49,267953.07,5658.69,
2024-03,Home,PoSP,South,61,242052.27,41,156203.03,3968.07,
2024-03,Home,PoSP,West,53,426643.11,36,301201.2,8049.87,
2024-03,Motor (Car),Agent,East,684,6159679.92,536,4830592.8,9005.38,
2024-03,Motor (Car),Agent,North,1113,16069638.69,855,12751948.8,14438.13,
2024-03,Motor (Car),Agent,South,1167,22392442.68,963,18321075.0,19188.04,
2024-03,Motor (Car),Agent,West,930,17930418.6,662,12374997.7,19280.02,
2024-03,Motor (Car),Bancassurance,East,415,3959058.5,353,3400258.38,9539.9,
2024-03,Motor (Car),Bancassurance,North,779,19323725.99,550,13822627.5,24805.81,
2024-03,Motor (Car),Bancassurance,South,767,8753165.07,564,6732620.28,11412.21,
2024-03,Motor (Car),Bancassurance,West,626,12469819.84,440,8794086.4,19919.84,
2024-03,Motor (Car),Broker,East,346,3867470.36,264,2862496.56,11177.66,
2024-03,Motor (Car),Broker,North,627,11014797.42,484,8439188.56,17567.46,
2024-03,Motor (Car),Broker,South,695,6483495.15,500,4499570.0,9328.77,
2024-03,Motor (Car),Broker,West,645,14874435.3,475,10741669.0,23061.14,
2024-03,Motor (Car),Direct/Online,East,583,7189042.96,422,5303881.68,12331.12,
2024-03,Motor (Car),Direct/Online,North,970,18093196.6,681,12081157.92,18652.78,
2024-03,Motor (Car),Direct/Online,South,960,14936995.2,716,10779351.36,15559.37,
2024-03,Motor (Car),Direct/Online,West,714,10444491.96,510,7728774.6,14628.14,
2024-03,Motor (Car),PoSP,East,206,4217229.94,157,3101169.19,20471.99,
2024-03,Motor (Car),PoSP,North,381,4897305.42,247,3069577.68,12853.82,
2024-03,Motor (Car),PoSP,South,387,5561259.66,265,3780659.6,14370.18,
2024-03,Motor (Car),PoSP,West,384,8591082.24,291,6297330.21,22372.61,
2024-03,Motor (Two-Wheeler),Agent,East,1123,3032818.72,775,2146416.75,2700.64,
2024-03,Motor (Two-Wheeler),Agent,North,1813,5476927.96,1463,4231391.01,3020.92,
2024-03,Motor (Two-Wheeler),Agent,South,1841,3400382.23,1276,2438755.0,1847.03,
2024-03,Motor (Two-Wheeler),Agent,West,1686,3781360.8,1169,2504009.69,2242.8,
2024-03,Motor (Two-Wheeler),Bancassurance,East,801,1514122.29,648,1267235.28,1890.29,
2024-03,Motor (Two-Wheeler),Bancassurance,North,1491,3690672.3,1014,2574475.02,2475.3,
2024-03,Motor (Two-Wheeler),Bancassurance,South,1319,3013835.86,901,1966892.01,2284.94,
2024-03,Motor (Two-Wheeler),Bancassurance,West,1029,2960216.91,662,1862543.62,2876.79,
2024-03,Motor (Two-Wheeler),Broker,East,636,1295557.44,408,789998.16,2037.04,
2024-03,Motor (Two-Wheeler),Broker,North,1248,2026664.64,1003,1659774.43,1623.93,
2024-03,Motor (Two-Wheeler),Broker,South,1094,3635996.52,782,2492046.32,3323.58,
2024-03,Motor (Two-Wheeler),Broker,West,974,2394023.82,744,1897036.32,2457.93,
2024-03,Motor (Two-Wheeler),Direct/Online,East,988,3101717.32,799,2587497.58,3139.39,
2024-03,Motor (Two-Wheeler),Direct/Online,North,1898,4634156.8,1388,3393299.12,2441.6,
2024-03,Motor (Two-Wheeler),Direct/Online,South,1428,2706302.76,1001,1907575.67,1895.17,
2024-03,Motor (Two-Wheeler),Direct/Online,West,1372,4227543.6,915,2712371.1,3081.3,
2024-03,Motor (Two-Wheeler),PoSP,East,380,609371.8,317,502949.03,1603.61,
2024-03,Motor (Two-Wheeler),PoSP,North,697,2487648.76,518,1892533.72,3569.08,
2024-03,Motor (Two-Wheeler),PoSP,South,680,1105829.6,456,756011.52,1626.22,
2024-03,Motor (Two-Wheeler),PoSP,West,582,1547456.52,394,1087987.66,2658.86,
2024-03,SME/Commercial,Agent,East,55,2728028.05,38,1909601.46,49600.51,
2024-03,SME/Commercial,Agent,North,95,3370594.3,75,2699094.0,35479.94,
2024-03,SME/Commercial,Agent,South,93,14590700.25,64,10081034.24,156889.25,
2024-03,SME/Commercial,Agent,West,82,6286626.76,61,4842624.69,76666.18,
2024-03,SME/Commercial,Bancassurance,East,39,3099571.02,28,2180972.36,79476.18,
2024-03,SME/Commercial,Bancassurance,North,79,11744279.04,62,8977667.58,148661.76,
2024-03,SME/Commercial,Bancassurance,South,63,5162524.29,45,3693833.55,81944.83,
2024-03,SME/Commercial,Bancassurance,West,53,2245192.36,46,2030716.0,42362.12,
2024-03,SME/Commercial,Broker,East,36,4400200.08,25,2936284.75,122227.78,
2024-03,SME/Commercial,Broker,North,71,1945982.2,59,1642964.15,27408.2,
2024-03,SME/Commercial,Broker,South,59,1995280.88,45,1520146.8,33818.32,
2024-03,SME/Commercial,Broker,West,50,2875565.0,41,2422736.74,57511.3,
2024-03,SME/Commercial,Direct/Online,East,46,5481437.28,35,4107703.25,119161.68,
2024-03,SME/Commercial,Direct/Online,North,95,13843468.4,61,9170201.98,145720.72,
2024-03,SME/Commercial,Direct/Online,South,83,9133737.49,67,7551104.35,110045.03,
2024-03,SME/Commercial,Direct/Online,West,71,8620125.62,55,6870222.7,121410.22,
2024-03,SME/Commercial,PoSP,East,19,499875.94,15,384982.35,26309.26,
2024-03,SME/Commercial,PoSP,North,37,5062195.33,27,3806594.19,136816.09,
2024-03,SME/Commercial,PoSP,South,33,2406241.86,24,1753155.6,72916.42,
2024-03,SME/Commercial,PoSP,West,25,3600332.25,19,2860867.81,144013.29,
2024-03,Travel,Agent,East,313,748154.51,234,586904.76,2390.27,
2024-03,Travel,Agent,North,603,601203.06,496,517486.72,997.02,
2024-03,Travel,Agent,South,526,1426753.96,413,1154842.99,2712.46,
2024-03,Travel,Agent,West,527,845640.01,433,670673.7,1604.63,
2024-03,Travel,Bancassurance,East,275,826639.0,184,557400.4,3005.96,
2024-03,Travel,Bancassurance,North,456,504495.6,332,361488.24,1106.35,
2024-03,Travel,Bancassurance,South,427,476489.3,279,306526.14,1115.9,
2024-03,Travel,Bancassurance,West,369,809958.69,241,519600.82,2195.01,
2024-03,Travel,Broker,East,235,480459.85,180,352161.0,2044.51,
2024-03,Travel,Broker,North,414,1039375.98,356,904642.28,2510.57,
2024-03,Travel,Broker,South,388,882191.72,283,633580.4,2273.69,
2024-03,Travel,Broker,West,342,1016194.86,239,728225.83,2971.33,
2024-03,Travel,Direct/Online,East,307,950803.56,197,615770.78,3097.08,
2024-03,Travel,Direct/Online,North,595,1326177.65,437,934603.16,2228.87,
2024-03,Travel,Direct/Online,South,480,1309804.8,381,1062414.69,2728.76,
2024-03,Travel,Direct/Online,West,510,329607.9,361,237801.53,646.29,
2024-03,Travel,PoSP,East,138,176950.5,113,147831.12,1282.25,
2024-03,Travel,PoSP,North,247,251043.39,196,202242.6,1016.37,
2024-03,Travel,PoSP,South,234,532272.78,197,440956.92,2274.67,
2024-03,Travel,PoSP,West,216,494154.0,185,424012.6,2287.75,
2024-04,Crop,Agent,East,19,269415.25,16,218839.2,14179.75,Slowdown post revised commission structure (IRDAI circular)
2024-04,Crop,Agent,North,33,691121.31,25,546079.75,20943.07,Slowdown post revised commission structure (IRDAI circular)
2024-04,Crop,Agent,South,28,177956.52,20,130886.8,6355.59,Slowdown post revised commission structure (IRDAI circular)
2024-04,Crop,Agent,West,28,107242.24,18,69406.56,3830.08,Slowdown post revised commission structure (IRDAI circular)
2024-04,Crop,Bancassurance,East,15,268786.5,9,163285.02,17919.1,Slowdown post revised commission structure (IRDAI circular)
2024-04,Crop,Bancassurance,North,26,401061.44,21,337508.22,15425.44,Slowdown post revised commission structure (IRDAI circular)
2024-04,Crop,Bancassurance,South,25,222652.0,17,150690.89,8906.08,Slowdown post revised commission structure (IRDAI circular)
2024-04,Crop,Bancassurance,West,21,167473.95,16,125685.28,7974.95,Slowdown post revised commission structure (IRDAI circular)
2024-04,Crop,Broker,East,12,63082.92,8,41477.04,5256.91,Slowdown post revised commission structure (IRDAI circular)
2024-04,Crop,Broker,North,23,433781.15,16,305195.04,18860.05,Slowdown post revised commission structure (IRDAI circular)
2024-04,Crop,Broker,South,20,157731.6,16,122045.28,7886.58,Slowdown post revised commission structure (IRDAI circular)
2024-04,Crop,Broker,West,17,296336.69,12,205278.24,17431.57,Slowdown post revised commission structure (IRDAI circular)
2024-04,Crop,Direct/Online,East,19,105560.96,14,74277.42,5555.84,Slowdown post revised commission structure (IRDAI circular)
2024-04,Crop,Direct/Online,North,27,226519.47,20,160493.2,8389.61,Slowdown post revised commission structure (IRDAI circular)
2024-04,Crop,Direct/Online,South,28,416627.12,25,359343.0,14879.54,Slowdown post revised commission structure (IRDAI circular)
2024-04,Crop,Direct/Online,West,25,199782.75,17,132976.55,7991.31,Slowdown post revised commission structure (IRDAI circular)
2024-04,Crop,PoSP,East,7,57770.51,5,43056.5,8252.93,Slowdown post revised commission structure (IRDAI circular)
2024-04,Crop,PoSP,North,14,225330.98,12,186334.32,16095.07,Slowdown post revised commission structure (IRDAI circular)
2024-04,Crop,PoSP,South,12,201731.76,9,144069.66,16810.98,Slowdown post revised commission structure (IRDAI circular)
2024-04,Crop,PoSP,West,10,181175.6,7,127540.56,18117.56,Slowdown post revised commission structure (IRDAI circular)
2024-04,Health (Group),Agent,East,50,3589527.0,40,2857128.4,71790.54,Slowdown post revised commission structure (IRDAI circular)
2024-04,Health (Group),Agent,North,89,2924018.46,57,1856552.7,32854.14,Slowdown post revised commission structure (IRDAI circular)
2024-04,Health (Group),Agent,South,79,5538205.73,53,3708230.86,70103.87,Slowdown post revised commission structure (IRDAI circular)
2024-04,Health (Group),Agent,West,75,6251522.25,56,4680912.88,83353.63,Slowdown post revised commission structure (IRDAI circular)
2024-04,Health (Group),Bancassurance,East,36,1388145.96,27,1011482.64,38559.61,Slowdown post revised commission structure (IRDAI circular)
2024-04,Health (Group),Bancassurance,North,67,4748117.81,52,3675059.96,70867.43,Slowdown post revised commission structure (IRDAI circular)
2024-04,Health (Group),Bancassurance,South,65,4573189.4,45,3192772.05,70356.76,Slowdown post revised commission structure (IRDAI circular)
2024-04,Health (Group),Bancassurance,West,53,2323270.9,36,1600683.12,43835.3,Slowdown post revised commission structure (IRDAI circular)
2024-04,Health (Group),Broker,East,33,1515348.45,24,1070440.8,45919.65,Slowdown post revised commission structure (IRDAI circular)
2024-04,Health (Group),Broker,North,57,2382946.56,40,1610865.2,41806.08,Slowdown post revised commission structure (IRDAI circular)
2024-04,Health (Group),Broker,South,56,2818283.44,36,1873901.88,50326.49,Slowdown post revised commission structure (IRDAI circular)
2024-04,Health (Group),Broker,West,41,1679845.44,28,1158323.32,40971.84,Slowdown post revised commission structure (IRDAI circular)
2024-04,Health (Group),Direct/Online,East,45,3180027.6,34,2390327.5,70667.28,Slowdown post revised commission structure (IRDAI circular)
2024-04,Health (Group),Direct/Online,North,89,7874313.27,58,4966578.86,88475.43,Slowdown post revised commission structure (IRDAI circular)
2024-04,Health (Group),Direct/Online,South,72,3352705.92,53,2402759.77,46565.36,Slowdown post revised commission structure (IRDAI circular)
2024-04,Health (Group),Direct/Online,West,67,5661114.08,42,3624998.58,84494.24,Slowdown post revised commission structure (IRDAI circular)
2024-04,Health (Group),PoSP,East,18,1337992.74,13,983957.13,74332.93,Slowdown post revised commission structure (IRDAI circular)
2024-04,Health (Group),PoSP,North,36,2064808.44,25,1393468.0,57355.79,Slowdown post revised commission structure (IRDAI circular)
2024-04,Health (Group),PoSP,South,27,857033.73,19,607736.85,31741.99,Slowdown post revised commission structure (IRDAI circular)
2024-04,Health (Group),PoSP,West,28,1128433.32,19,766435.87,40301.19,Slowdown post revised commission structure (IRDAI circular)
2024-04,Health (Retail),Agent,East,270,6140353.5,181,4289938.92,22742.05,Slowdown post revised commission structure (IRDAI circular)
2024-04,Health (Retail),Agent,North,462,9184952.7,280,5340020.0,19880.85,Slowdown post revised commission structure (IRDAI circular)
2024-04,Health (Retail),Agent,South,420,12661013.4,277,8667548.83,30145.27,Slowdown post revised commission structure (IRDAI circular)
2024-04,Health (Retail),Agent,West,343,11565219.12,245,8359598.45,33717.84,Slowdown post revised commission structure (IRDAI circular)
2024-04,Health (Retail),Bancassurance,East,172,3753218.88,114,2549995.32,21821.04,Slowdown post revised commission structure (IRDAI circular)
2024-04,Health (Retail),Bancassurance,North,337,5791958.34,206,3639618.3,17186.82,Slowdown post revised commission structure (IRDAI circular)
2024-04,Health (Retail),Bancassurance,South,301,9488453.1,225,6967163.25,31523.1,Slowdown post revised commission structure (IRDAI circular)
2024-04,Health (Retail),Bancassurance,West,267,5662907.13,202,4093431.02,21209.39,Slowdown post revised commission structure (IRDAI circular)
2024-04,Health (Retail),Broker,East,176,6031124.0,159,5471630.43,34267.75,Slowdown post revised commission structure (IRDAI circular)
2024-04,Health (Retail),Broker,North,252,5783541.12,234,5596840.08,22950.56,Slowdown post revised commission structure (IRDAI circular)
2024-04,Health (Retail),Broker,South,224,3103927.68,176,2468484.48,13856.82,Slowdown post revised commission structure (IRDAI circular)
2024-04,Health (Retail),Broker,West,224,7689740.8,151,4930827.99,34329.2,Slowdown post revised commission structure (IRDAI circular)
2024-04,Health (Retail),Direct/Online,East,244,5211647.24,173,3727594.67,21359.21,Slowdown post revised commission structure (IRDAI circular)
2024-04,Health (Retail),Direct/Online,North,411,9977242.83,337,8462100.33,24275.53,Slowdown post revised commission structure (IRDAI circular)
2024-04,Health (Retail),Direct/Online,South,383,9154523.45,340,8057173.8,23902.15,Slowdown post revised commission structure (IRDAI circular)
2024-04,Health (Retail),Direct/Online,West,338,6086146.3,257,4692264.88,18006.35,Slowdown post revised commission structure (IRDAI circular)
2024-04,Health (Retail),PoSP,East,83,2104006.84,58,1483755.42,25349.48,Slowdown post revised commission structure (IRDAI circular)
2024-04,Health (Retail),PoSP,North,152,3297015.28,117,2561183.82,21690.89,Slowdown post revised commission structure (IRDAI circular)
2024-04,Health (Retail),PoSP,South,142,4505721.06,112,3708373.76,31730.43,Slowdown post revised commission structure (IRDAI circular)
2024-04,Health (Retail),PoSP,West,140,4406021.2,115,3666348.35,31471.58,Slowdown post revised commission structure (IRDAI circular)
2024-04,Home,Agent,East,81,250751.7,59,181315.26,3095.7,Slowdown post revised commission structure (IRDAI circular)
2024-04,Home,Agent,North,151,327747.01,119,258025.32,2170.51,Slowdown post revised commission structure (IRDAI circular)
2024-04,Home,Agent,South,121,713535.79,88,514539.52,5896.99,Slowdown post revised commission structure (IRDAI circular)
2024-04,Home,Agent,West,119,915545.54,82,616225.08,7693.66,Slowdown post revised commission structure (IRDAI circular)
2024-04,Home,Bancassurance,East,54,409048.38,38,291900.8,7574.97,Slowdown post revised commission structure (IRDAI circular)
2024-04,Home,Bancassurance,North,106,295856.6,90,253027.8,2791.1,Slowdown post revised commission structure (IRDAI circular)
2024-04,Home,Bancassurance,South,83,367138.88,54,229768.38,4423.36,Slowdown post revised commission structure (IRDAI circular)
2024-04,Home,Bancassurance,West,92,582267.08,79,500615.1,6328.99,Slowdown post revised commission structure (IRDAI circular)
2024-04,Home,Broker,East,54,140353.56,44,118840.92,2599.14,Slowdown post revised commission structure (IRDAI circular)
2024-04,Home,Broker,North,93,332079.75,70,242997.3,3570.75,Slowdown post revised commission structure (IRDAI circular)
2024-04,Home,Broker,South,75,336886.5,55,239620.7,4491.82,Slowdown post revised commission structure (IRDAI circular)
2024-04,Home,Broker,West,73,649011.61,48,418545.6,8890.57,Slowdown post revised commission structure (IRDAI circular)
2024-04,Home,Direct/Online,East,64,379118.72,44,266818.2,5923.73,Slowdown post revised commission structure (IRDAI circular)
2024-04,Home,Direct/Online,North,118,731140.98,89,578135.99,6196.11,Slowdown post revised commission structure (IRDAI circular)
2024-04,Home,Direct/Online,South,123,961935.03,102,832776.96,7820.61,Slowdown post revised commission structure (IRDAI circular)
2024-04,Home,Direct/Online,West,99,738320.22,77,551125.19,7457.78,Slowdown post revised commission structure (IRDAI circular)
2024-04,Home,PoSP,East,26,84380.14,19,62668.65,3245.39,Slowdown post revised commission structure (IRDAI circular)
2024-04,Home,PoSP,North,52,396508.32,40,306106.4,7625.16,Slowdown post revised commission structure (IRDAI circular)
2024-04,Home,PoSP,South,53,383159.26,41,306144.54,7229.42,Slowdown post revised commission structure (IRDAI circular)
2024-04,Home,PoSP,West,37,256292.71,27,182505.96,6926.83,Slowdown post revised commission structure (IRDAI circular)
2024-04,Motor (Car),Agent,East,335,3722369.25,255,2807626.5,11111.55,Slowdown post revised commission structure (IRDAI circular)
2024-04,Motor (Car),Agent,North,727,16501889.47,606,13728275.52,22698.61,Slowdown post revised commission structure (IRDAI circular)
2024-04,Motor (Car),Agent,South,626,14493740.44,506,11881659.24,23152.94,Slowdown post revised commission structure (IRDAI circular)
2024-04,Motor (Car),Agent,West,551,6567793.27,423,5242560.48,11919.77,Slowdown post revised commission structure (IRDAI circular)
2024-04,Motor (Car),Bancassurance,East,294,5782906.5,231,4322199.42,19669.75,Slowdown post revised commission structure (IRDAI circular)
2024-04,Motor (Car),Bancassurance,North,469,8587422.83,417,7589033.04,18310.07,Slowdown post revised commission structure (IRDAI circular)
2024-04,Motor (Car),Bancassurance,South,441,6323269.68,338,4996417.4,14338.48,Slowdown post revised commission structure (IRDAI circular)
2024-04,Motor (Car),Bancassurance,West,417,4601336.46,277,2945371.47,11034.38,Slowdown post revised commission structure (IRDAI circular)
2024-04,Motor (Car),Broker,East,237,5034771.12,174,3683954.1,21243.76,Slowdown post revised commission structure (IRDAI circular)
2024-04,Motor (Car),Broker,North,437,7763256.93,381,7002075.15,17764.89,Slowdown post revised commission structure (IRDAI circular)
2024-04,Motor (Car),Broker,South,438,4618228.2,365,3897981.0,10543.9,Slowdown post revised commission structure (IRDAI circular)
2024-04,Motor (Car),Broker,West,380,5068804.8,295,4069616.45,13338.96,Slowdown post revised commission structure (IRDAI circular)
2024-04,Motor (Car),Direct/Online,East,341,8633195.89,311,7715978.42,25317.29,Slowdown post revised commission structure (IRDAI circular)
2024-04,Motor (Car),Direct/Online,North,614,13208865.34,418,8818525.1,21512.81,Slowdown post revised commission structure (IRDAI circular)
2024-04,Motor (Car),Direct/Online,South,551,11705598.28,341,7165569.4,21244.28,Slowdown post revised commission structure (IRDAI circular)
2024-04,Motor (Car),Direct/Online,West,481,4755416.12,402,3845785.26,9886.52,Slowdown post revised commission structure (IRDAI circular)
2024-04,Motor (Car),PoSP,East,141,3469572.9,108,2634058.44,24606.9,Slowdown post revised commission structure (IRDAI circular)
2024-04,Motor (Car),PoSP,North,221,3366420.07,152,2233431.76,15232.67,Slowdown post revised commission structure (IRDAI circular)
2024-04,Motor (Car),PoSP,South,234,4208960.34,180,3319063.2,17987.01,Slowdown post revised commission structure (IRDAI circular)
2024-04,Motor (Car),PoSP,West,242,3466512.06,162,2217378.24,14324.43,Slowdown post revised commission structure (IRDAI circular)
2024-04,Motor (Two-Wheeler),Agent,East,683,2256078.77,598,1979810.56,3303.19,Slowdown post revised commission structure (IRDAI circular)
2024-04,Motor (Two-Wheeler),Agent,North,1241,2149511.28,1056,1862541.12,1732.08,Slowdown post revised commission structure (IRDAI circular)
2024-04,Motor (Two-Wheeler),Agent,South,1156,4175888.16,907,3185628.89,3612.36,Slowdown post revised commission structure (IRDAI circular)
2024-04,Motor (Two-Wheeler),Agent,West,938,2518492.48,710,1835037.6,2684.96,Slowdown post revised commission structure (IRDAI circular)
2024-04,Motor (Two-Wheeler),Bancassurance,East,437,941909.8,318,688670.34,2155.4,Slowdown post revised commission structure (IRDAI circular)
2024-04,Motor (Two-Wheeler),Bancassurance,North,838,1563238.72,694,1352050.8,1865.44,Slowdown post revised commission structure (IRDAI circular)
2024-04,Motor (Two-Wheeler),Bancassurance,South,775,2085951.25,631,1774908.35,2691.55,Slowdown post revised commission structure (IRDAI circular)
2024-04,Motor (Two-Wheeler),Bancassurance,West,722,2562710.12,543,1969070.04,3549.46,Slowdown post revised commission structure (IRDAI circular)
2024-04,Motor (Two-Wheeler),Broker,East,374,747981.3,278,556389.2,1999.95,Slowdown post revised commission structure (IRDAI circular)
2024-04,Motor (Two-Wheeler),Broker,North,761,1238283.98,513,851769.81,1627.18,Slowdown post revised commission structure (IRDAI circular)
2024-04,Motor (Two-Wheeler),Broker,South,706,1574958.92,588,1307629.68,2230.82,Slowdown post revised commission structure (IRDAI circular)
2024-04,Motor (Two-Wheeler),Broker,West,610,1020597.1,387,626525.91,1673.11,Slowdown post revised commission structure (IRDAI circular)
2024-04,Motor (Two-Wheeler),Direct/Online,East,664,2053838.32,482,1418275.36,3093.13,Slowdown post revised commission structure (IRDAI circular)
2024-04,Motor (Two-Wheeler),Direct/Online,North,985,3340302.45,717,2414067.3,3391.17,Slowdown post revised commission structure (IRDAI circular)
2024-04,Motor (Two-Wheeler),Direct/Online,South,919,3350205.31,756,2760352.56,3645.49,Slowdown post revised commission structure (IRDAI circular)
2024-04,Motor (Two-Wheeler),Direct/Online,West,885,3022257.3,683,2431787.35,3414.98,Slowdown post revised commission structure (IRDAI circular)
2024-04,Motor (Two-Wheeler),PoSP,East,250,629477.5,196,484610.0,2517.91,Slowdown post revised commission structure (IRDAI circular)
2024-04,Motor (Two-Wheeler),PoSP,North,478,1384598.7,369,1122302.43,2896.65,Slowdown post revised commission structure (IRDAI circular)
2024-04,Motor (Two-Wheeler),PoSP,South,423,846131.13,292,581418.72,2000.31,Slowdown post revised commission structure (IRDAI circular)
2024-04,Motor (Two-Wheeler),PoSP,West,396,1169130.6,280,826534.8,2952.35,Slowdown post revised commission structure (IRDAI circular)
2024-04,SME/Commercial,Agent,East,46,2962515.46,32,2145681.28,64402.51,Slowdown post revised commission structure (IRDAI circular)
2024-04,SME/Commercial,Agent,North,74,11079497.56,51,7928127.48,149722.94,Slowdown post revised commission structure (IRDAI circular)
2024-04,SME/Commercial,Agent,South,67,3008960.62,49,2107927.57,44909.86,Slowdown post revised commission structure (IRDAI circular)
2024-04,SME/Commercial,Agent,West,59,5733402.29,39,3902788.5,97176.31,Slowdown post revised commission structure (IRDAI circular)
2024-04,SME/Commercial,Bancassurance,East,30,3788922.0,24,3077789.04,126297.4,Slowdown post revised commission structure (IRDAI circular)
2024-04,SME/Commercial,Bancassurance,North,54,969948.54,40,689756.8,17962.01,Slowdown post revised commission structure (IRDAI circular)
2024-04,SME/Commercial,Bancassurance,South,43,4239065.56,36,3490745.4,98582.92,Slowdown post revised commission structure (IRDAI circular)
2024-04,SME/Commercial,Bancassurance,West,41,3525836.0,28,2439608.08,85996.0,Slowdown post revised commission structure (IRDAI circular)
2024-04,SME/Commercial,Broker,East,27,1673162.19,21,1307872.65,61968.97,Slowdown post revised commission structure (IRDAI circular)
2024-04,SME/Commercial,Broker,North,53,3072607.69,37,2213098.76,57973.73,Slowdown post revised commission structure (IRDAI circular)
2024-04,SME/Commercial,Broker,South,44,3362912.52,37,2722773.39,76429.83,Slowdown post revised commission structure (IRDAI circular)
2024-04,SME/Commercial,Broker,West,37,4231016.6,25,2730796.5,114351.8,Slowdown post revised commission structure (IRDAI circular)
2024-04,SME/Commercial,Direct/Online,East,40,4393110.0,30,3438152.7,109827.75,Slowdown post revised commission structure (IRDAI circular)
2024-04,SME/Commercial,Direct/Online,North,64,7660536.96,49,5744909.94,119695.89,Slowdown post revised commission structure (IRDAI circular)
2024-04,SME/Commercial,Direct/Online,South,55,1062572.5,44,818171.2,19319.5,Slowdown post revised commission structure (IRDAI circular)
2024-04,SME/Commercial,Direct/Online,West,50,2515395.0,42,2217364.8,50307.9,Slowdown post revised commission structure (IRDAI circular)
2024-04,SME/Commercial,PoSP,East,14,2103603.32,10,1527067.8,150257.38,Slowdown post revised commission structure (IRDAI circular)
2024-04,SME/Commercial,PoSP,North,28,2658522.72,21,2024826.09,94947.24,Slowdown post revised commission structure (IRDAI circular)
2024-04,SME/Commercial,PoSP,South,22,804311.42,19,724384.12,36559.61,Slowdown post revised commission structure (IRDAI circular)
2024-04,SME/Commercial,PoSP,West,23,1228348.12,15,837390.6,53406.44,Slowdown post revised commission structure (IRDAI circular)
2024-04,Travel,Agent,East,392,1078544.88,296,805498.88,2751.39,Slowdown post revised commission structure (IRDAI circular)
2024-04,Travel,Agent,North,755,972651.4,555,726733.65,1288.28,Slowdown post revised commission structure (IRDAI circular)
2024-04,Travel,Agent,South,679,1341439.19,461,904509.66,1975.61,Slowdown post revised commission structure (IRDAI circular)
2024-04,Travel,Agent,West,601,910190.46,462,730232.58,1514.46,Slowdown post revised commission structure (IRDAI circular)
2024-04,Travel,Bancassurance,East,249,169733.34,186,130220.46,681.66,Slowdown post revised commission structure (IRDAI circular)
2024-04,Travel,Bancassurance,North,512,836633.6,425,692312.25,1634.05,Slowdown post revised commission structure (IRDAI circular)
2024-04,Travel,Bancassurance,South,444,441296.04,342,344554.74,993.91,Slowdown post revised commission structure (IRDAI circular)
2024-04,Travel,Bancassurance,West,420,1181342.4,366,1043067.06,2812.72,Slowdown post revised commission structure (IRDAI circular)
2024-04,Travel,Broker,East,253,412278.68,194,314991.98,1629.56,Slowdown post revised commission structure (IRDAI circular)
2024-04,Travel,Broker,North,450,333774.0,336,243136.32,741.72,Slowdown post revised commission structure (IRDAI circular)
2024-04,Travel,Broker,South,403,570934.13,343,478659.93,1416.71,Slowdown post revised commission structure (IRDAI circular)
2024-04,Travel,Broker,West,360,1052776.8,303,895604.37,2924.38,Slowdown post revised commission structure (IRDAI circular)
2024-04,Travel,Direct/Online,East,337,808520.29,221,512359.77,2399.17,Slowdown post revised commission structure (IRDAI circular)
2024-04,Travel,Direct/Online,North,528,988268.16,360,653781.6,1871.72,Slowdown post revised commission structure (IRDAI circular)
2024-04,Travel,Direct/Online,South,559,1102923.77,447,896592.6,1973.03,Slowdown post revised commission structure (IRDAI circular)
2024-04,Travel,Direct/Online,West,492,980359.2,341,666491.32,1992.6,Slowdown post revised commission structure (IRDAI circular)
2024-04,Travel,PoSP,East,146,318560.32,116,261911.76,2181.92,Slowdown post revised commission structure (IRDAI circular)
2024-04,Travel,PoSP,North,288,874808.64,207,622020.51,3037.53,Slowdown post revised commission structure (IRDAI circular)
2024-04,Travel,PoSP,South,261,762033.87,210,594988.8,2919.67,Slowdown post revised commission structure (IRDAI circular)
2024-04,Travel,PoSP,West,209,217008.88,146,146417.56,1038.32,Slowdown post revised commission structure (IRDAI circular)
2024-05,Crop,Agent,East,22,288383.92,18,242605.8,13108.36,
2024-05,Crop,Agent,North,42,332728.62,29,225913.19,7922.11,
2024-05,Crop,Agent,South,44,890945.0,29,564964.66,20248.75,
2024-05,Crop,Agent,West,38,514193.96,32,442148.8,13531.42,
2024-05,Crop,Bancassurance,East,19,164061.77,13,108023.89,8634.83,
2024-05,Crop,Bancassurance,North,32,495707.52,21,315233.73,15490.86,
2024-05,Crop,Bancassurance,South,32,192979.84,21,121086.21,6030.62,
2024-05,Crop,Bancassurance,West,27,115130.16,21,86491.86,4264.08,
2024-05,Crop,Broker,East,14,81600.68,10,57269.0,5828.62,
2024-05,Crop,Broker,North,28,552660.36,20,396750.0,19737.87,
2024-05,Crop,Broker,South,24,286583.76,16,182733.44,11940.99,
2024-05,Crop,Broker,West,24,296080.8,17,205855.21,12336.7,
2024-05,Crop,Direct/Online,East,22,360786.14,16,255305.44,16399.37,
2024-05,Crop,Direct/Online,North,39,720165.03,34,643637.68,18465.77,
2024-05,Crop,Direct/Online,South,34,111569.98,22,69602.06,3281.47,
2024-05,Crop,Direct/Online,West,33,472740.18,24,342370.56,14325.46,
2024-05,Crop,PoSP,East,9,66722.49,6,44300.88,7413.61,
2024-05,Crop,PoSP,North,18,250505.64,15,211857.75,13916.98,
2024-05,Crop,PoSP,South,15,219752.7,10,140475.6,14650.18,
2024-05,Crop,PoSP,West,14,48875.12,11,38099.82,3491.08,
2024-05,Health (Group),Agent,East,45,3355170.75,27,2052706.05,74559.35,
2024-05,Health (Group),Agent,North,99,4632090.21,86,3914726.88,46788.79,
2024-05,Health (Group),Agent,South,94,3370518.52,75,2664131.25,35856.58,
2024-05,Health (Group),Agent,West,81,7112180.7,60,5123649.0,87804.7,
2024-05,Health (Group),Bancassurance,East,37,1552570.69,27,1150607.7,41961.37,
2024-05,Health (Group),Bancassurance,North,78,5543311.02,62,4436108.68,71068.09,
2024-05,Health (Group),Bancassurance,South,68,4841527.24,46,3195495.8,71198.93,
2024-05,Health (Group),Bancassurance,West,61,5644020.73,53,4759533.03,92524.93,
2024-05,Health (Group),Broker,East,34,2339161.92,29,2090316.52,68798.88,
2024-05,Health (Group),Broker,North,58,2315868.66,43,1705507.28,39928.77,
2024-05,Health (Group),Broker,South,56,4473302.96,37,3071705.96,79880.41,
2024-05,Health (Group),Broker,West,52,2477532.2,30,1392191.1,47644.85,
2024-05,Health (Group),Direct/Online,East,49,3804162.04,36,2842178.4,77635.96,
2024-05,Health (Group),Direct/Online,North,75,4967491.5,54,3593702.16,66233.22,
2024-05,Health (Group),Direct/Online,South,80,6133100.8,62,4835213.22,76663.76,
2024-05,Health (Group),Direct/Online,West,68,2325013.84,43,1542533.41,34191.38,
2024-05,Health (Group),PoSP,East,23,1129558.29,19,904795.01,49111.23,
2024-05,Health (Group),PoSP,North,40,1532730.4,27,1042208.1,38318.26,
2024-05,Health (Group),PoSP,South,37,1008344.35,29,774239.68,27252.55,
2024-05,Health (Group),PoSP,West,32,2548721.28,28,2250233.44,79647.54,
2024-05,Health (Retail),Agent,East,279,6213547.62,222,5099757.36,22270.78,
2024-05,Health (Retail),Agent,North,497,8495121.6,386,6285226.42,17092.8,
2024-05,Health (Retail),Agent,South,428,6980388.96,296,4942199.52,16309.32,
2024-05,Health (Retail),Agent,West,407,9500723.1,345,7669136.1,23343.3,
2024-05,Health (Retail),Bancassurance,East,192,3279768.96,148,2612790.52,17082.13,
2024-05,Health (Retail),Bancassurance,North,336,5583893.28,250,4059072.5,16618.73,
2024-05,Health (Retail),Bancassurance,South,329,4914901.39,219,3200354.31,14938.91,
2024-05,Health (Retail),Bancassurance,West,303,6836416.29,247,5591667.51,22562.43,
2024-05,Health (Retail),Broker,East,171,5684426.46,127,4060700.54,33242.26,
2024-05,Health (Retail),Broker,North,344,11249298.8,227,7519039.04,32701.45,
2024-05,Health (Retail),Broker,South,280,5597253.2,192,4027109.76,19990.19,
2024-05,Health (Retail),Broker,West,264,5599891.44,187,3952063.61,21211.71,
2024-05,Health (Retail),Direct/Online,East,268,5630867.6,218,4777602.98,21010.7,
2024-05,Health (Retail),Direct/Online,North,461,10133678.95,375,7994696.25,21981.95,
2024-05,Health (Retail),Direct/Online,South,373,10485134.44,265,7563953.3,28110.28,
2024-05,Health (Retail),Direct/Online,West,325,5750615.0,239,4313768.36,17694.2,
2024-05,Health (Retail),PoSP,East,107,3501525.78,71,2342128.83,32724.54,
2024-05,Health (Retail),PoSP,North,185,4189802.3,135,3177258.75,22647.58,
2024-05,Health (Retail),PoSP,South,170,5872876.1,123,4246463.07,34546.33,
2024-05,Health (Retail),PoSP,West,144,3624305.76,106,2709252.94,25168.79,
2024-05,Home,Agent,East,107,268632.06,84,205947.0,2510.58,
2024-05,Home,Agent,North,175,902559.0,143,740072.19,5157.48,
2024-05,Home,Agent,South,140,882624.4,97,616657.13,6304.46,
2024-05,Home,Agent,West,130,347565.4,100,257926.0,2673.58,
2024-05,Home,Bancassurance,East,64,526293.12,44,352135.08,8223.33,
2024-05,Home,Bancassurance,North,134,468378.24,104,359930.48,3495.36,
2024-05,Home,Bancassurance,South,128,677948.16,92,467555.04,5296.47,
2024-05,Home,Bancassurance,West,101,707211.09,71,485801.17,7002.09,
2024-05,Home,Broker,East,65,304721.3,44,199015.52,4688.02,
2024-05,Home,Broker,North,119,822046.05,91,605150.0,6907.95,
2024-05,Home,Broker,South,105,680369.55,76,505064.84,6479.71,
2024-05,Home,Broker,West,89,760349.25,64,548005.76,8543.25,
2024-05,Home,Direct/Online,East,88,262060.48,74,218128.32,2977.96,
2024-05,Home,Direct/Online,North,159,1471721.49,138,1257951.42,9256.11,
2024-05,Home,Direct/Online,South,150,1233202.5,105,846097.35,8221.35,
2024-05,Home,Direct/Online,West,127,543747.96,107,475748.75,4281.48,
2024-05,Home,PoSP,East,33,217990.08,26,167004.5,6605.76,
2024-05,Home,PoSP,North,66,318475.74,48,231856.32,4825.39,
2024-05,Home,PoSP,South,56,469269.92,39,324067.77,8379.82,
2024-05,Home,PoSP,West,52,148259.8,46,132540.72,2851.15,
2024-05,Motor (Car),Agent,East,448,5702117.12,349,4353460.9,12727.94,
2024-05,Motor (Car),Agent,North,778,15028532.64,628,12100881.76,19316.88,
2024-05,Motor (Car),Agent,South,723,12775923.33,490,8562416.8,17670.71,
2024-05,Motor (Car),Agent,West,650,10212832.5,522,7914360.42,15712.05,
2024-05,Motor (Car),Bancassurance,East,341,5256535.46,225,3426601.5,15415.06,
2024-05,Motor (Car),Bancassurance,North,505,11036850.75,385,8576398.6,21855.15,
2024-05,Motor (Car),Bancassurance,South,520,4701725.6,429,3868893.6,9041.78,
2024-05,Motor (Car),Bancassurance,West,473,6992141.42,376,5494664.72,14782.54,
2024-05,Motor (Car),Broker,East,280,6517534.8,233,5190056.36,23276.91,
2024-05,Motor (Car),Broker,North,555,12550703.4,480,11106307.2,22613.88,
2024-05,Motor (Car),Broker,South,513,6175442.7,322,3706403.54,12037.9,
2024-05,Motor (Car),Broker,West,405,7041244.95,267,4510404.3,17385.79,
2024-05,Motor (Car),Direct/Online,East,421,7120730.85,372,6150874.92,16913.85,
2024-05,Motor (Car),Direct/Online,North,741,8626129.2,469,5240221.42,11641.2,
2024-05,Motor (Car),Direct/Online,South,669,6365100.15,464,4437334.08,9514.35,
2024-05,Motor (Car),Direct/Online,West,575,8174292.0,416,6018442.56,14216.16,
2024-05,Motor (Car),PoSP,East,187,4881928.59,148,3738928.44,26106.57,
2024-05,Motor (Car),PoSP,North,280,6305756.8,205,4652456.55,22520.56,
2024-05,Motor (Car),PoSP,South,290,4654775.5,235,3754244.85,16050.95,
2024-05,Motor (Car),PoSP,West,225,3706643.25,183,3132654.39,16473.97,
2024-05,Motor (Two-Wheeler),Agent,East,748,1410982.32,534,981459.96,1886.34,
2024-05,Motor (Two-Wheeler),Agent,North,1255,2268851.75,1083,2012463.09,1807.85,
2024-05,Motor (Two-Wheeler),Agent,South,1171,3358170.38,945,2615079.6,2867.78,
2024-05,Motor (Two-Wheeler),Agent,West,1127,3126106.41,810,2202876.0,2773.83,
2024-05,Motor (Two-Wheeler),Bancassurance,East,519,1358845.8,420,1103562.6,2618.2,
2024-05,Motor (Two-Wheeler),Bancassurance,North,1068,2322141.72,856,1903769.68,2174.29,
2024-05,Motor (Two-Wheeler),Bancassurance,South,1009,1872976.43,815,1490317.15,1856.27,
2024-05,Motor (Two-Wheeler),Bancassurance,West,821,1600235.73,659,1224764.68,1949.13,
2024-05,Motor (Two-Wheeler),Broker,East,518,1421858.2,367,1044338.87,2744.9,
2024-05,Motor (Two-Wheeler),Broker,North,856,2419672.32,747,2006464.41,2826.72,
2024-05,Motor (Two-Wheeler),Broker,South,848,2818853.76,561,1894856.04,3324.12,
2024-05,Motor (Two-Wheeler),Broker,West,805,2598427.3,687,2203779.21,3227.86,
2024-05,Motor (Two-Wheeler),Direct/Online,East,811,1485484.37,547,1021599.08,1831.67,
2024-05,Motor (Two-Wheeler),Direct/Online,North,1190,3404780.4,840,2299390.8,2861.16,
2024-05,Motor (Two-Wheeler),Direct/Online,South,1027,2646661.16,743,1820231.12,2577.08,
2024-05,Motor (Two-Wheeler),Direct/Online,West,1034,2988632.24,632,1913582.24,2890.36,
2024-05,Motor (Two-Wheeler),PoSP,East,271,458320.62,187,326876.0,1691.22,
2024-05,Motor (Two-Wheeler),PoSP,North,539,1319428.88,395,990636.3,2447.92,
2024-05,Motor (Two-Wheeler),PoSP,South,542,1246291.06,439,1000898.05,2299.43,
2024-05,Motor (Two-Wheeler),PoSP,West,429,1534545.87,326,1129319.42,3577.03,
2024-05,SME/Commercial,Agent,East,43,817012.9,27,506669.58,19000.3,
2024-05,SME/Commercial,Agent,North,83,3139824.43,70,2771913.2,37829.21,
2024-05,SME/Commercial,Agent,South,81,2644889.76,57,1926849.09,32652.96,
2024-05,SME/Commercial,Agent,West,67,8103789.36,48,5739918.24,120952.08,
2024-05,SME/Commercial,Bancassurance,East,27,2799958.59,17,1714064.61,103702.17,
2024-05,SME/Commercial,Bancassurance,North,61,1329385.81,48,1006833.12,21793.21,
2024-05,SME/Commercial,Bancassurance,South,55,4522873.85,39,3156895.95,82234.07,
2024-05,SME/Commercial,Bancassurance,West,46,5012713.38,31,3342794.48,108972.03,
2024-05,SME/Commercial,Broker,East,31,2126165.07,21,1460373.39,68585.97,
2024-05,SME/Commercial,Broker,North,58,3648283.52,37,2369403.04,62901.44,
2024-05,SME/Commercial,Broker,South,51,6820933.8,36,4986940.32,133743.8,
2024-05,SME/Commercial,Broker,West,44,6740524.56,34,5290932.44,153193.74,
2024-05,SME/Commercial,Direct/Online,East,42,1313206.86,37,1129829.41,31266.83,
2024-05,SME/Commercial,Direct/Online,North,71,9055430.17,49,6505479.12,127541.27,
2024-05,SME/Commercial,Direct/Online,South,78,6311027.58,61,4818579.71,80910.61,
2024-05,SME/Commercial,Direct/Online,West,68,8848590.44,60,7671424.8,130126.33,
2024-05,SME/Commercial,PoSP,East,15,1416064.95,14,1261774.36,94404.33,
2024-05,SME/Commercial,PoSP,North,33,4840090.86,22,3289922.9,146669.42,
2024-05,SME/Commercial,PoSP,South,28,767767.0,24,671787.12,27420.25,
2024-05,SME/Commercial,PoSP,West,30,3532955.4,22,2579691.62,117765.18,
2024-05,Travel,Agent,East,477,366507.72,324,243975.24,768.36,
2024-05,Travel,Agent,North,1040,2529987.2,819,2038654.8,2432.68,
2024-05,Travel,Agent,South,936,2475691.92,688,1744135.04,2644.97,
2024-05,Travel,Agent,West,656,1000419.68,451,674123.23,1525.03,
2024-05,Travel,Bancassurance,East,413,448117.39,307,328471.58,1085.03,
2024-05,Travel,Bancassurance,North,706,2221767.88,611,1975363.0,3146.98,
2024-05,Travel,Bancassurance,South,695,485207.3,571,394304.05,698.14,
2024-05,Travel,Bancassurance,West,506,366652.66,390,285612.6,724.61,
2024-05,Travel,Broker,East,315,883187.55,208,566943.52,2803.77,
2024-05,Travel,Broker,North,540,1187006.4,350,733673.5,2198.16,
2024-05,Travel,Broker,South,495,1481020.2,402,1231953.12,2991.96,
2024-05,Travel,Broker,West,455,1029583.1,356,833524.16,2262.82,
2024-05,Travel,Direct/Online,East,416,264434.56,274,166537.2,635.66,
2024-05,Travel,Direct/Online,North,776,929997.2,517,604750.41,1198.45,
2024-05,Travel,Direct/Online,South,704,1217096.32,560,956541.6,1728.83,
2024-05,Travel,Direct/Online,West,707,665081.97,607,587181.45,940.71,
2024-05,Travel,PoSP,East,160,310475.2,120,244276.8,1940.47,
2024-05,Travel,PoSP,North,380,398031.0,329,352780.12,1047.45,
2024-05,Travel,PoSP,South,301,344933.96,213,241580.34,1145.96,
2024-05,Travel,PoSP,West,281,482434.85,209,358221.82,1716.85,
2024-06,Crop,Agent,East,39,263982.03,26,172931.98,6768.77,
2024-06,Crop,Agent,North,71,565806.1,58,469884.68,7969.1,
2024-06,Crop,Agent,South,69,1033658.64,49,746088.21,14980.56,
2024-06,Crop,Agent,West,59,337279.4,38,223685.86,5716.6,
2024-06,Crop,Bancassurance,East,28,122582.04,21,96130.02,4377.93,
2024-06,Crop,Bancassurance,North,44,332328.92,33,239353.62,7552.93,
2024-06,Crop,Bancassurance,South,44,525544.8,40,485958.8,11944.2,
2024-06,Crop,Bancassurance,West,43,635447.98,33,492914.4,14777.86,
2024-06,Crop,Broker,East,26,463645.26,19,347820.08,17832.51,
2024-06,Crop,Broker,North,45,821214.9,29,544420.19,18249.22,
2024-06,Crop,Broker,South,39,721413.81,28,527099.44,18497.79,
2024-06,Crop,Broker,West,30,571568.4,24,463718.64,19052.28,
2024-06,Crop,Direct/Online,East,39,603899.79,29,462253.04,15484.61,
2024-06,Crop,Direct/Online,North,61,958925.49,47,717700.34,15720.09,
2024-06,Crop,Direct/Online,South,57,309342.42,36,192184.92,5427.06,
2024-06,Crop,Direct/Online,West,49,226300.62,34,152580.1,4618.38,
2024-06,Crop,PoSP,East,15,106317.6,10,68016.4,7087.84,
2024-06,Crop,PoSP,North,25,119213.5,21,98150.85,4768.54,
2024-06,Crop,PoSP,South,23,404056.41,19,348653.23,17567.67,
2024-06,Crop,PoSP,West,22,181521.78,20,162703.0,8250.99,
2024-06,Health (Group),Agent,East,51,3444816.93,43,2946774.95,67545.43,
2024-06,Health (Group),Agent,North,102,3091948.44,77,2246115.41,30313.22,
2024-06,Health (Group),Agent,South,106,3916077.78,73,2665017.57,36944.13,
2024-06,Health (Group),Agent,West,76,5764881.2,65,4963449.4,75853.7,
2024-06,Health (Group),Bancassurance,East,45,2180848.05,38,1820338.7,48463.29,
2024-06,Health (Group),Bancassurance,North,74,3891646.68,61,3344309.75,52589.82,
2024-06,Health (Group),Bancassurance,South,67,2196314.27,48,1650808.8,32780.81,
2024-06,Health (Group),Bancassurance,West,69,6417363.63,57,5152953.33,93005.27,
2024-06,Health (Group),Broker,East,40,1972106.4,28,1380060.08,49302.66,
2024-06,Health (Group),Broker,North,67,3589021.16,52,2765600.76,53567.48,
2024-06,Health (Group),Broker,South,65,3950485.5,44,2641066.56,60776.7,
2024-06,Health (Group),Broker,West,58,3504114.08,43,2638295.53,60415.76,
2024-06,Health (Group),Direct/Online,East,49,2225445.25,40,1804004.8,45417.25,
2024-06,Health (Group),Direct/Online,North,82,6035132.76,67,5101410.82,73599.18,
2024-06,Health (Group),Direct/Online,South,81,5212525.77,69,4601425.08,64352.17,
2024-06,Health (Group),Direct/Online,West,78,3688057.62,61,2979912.83,47282.79,
2024-06,Health (Group),PoSP,East,22,2002858.22,14,1325747.5,91039.01,
2024-06,Health (Group),PoSP,North,39,1199586.57,32,1002340.16,30758.63,
2024-06,Health (Group),PoSP,South,35,2070028.45,24,1426087.92,59143.67,
2024-06,Health (Group),PoSP,West,33,2833685.25,30,2594074.2,85869.25,
2024-06,Health (Retail),Agent,East,266,8811132.96,231,7802209.8,33124.56,
2024-06,Health (Retail),Agent,North,534,19420223.64,379,13631049.57,36367.46,
2024-06,Health (Retail),Agent,South,468,7723024.92,414,7088768.82,16502.19,
2024-06,Health (Retail),Agent,West,388,12476535.76,319,9769646.15,32156.02,
2024-06,Health (Retail),Bancassurance,East,211,6948554.94,170,5855724.8,32931.54,
2024-06,Health (Retail),Bancassurance,North,366,6818913.06,253,4594905.04,18630.91,
2024-06,Health (Retail),Bancassurance,South,378,10101414.96,307,7992385.81,26723.32,
2024-06,Health (Retail),Bancassurance,West,305,10500860.25,234,8423232.48,34429.05,
2024-06,Health (Retail),Broker,East,193,7033807.8,133,5088706.35,36444.6,
2024-06,Health (Retail),Broker,North,308,5180264.32,248,4356191.92,16819.04,
2024-06,Health (Retail),Broker,South,266,9252320.56,203,7277935.7,34783.16,
2024-06,Health (Retail),Broker,West,263,7976427.06,181,5414186.03,30328.62,
2024-06,Health (Retail),Direct/Online,East,252,3553164.72,190,2551168.0,14099.86,
2024-06,Health (Retail),Direct/Online,North,488,15239298.16,374,11477297.04,31228.07,
2024-06,Health (Retail),Direct/Online,South,473,16269979.66,333,11690687.61,34397.42,
2024-06,Health (Retail),Direct/Online,West,368,8658039.04,313,7659081.83,23527.28,
2024-06,Health (Retail),PoSP,East,104,2255845.28,86,1908525.76,21690.82,
2024-06,Health (Retail),PoSP,North,195,4444945.05,143,3216294.51,22794.59,
2024-06,Health (Retail),PoSP,South,188,5591492.24,134,3937359.52,29741.98,
2024-06,Health (Retail),PoSP,West,157,3484360.66,118,2612908.22,22193.38,
2024-06,Home,Agent,East,98,819758.24,78,679472.82,8364.88,
2024-06,Home,Agent,North,169,929854.9,120,662941.2,5502.1,
2024-06,Home,Agent,South,174,628627.2,111,405860.4,3612.8,
2024-06,Home,Agent,West,134,1158318.78,117,1033307.73,8644.17,
2024-06,Home,Bancassurance,East,68,640777.6,55,494173.9,9423.2,
2024-06,Home,Bancassurance,North,121,582504.89,83,417841.09,4814.09,
2024-06,Home,Bancassurance,South,119,802916.8,80,538239.2,6747.2,
2024-06,Home,Bancassurance,West,105,850735.2,76,590146.84,8102.24,
2024-06,Home,Broker,East,64,182736.0,43,127483.39,2855.25,
2024-06,Home,Broker,North,114,387932.88,95,321681.4,3402.92,
2024-06,Home,Broker,South,110,838783.0,88,647991.52,7625.3,
2024-06,Home,Broker,West,87,569234.04,70,475577.9,6542.92,
2024-06,Home,Direct/Online,East,79,407021.43,50,263762.5,5152.17,
2024-06,Home,Direct/Online,North,167,1076583.87,129,794740.62,6446.61,
2024-06,Home,Direct/Online,South,146,1194218.68,106,876569.12,8179.58,
2024-06,Home,Direct/Online,West,141,1037207.28,95,730277.35,7356.08,
2024-06,Home,PoSP,East,31,106554.75,26,86979.88,3437.25,
2024-06,Home,PoSP,North,52,386990.24,41,307515.99,7442.12,
2024-06,Home,PoSP,South,61,518644.57,47,405042.71,8502.37,
2024-06,Home,PoSP,West,61,163894.19,38,98251.66,2686.79,
2024-06,Motor (Car),Agent,East,468,6587287.2,393,5621303.01,14075.4,
2024-06,Motor (Car),Agent,North,797,8072637.66,501,5297498.85,10128.78,
2024-06,Motor (Car),Agent,South,729,8689053.06,489,5839867.83,11919.14,
2024-06,Motor (Car),Agent,West,680,9862482.0,512,7348080.64,14503.65,
2024-06,Motor (Car),Bancassurance,East,317,5849585.15,241,4240807.11,18452.95,
2024-06,Motor (Car),Bancassurance,North,596,11868827.44,420,7986178.2,19914.14,
2024-06,Motor (Car),Bancassurance,South,542,6265774.74,400,4749748.0,11560.47,
2024-06,Motor (Car),Bancassurance,West,503,9759688.88,444,8789939.04,19402.96,
2024-06,Motor (Car),Broker,East,306,2645917.74,269,2340165.5,8646.79,
2024-06,Motor (Car),Broker,North,534,9533635.5,488,8655011.84,17853.25,
2024-06,Motor (Car),Broker,South,523,5935893.1,398,4736621.88,11349.7,
2024-06,Motor (Car),Broker,West,480,5347440.0,385,4444193.6,11140.5,
2024-06,Motor (Car),Direct/Online,East,422,8976754.46,321,7073912.31,21271.93,
2024-06,Motor (Car),Direct/Online,North,761,16802309.25,651,14388805.62,22079.25,
2024-06,Motor (Car),Direct/Online,South,602,15320689.3,450,11564941.5,25449.65,
2024-06,Motor (Car),Direct/Online,West,671,7707038.9,548,6308987.0,11485.9,
2024-06,Motor (Car),PoSP,East,169,3999153.47,111,2585199.99,23663.63,
2024-06,Motor (Car),PoSP,North,333,6822637.2,255,5225470.2,20488.4,
2024-06,Motor (Car),PoSP,South,297,3912951.24,217,2976200.57,13174.92,
2024-06,Motor (Car),PoSP,West,259,4109224.07,183,2770563.27,15865.73,
2024-06,Motor (Two-Wheeler),Agent,East,781,1498075.15,496,982546.24,1918.15,
2024-06,Motor (Two-Wheeler),Agent,North,1622,3208478.2,1260,2446693.2,1978.1,
2024-06,Motor (Two-Wheeler),Agent,South,1344,4580284.8,1045,3542215.6,3407.95,
2024-06,Motor (Two-Wheeler),Agent,West,1219,4278555.91,909,3316341.06,3509.89,
2024-06,Motor (Two-Wheeler),Bancassurance,East,591,1004593.62,481,813481.63,1699.82,
2024-06,Motor (Two-Wheeler),Bancassurance,North,1128,2195787.36,910,1743887.6,1946.62,
2024-06,Motor (Two-Wheeler),Bancassurance,South,992,2745588.16,660,1853689.2,2767.73,
2024-06,Motor (Two-Wheeler),Bancassurance,West,913,2152370.11,725,1773002.0,2357.47,
2024-06,Motor (Two-Wheeler),Broker,East,506,1341142.88,349,962008.03,2650.48,
2024-06,Motor (Two-Wheeler),Broker,North,917,2471681.8,628,1654045.24,2695.4,
2024-06,Motor (Two-Wheeler),Broker,South,832,1890287.36,625,1416937.5,2271.98,
2024-06,Motor (Two-Wheeler),Broker,West,737,1408230.12,612,1214605.8,1910.76,
2024-06,Motor (Two-Wheeler),Direct/Online,East,636,2011591.68,425,1304992.25,3162.88,
2024-06,Motor (Two-Wheeler),Direct/Online,North,1288,4330049.92,997,3454724.64,3361.84,
2024-06,Motor (Two-Wheeler),Direct/Online,South,1185,3152941.35,708,1925257.32,2660.71,
2024-06,Motor (Two-Wheeler),Direct/Online,West,1096,2305490.8,723,1485714.39,2103.55,
2024-06,Motor (Two-Wheeler),PoSP,East,352,1054848.96,260,765481.6,2996.73,
2024-06,Motor (Two-Wheeler),PoSP,North,489,1808991.93,368,1369868.96,3699.37,
2024-06,Motor (Two-Wheeler),PoSP,South,481,1731931.89,386,1380108.26,3600.69,
2024-06,Motor (Two-Wheeler),PoSP,West,493,1394524.45,426,1214926.44,2828.65,
2024-06,SME/Commercial,Agent,East,48,7046941.44,41,6102889.36,146811.28,
2024-06,SME/Commercial,Agent,North,82,12581959.46,53,7854912.7,153438.53,
2024-06,SME/Commercial,Agent,South,80,12318059.2,61,9652128.82,153975.74,
2024-06,SME/Commercial,Agent,West,75,11096085.75,53,7789346.4,147947.81,
2024-06,SME/Commercial,Bancassurance,East,36,3819804.48,28,2925936.16,106105.68,
2024-06,SME/Commercial,Bancassurance,North,63,2188092.06,41,1370723.48,34731.62,
2024-06,SME/Commercial,Bancassurance,South,59,8497306.26,49,7326548.11,144022.14,
2024-06,SME/Commercial,Bancassurance,West,51,1492426.26,40,1182168.0,29263.26,
2024-06,SME/Commercial,Broker,East,29,2145780.18,21,1581896.4,73992.42,
2024-06,SME/Commercial,Broker,North,54,5601434.58,42,4380140.94,103730.27,
2024-06,SME/Commercial,Broker,South,52,6075499.56,36,4265563.68,116836.53,
2024-06,SME/Commercial,Broker,West,43,3414315.24,34,2623949.32,79402.68,
2024-06,SME/Commercial,Direct/Online,East,44,6262879.92,41,5547423.41,142338.18,
2024-06,SME/Commercial,Direct/Online,North,74,9931060.48,52,7048543.84,134203.52,
2024-06,SME/Commercial,Direct/Online,South,74,5741358.08,55,4219600.55,77585.92,
2024-06,SME/Commercial,Direct/Online,West,64,6249345.28,44,4415099.48,97646.02,
2024-06,SME/Commercial,PoSP,East,16,538865.6,12,397638.12,33679.1,
2024-06,SME/Commercial,PoSP,North,27,3283794.0,19,2408458.81,121622.0,
2024-06,SME/Commercial,PoSP,South,28,2064043.8,22,1612388.36,73715.85,
2024-06,SME/Commercial,PoSP,West,27,3530746.53,22,2955654.46,130768.39,
2024-06,Travel,Agent,East,459,687802.32,348,523743.48,1498.48,
2024-06,Travel,Agent,North,879,2277330.78,749,1986977.16,2590.82,
2024-06,Travel,Agent,South,768,1417259.52,657,1236874.77,1845.39,
2024-06,Travel,Agent,West,707,1938756.61,549,1514081.61,2742.23,
2024-06,Travel,Bancassurance,East,355,1093613.0,215,681799.4,3080.6,
2024-06,Travel,Bancassurance,North,642,1658568.48,412,1110817.92,2583.44,
2024-06,Travel,Bancassurance,South,624,1218316.32,517,970424.51,1952.43,
2024-06,Travel,Bancassurance,West,506,383289.94,343,255171.42,757.49,
2024-06,Travel,Broker,East,328,308297.04,243,233838.9,939.93,
2024-06,Travel,Broker,North,605,1103060.2,447,811810.11,1823.24,
2024-06,Travel,Broker,South,518,940900.38,402,716971.02,1816.41,
2024-06,Travel,Broker,West,431,294515.23,355,252156.5,683.33,
2024-06,Travel,Direct/Online,East,427,1170735.79,301,837514.44,2741.77,
2024-06,Travel,Direct/Online,North,930,1673953.5,637,1118030.55,1799.95,
2024-06,Travel,Direct/Online,South,757,1412910.22,512,983572.48,1866.46,
2024-06,Travel,Direct/Online,West,679,848763.58,479,571868.52,1250.02,
2024-06,Travel,PoSP,East,186,258426.54,124,179537.12,1389.39,
2024-06,Travel,PoSP,North,325,740421.5,262,592568.02,2278.22,
2024-06,Travel,PoSP,South,332,922983.24,275,800684.5,2780.07,
2024-06,Travel,PoSP,West,288,757840.32,205,536507.55,2631.39,
2024-07,Crop,Agent,East,40,216534.0,32,168243.84,5413.35,
2024-07,Crop,Agent,North,69,1153677.24,43,727624.93,16719.96,
2024-07,Crop,Agent,South,69,448437.9,61,415334.97,6499.1,
2024-07,Crop,Agent,West,66,1324320.36,44,874515.84,20065.46,
2024-07,Crop,Bancassurance,East,29,132157.35,23,102460.17,4557.15,
2024-07,Crop,Bancassurance,North,51,497426.46,39,382023.33,9753.46,
2024-07,Crop,Bancassurance,South,51,580614.09,33,379741.56,11384.59,
2024-07,Crop,Bancassurance,West,43,584436.22,32,442878.4,13591.54,
2024-07,Crop,Broker,East,28,497854.84,21,379825.11,17780.53,
2024-07,Crop,Broker,North,43,208028.84,34,171073.72,4837.88,
2024-07,Crop,Broker,South,48,247367.52,30,162028.2,5153.49,
2024-07,Crop,Broker,West,39,711578.01,30,552727.8,18245.59,
2024-07,Crop,Direct/Online,East,36,725470.56,27,526168.71,20151.96,
2024-07,Crop,Direct/Online,North,68,404731.24,62,356488.22,5951.93,
2024-07,Crop,Direct/Online,South,68,1088530.4,45,696557.7,16007.8,
2024-07,Crop,Direct/Online,West,56,546708.4,38,356251.9,9762.65,
2024-07,Crop,PoSP,East,15,92479.05,10,61185.4,6165.27,
2024-07,Crop,PoSP,North,28,374667.44,19,257273.3,13380.98,
2024-07,Crop,PoSP,South,25,485058.5,18,365975.28,19402.34,
2024-07,Crop,PoSP,West,24,275903.04,17,196973.73,11495.96,
2024-07,Health (Group),Agent,East,65,4306461.25,45,3107551.05,66253.25,
2024-07,Health (Group),Agent,North,114,4216610.34,78,2867666.88,36987.81,
2024-07,Health (Group),Agent,South,99,6326631.63,68,4534781.96,63905.37,
2024-07,Health (Group),Agent,West,102,3402827.1,82,2808000.62,33361.05,
2024-07,Health (Group),Bancassurance,East,44,1260266.48,30,837662.1,28642.42,
2024-07,Health (Group),Bancassurance,North,70,3535613.2,55,2667702.4,50508.76,
2024-07,Health (Group),Bancassurance,South,71,5027442.55,50,3580705.5,70809.05,
2024-07,Health (Group),Bancassurance,West,62,3639582.28,45,2610802.8,58702.94,
2024-07,Health (Group),Broker,East,37,3138911.65,30,2446073.7,84835.45,
2024-07,Health (Group),Broker,North,66,2235084.06,55,1874099.7,33864.91,
2024-07,Health (Group),Broker,South,68,5794088.24,56,4703644.96,85207.18,
2024-07,Health (Group),Broker,West,59,4012990.02,48,3131175.36,68016.78,
2024-07,Health (Group),Direct/Online,East,60,2733264.6,45,2073454.65,45554.41,
2024-07,Health (Group),Direct/Online,North,92,6344947.44,59,3950874.23,68966.82,
2024-07,Health (Group),Direct/Online,South,82,3569573.16,50,2229649.5,43531.38,
2024-07,Health (Group),Direct/Online,West,77,3327381.75,53,2333350.97,43212.75,
2024-07,Health (Group),PoSP,East,26,2306367.7,17,1441405.18,88706.45,
2024-07,Health (Group),PoSP,North,44,1485250.8,33,1148403.96,33755.7,
2024-07,Health (Group),PoSP,South,41,2259568.63,27,1537178.04,55111.43,
2024-07,Health (Group),PoSP,West,33,1356141.93,26,1084423.34,41095.21,
2024-07,Health (Retail),Agent,East,327,6373684.53,256,4889720.32,19491.39,
2024-07,Health (Retail),Agent,North,560,12285795.2,431,9196027.19,21938.92,
2024-07,Health (Retail),Agent,South,540,17457724.8,368,11530264.32,32329.12,
2024-07,Health (Retail),Agent,West,478,7083964.78,383,5708228.17,14820.01,
2024-07,Health (Retail),Bancassurance,East,248,3229589.92,155,2070693.05,13022.54,
2024-07,Health (Retail),Bancassurance,North,369,5319795.51,305,4404721.55,14416.79,
2024-07,Health (Retail),Bancassurance,South,367,9835401.82,231,6046621.35,26799.46,
2024-07,Health (Retail),Bancassurance,West,307,7809647.13,229,5874202.66,25438.59,
2024-07,Health (Retail),Broker,East,193,6429208.28,142,4722367.62,33311.96,
2024-07,Health (Retail),Broker,North,290,7774798.5,225,5981233.5,26809.65,
2024-07,Health (Retail),Broker,South,336,11560651.2,242,8546162.24,34406.7,
2024-07,Health (Retail),Broker,West,266,8717086.0,219,7303785.78,32771.0,
2024-07,Health (Retail),Direct/Online,East,282,4904228.16,213,3844963.11,17390.88,
2024-07,Health (Retail),Direct/Online,North,463,12858792.51,342,9540866.34,27772.77,
2024-07,Health (Retail),Direct/Online,South,421,13759361.97,288,9843048.0,32682.57,
2024-07,Health (Retail),Direct/Online,West,375,12112203.75,262,8067097.9,32299.21,
2024-07,Health (Retail),PoSP,East,122,2244918.34,100,1857216.0,18400.97,
2024-07,Health (Retail),PoSP,North,203,7085570.87,153,5526312.57,34904.29,
2024-07,Health (Retail),PoSP,South,196,4602281.88,165,3899613.3,23481.03,
2024-07,Health (Retail),PoSP,West,185,4733324.9,117,2967979.95,25585.54,
2024-07,Home,Agent,East,96,605192.64,76,459481.56,6304.09,
2024-07,Home,Agent,North,181,1059928.76,130,785040.1,5855.96,
2024-07,Home,Agent,South,160,878118.4,105,557473.35,5488.24,
2024-07,Home,Agent,West,117,722966.4,85,515667.8,6179.2,
2024-07,Home,Bancassurance,East,68,177264.44,53,137035.21,2606.83,
2024-07,Home,Bancassurance,North,127,703714.62,91,521872.26,5541.06,
2024-07,Home,Bancassurance,South,107,518643.98,92,425155.0,4847.14,
2024-07,Home,Bancassurance,West,104,659796.8,75,475396.5,6344.2,
2024-07,Home,Broker,East,71,525790.5,53,381489.23,7405.5,
2024-07,Home,Broker,North,114,366004.98,90,289760.4,3210.57,
2024-07,Home,Broker,South,111,760668.57,78,538457.4,6852.87,
2024-07,Home,Broker,West,89,446746.18,72,358799.76,5019.62,
2024-07,Home,Direct/Online,East,93,790075.92,74,648689.92,8495.44,
2024-07,Home,Direct/Online,North,159,1024847.22,134,849767.7,6445.58,
2024-07,Home,Direct/Online,South,143,1343679.48,110,1035376.1,9396.36,
2024-07,Home,Direct/Online,West,130,385570.9,86,256212.06,2965.93,
2024-07,Home,PoSP,East,35,88836.65,25,62898.0,2538.19,
2024-07,Home,PoSP,North,62,518535.14,41,340186.43,8363.47,
2024-07,Home,PoSP,South,58,148238.72,47,120866.61,2555.84,
2024-07,Home,PoSP,West,58,529891.48,39,351363.48,9136.06,
2024-07,Motor (Car),Agent,East,475,6335744.75,370,4847843.6,13338.41,
2024-07,Motor (Car),Agent,North,766,8518379.6,549,6367730.22,11120.6,
2024-07,Motor (Car),Agent,South,715,16156311.6,562,12909421.0,22596.24,
2024-07,Motor (Car),Agent,West,581,7333968.81,487,6238694.02,12623.01,
2024-07,Motor (Car),Bancassurance,East,338,7354612.98,284,6072777.68,21759.21,
2024-07,Motor (Car),Bancassurance,North,635,11373700.9,552,10252345.68,17911.34,
2024-07,Motor (Car),Bancassurance,South,543,13676459.55,417,10218835.2,25186.85,
2024-07,Motor (Car),Bancassurance,West,502,6870919.18,397,5357395.9,13687.09,
2024-07,Motor (Car),Broker,East,299,6011269.42,216,4551942.96,20104.58,
2024-07,Motor (Car),Broker,North,589,6098553.12,408,4149812.88,10354.08,
2024-07,Motor (Car),Broker,South,532,10812235.0,441,9169787.97,20323.75,
2024-07,Motor (Car),Broker,West,444,11095875.24,308,7464968.28,24990.71,
2024-07,Motor (Car),Direct/Online,East,454,4563844.08,286,2746655.34,10052.52,
2024-07,Motor (Car),Direct/Online,North,745,19124887.55,590,15868752.1,25670.99,
2024-07,Motor (Car),Direct/Online,South,777,18921224.28,536,13055764.72,24351.64,
2024-07,Motor (Car),Direct/Online,West,636,14716206.84,508,11203767.28,23138.69,
2024-07,Motor (Car),PoSP,East,185,3946310.85,150,3054360.0,21331.41,
2024-07,Motor (Car),PoSP,North,288,4555681.92,206,3265946.66,15818.34,
2024-07,Motor (Car),PoSP,South,269,5912835.2,234,5278059.54,21980.8,
2024-07,Motor (Car),PoSP,West,253,5863495.11,170,4033562.8,23175.87,
2024-07,Motor (Two-Wheeler),Agent,East,931,1705573.38,633,1124296.62,1831.98,
2024-07,Motor (Two-Wheeler),Agent,North,1597,3725385.78,1107,2575391.22,2332.74,
2024-07,Motor (Two-Wheeler),Agent,South,1438,3850949.62,1015,2597253.05,2677.99,
2024-07,Motor (Two-Wheeler),Agent,West,1329,3413031.48,1166,3017409.78,2568.12,
2024-07,Motor (Two-Wheeler),Bancassurance,East,665,1310927.8,541,1032888.02,1971.32,
2024-07,Motor (Two-Wheeler),Bancassurance,North,1120,4089601.6,852,2960682.96,3651.43,
2024-07,Motor (Two-Wheeler),Bancassurance,South,1081,1780666.44,819,1353184.56,1647.24,
2024-07,Motor (Two-Wheeler),Bancassurance,West,943,1591406.8,663,1066740.48,1687.6,
2024-07,Motor (Two-Wheeler),Broker,East,586,2071545.16,408,1399627.68,3535.06,
2024-07,Motor (Two-Wheeler),Broker,North,913,1699659.06,759,1444134.12,1861.62,
2024-07,Motor (Two-Wheeler),Broker,South,891,3157124.85,600,2182488.0,3543.35,
2024-07,Motor (Two-Wheeler),Broker,West,792,2437134.48,585,1793276.55,3077.19,
2024-07,Motor (Two-Wheeler),Direct/Online,East,694,2419235.42,517,1731769.05,3485.93,
2024-07,Motor (Two-Wheeler),Direct/Online,North,1367,3094614.6,1144,2646815.6,2263.8,
2024-07,Motor (Two-Wheeler),Direct/Online,South,1329,4147662.81,866,2644798.64,3120.89,
2024-07,Motor (Two-Wheeler),Direct/Online,West,1218,3517961.58,772,2339808.48,2888.31,
2024-07,Motor (Two-Wheeler),PoSP,East,260,824551.0,178,578122.64,3171.35,
2024-07,Motor (Two-Wheeler),PoSP,North,591,2040847.11,380,1326948.6,3453.21,
2024-07,Motor (Two-Wheeler),PoSP,South,544,1721324.8,457,1511020.23,3164.2,
2024-07,Motor (Two-Wheeler),PoSP,West,450,977548.5,358,765919.52,2172.33,
2024-07,SME/Commercial,Agent,East,50,4821713.5,36,3576585.96,96434.27,
2024-07,SME/Commercial,Agent,North,87,2734075.92,70,2237508.0,31426.16,
2024-07,SME/Commercial,Agent,South,79,10826720.11,53,7095462.98,137047.09,
2024-07,SME/Commercial,Agent,West,68,6927325.24,61,5927984.27,101872.43,
2024-07,SME/Commercial,Bancassurance,East,35,1480602.9,28,1184615.88,42302.94,
2024-07,SME/Commercial,Bancassurance,North,62,7661999.06,48,6035773.92,123580.63,
2024-07,SME/Commercial,Bancassurance,South,58,4674677.04,42,3216089.52,80597.88,
2024-07,SME/Commercial,Bancassurance,West,52,3172994.24,38,2381680.78,61019.12,
2024-07,SME/Commercial,Broker,East,33,1235542.44,24,886963.44,37440.68,
2024-07,SME/Commercial,Broker,North,48,2284507.2,35,1637118.35,47593.9,
2024-07,SME/Commercial,Broker,South,48,2844475.68,37,2288602.07,59259.91,
2024-07,SME/Commercial,Broker,West,49,5466020.07,36,3941055.36,111551.43,
2024-07,SME/Commercial,Direct/Online,East,43,2649931.76,31,1842996.19,61626.32,
2024-07,SME/Commercial,Direct/Online,North,69,10491044.28,56,8894826.08,152044.12,
2024-07,SME/Commercial,Direct/Online,South,78,12195619.02,69,10895827.95,156354.09,
2024-07,SME/Commercial,Direct/Online,West,62,4240724.98,45,2983792.95,68398.79,
2024-07,SME/Commercial,PoSP,East,16,2089364.96,10,1357027.8,130585.31,
2024-07,SME/Commercial,PoSP,North,32,4561550.08,22,2991489.82,142548.44,
2024-07,SME/Commercial,PoSP,South,32,3603577.92,24,2644394.4,112611.81,
2024-07,SME/Commercial,PoSP,West,26,3422865.16,19,2406314.85,131648.66,
2024-07,Travel,Agent,East,380,291023.0,288,222019.2,765.85,
2024-07,Travel,Agent,North,660,1289349.6,534,1027795.14,1953.56,
2024-07,Travel,Agent,South,634,1952504.44,482,1474336.78,3079.66,
2024-07,Travel,Agent,West,569,1214530.5,356,792484.48,2134.5,
2024-07,Travel,Bancassurance,East,282,475175.64,232,405167.12,1685.02,
2024-07,Travel,Bancassurance,North,461,847663.75,321,617010.15,1838.75,
2024-07,Travel,Bancassurance,South,457,777443.83,319,559755.68,1701.19,
2024-07,Travel,Bancassurance,West,413,599254.74,347,516401.93,1450.98,
2024-07,Travel,Broker,East,261,671485.14,222,549059.28,2572.74,
2024-07,Travel,Broker,North,445,1252381.3,401,1110954.46,2814.34,
2024-07,Travel,Broker,South,367,1019837.95,311,836698.85,2778.85,
2024-07,Travel,Broker,West,389,1090246.41,305,837902.1,2802.69,
2024-07,Travel,Direct/Online,East,342,840194.82,252,608000.4,2456.71,
2024-07,Travel,Direct/Online,North,599,1582965.32,438,1155960.84,2642.68,
2024-07,Travel,Direct/Online,South,677,1130813.41,506,841543.78,1670.33,
2024-07,Travel,Direct/Online,West,531,680582.7,369,451910.61,1281.7,
2024-07,Travel,PoSP,East,139,385531.79,83,219979.05,2773.61,
2024-07,Travel,PoSP,North,254,683920.4,202,542069.02,2692.6,
2024-07,Travel,PoSP,South,250,522212.5,197,398253.23,2088.85,
2024-07,Travel,PoSP,West,221,586083.16,153,389531.88,2651.96,
2024-08,Crop,Agent,East,30,113367.6,26,97204.64,3778.92,
2024-08,Crop,Agent,North,52,976248.52,40,736888.4,18774.01,
2024-08,Crop,Agent,South,51,759817.38,36,561808.44,14898.38,
2024-08,Crop,Agent,West,47,493565.8,36,377060.76,10501.4,
2024-08,Crop,Bancassurance,East,22,149533.56,17,119834.53,6796.98,
2024-08,Crop,Bancassurance,North,41,270340.88,33,225938.79,6593.68,
2024-08,Crop,Bancassurance,South,36,369415.08,26,276510.52,10261.53,
2024-08,Crop,Bancassurance,West,38,239955.94,31,193125.97,6314.63,
2024-08,Crop,Broker,East,21,418933.2,13,251666.35,19949.2,
2024-08,Crop,Broker,North,38,372917.94,29,274689.74,9813.63,
2024-08,Crop,Broker,South,35,662206.3,30,569342.4,18920.18,
2024-08,Crop,Broker,West,26,520189.02,21,439147.8,20007.27,
2024-08,Crop,Direct/Online,East,26,233617.28,19,163449.59,8985.28,
2024-08,Crop,Direct/Online,North,47,464532.96,35,334332.6,9883.68,
2024-08,Crop,Direct/Online,South,51,422470.23,34,279652.04,8283.73,
2024-08,Crop,Direct/Online,West,46,231684.52,29,148991.56,5036.62,
2024-08,Crop,PoSP,East,12,143844.84,8,93537.44,11987.07,
2024-08,Crop,PoSP,North,20,423908.0,15,304935.9,21195.4,
2024-08,Crop,PoSP,South,18,138125.88,12,88555.08,7673.66,
2024-08,Crop,PoSP,West,17,333529.46,15,286808.4,19619.38,
2024-08,Health (Group),Agent,East,60,2848785.0,41,1866064.57,47479.75,
2024-08,Health (Group),Agent,North,106,2933015.76,90,2527570.8,27669.96,
2024-08,Health (Group),Agent,South,111,3170214.39,90,2514096.9,28560.49,
2024-08,Health (Group),Agent,West,97,5521015.93,79,4611444.09,56917.69,
2024-08,Health (Group),Bancassurance,East,44,3183510.44,42,3013503.78,72352.51,
2024-08,Health (Group),Bancassurance,North,71,5951628.96,50,4342386.0,83825.76,
2024-08,Health (Group),Bancassurance,South,75,6453045.0,57,4773658.8,86040.6,
2024-08,Health (Group),Bancassurance,West,68,2611048.36,52,2056315.04,38397.77,
2024-08,Health (Group),Broker,East,44,4140845.72,31,3056513.82,94110.13,
2024-08,Health (Group),Broker,North,74,2054747.64,51,1474221.81,27766.86,
2024-08,Health (Group),Broker,South,70,3329233.6,57,2602642.23,47560.48,
2024-08,Health (Group),Broker,West,62,3497229.04,54,2985659.46,56406.92,
2024-08,Health (Group),Direct/Online,East,65,6125622.75,48,4668964.32,94240.35,
2024-08,Health (Group),Direct/Online,North,88,7093844.56,68,5737889.64,80611.87,
2024-08,Health (Group),Direct/Online,South,95,8469063.8,72,6610774.32,89148.04,
2024-08,Health (Group),Direct/Online,West,86,6054108.46,63,4286468.34,70396.61,
2024-08,Health (Group),PoSP,East,23,1716712.87,17,1305149.5,74639.69,
2024-08,Health (Group),PoSP,North,48,4474814.88,30,2812028.7,93225.31,
2024-08,Health (Group),PoSP,South,40,3160831.6,30,2294728.5,79020.79,
2024-08,Health (Group),PoSP,West,38,1708258.46,29,1330734.89,44954.17,
2024-08,Health (Retail),Agent,East,343,9626737.47,235,6356275.3,28066.29,
2024-08,Health (Retail),Agent,North,570,11581983.9,466,9546494.64,20319.27,
2024-08,Health (Retail),Agent,South,580,8492180.2,363,5106763.86,14641.69,
2024-08,Health (Retail),Agent,West,465,12002691.6,294,7575747.9,25812.24,
2024-08,Health (Retail),Bancassurance,East,244,6392865.88,174,4621038.06,26200.27,
2024-08,Health (Retail),Bancassurance,North,465,14476245.15,414,12513079.62,31131.71,
2024-08,Health (Retail),Bancassurance,South,394,13620182.06,285,10089778.05,34568.99,
2024-08,Health (Retail),Bancassurance,West,352,5648716.48,291,4866724.74,16047.49,
2024-08,Health (Retail),Broker,East,193,4467569.79,136,3059092.88,23148.03,
2024-08,Health (Retail),Broker,North,357,4862904.06,255,3538992.0,13621.58,
2024-08,Health (Retail),Broker,South,347,6793885.24,231,4308856.86,19578.92,
2024-08,Health (Retail),Broker,West,285,4678200.9,210,3285668.4,16414.74,
2024-08,Health (Retail),Direct/Online,East,327,10745818.41,257,8330061.33,32861.83,
2024-08,Health (Retail),Direct/Online,North,507,13611626.73,394,10108010.9,26847.39,
2024-08,Health (Retail),Direct/Online,South,535,7626526.65,394,5851731.34,14255.19,
2024-08,Health (Retail),Direct/Online,West,439,8301213.43,373,7230832.53,18909.37,
2024-08,Health (Retail),PoSP,East,122,3900666.96,92,2976257.96,31972.68,
2024-08,Health (Retail),PoSP,North,228,4277305.08,166,2969625.46,18760.11,
2024-08,Health (Retail),PoSP,South,194,4117871.16,129,2640658.38,21226.14,
2024-08,Health (Retail),PoSP,West,179,6030144.84,132,4494813.84,33687.96,
2024-08,Home,Agent,East,114,537269.46,84,403109.28,4712.89,
2024-08,Home,Agent,North,176,416482.88,127,310272.43,2366.38,
2024-08,Home,Agent,South,170,1139780.3,149,1044321.63,6704.59,
2024-08,Home,Agent,West,138,1145295.12,100,792769.0,8299.24,
2024-08,Home,Bancassurance,East,66,452958.66,45,322904.7,6863.01,
2024-08,Home,Bancassurance,North,127,272022.57,95,205882.1,2141.91,
2024-08,Home,Bancassurance,South,110,940995.0,92,777612.52,8554.5,
2024-08,Home,Bancassurance,West,99,212263.92,85,186494.25,2144.08,
2024-08,Home,Broker,East,66,604006.26,52,482679.08,9151.61,
2024-08,Home,Broker,North,96,302644.8,64,210815.36,3152.55,
2024-08,Home,Broker,South,96,204765.12,71,149559.37,2132.97,
2024-08,Home,Broker,West,94,241465.32,69,171097.23,2568.78,
2024-08,Home,Direct/Online,East,95,366480.55,86,337229.22,3857.69,
2024-08,Home,Direct/Online,North,145,711747.0,122,627073.9,4908.6,
2024-08,Home,Direct/Online,South,150,427038.0,116,326777.8,2846.92,
2024-08,Home,Direct/Online,West,127,889073.66,100,709988.0,7000.58,
2024-08,Home,PoSP,East,37,235749.57,25,154916.75,6371.61,
2024-08,Home,PoSP,North,66,339360.78,51,267517.44,5141.83,
2024-08,Home,PoSP,South,56,206405.92,37,132921.39,3685.82,
2024-08,Home,PoSP,West,56,489660.08,43,367772.98,8743.93,
2024-08,Motor (Car),Agent,East,522,12286355.76,336,7689706.08,23537.08,
2024-08,Motor (Car),Agent,North,833,12019173.74,696,10497656.64,14428.78,
2024-08,Motor (Car),Agent,South,861,12832163.19,724,10548231.12,14903.79,
2024-08,Motor (Car),Agent,West,804,15794330.76,585,11211530.85,19644.69,
2024-08,Motor (Car),Bancassurance,East,357,3135070.47,267,2433913.26,8781.71,
2024-08,Motor (Car),Bancassurance,North,688,15166292.64,484,10594019.48,22044.03,
2024-08,Motor (Car),Bancassurance,South,553,8013683.37,368,5172843.52,14491.29,
2024-08,Motor (Car),Bancassurance,West,513,4701265.38,405,3772174.05,9164.26,
2024-08,Motor (Car),Broker,East,311,6512367.99,239,4874997.72,20940.09,
2024-08,Motor (Car),Broker,North,614,11385328.32,430,8230896.6,18542.88,
2024-08,Motor (Car),Broker,South,531,13751386.65,386,9882306.38,25897.15,
2024-08,Motor (Car),Broker,West,452,6779882.48,325,4980917.5,14999.74,
2024-08,Motor (Car),Direct/Online,East,450,11025414.0,353,8915265.63,24500.92,
2024-08,Motor (Car),Direct/Online,North,855,18657194.4,583,12092451.91,21821.28,
2024-08,Motor (Car),Direct/Online,South,841,17342261.0,636,13085292.96,20621.0,
2024-08,Motor (Car),Direct/Online,West,734,10194702.16,521,6913472.02,13889.24,
2024-08,Motor (Car),PoSP,East,208,2771749.76,188,2509296.16,13325.72,
2024-08,Motor (Car),PoSP,North,366,8433639.18,255,5787712.05,23042.73,
2024-08,Motor (Car),PoSP,South,321,8270378.82,258,6940705.68,25764.42,
2024-08,Motor (Car),PoSP,West,258,6506824.5,195,4996715.1,25220.25,
2024-08,Motor (Two-Wheeler),Agent,East,901,1631017.23,779,1425406.41,1810.23,
2024-08,Motor (Two-Wheeler),Agent,North,1583,4293602.56,1215,3394552.05,2712.32,
2024-08,Motor (Two-Wheeler),Agent,South,1689,3778107.21,1084,2445785.84,2236.89,
2024-08,Motor (Two-Wheeler),Agent,West,1442,5052320.98,1183,4308781.75,3503.69,
2024-08,Motor (Two-Wheeler),Bancassurance,East,655,1983628.2,492,1491379.92,3028.44,
2024-08,Motor (Two-Wheeler),Bancassurance,North,1292,2800810.52,939,1980576.36,2167.81,
2024-08,Motor (Two-Wheeler),Bancassurance,South,1088,1940339.2,822,1411300.02,1783.4,
2024-08,Motor (Two-Wheeler),Bancassurance,West,995,3607372.5,800,3029784.0,3625.5,
2024-08,Motor (Two-Wheeler),Broker,East,542,1068574.68,429,861697.98,1971.54,
2024-08,Motor (Two-Wheeler),Broker,North,1046,2333385.42,760,1662028.8,2230.77,
2024-08,Motor (Two-Wheeler),Broker,South,844,1627898.76,609,1164840.39,1928.79,
2024-08,Motor (Two-Wheeler),Broker,West,913,2091710.39,651,1565759.16,2291.03,
2024-08,Motor (Two-Wheeler),Direct/Online,East,877,2928417.01,583,1857799.46,3339.13,
2024-08,Motor (Two-Wheeler),Direct/Online,North,1482,3027370.32,1208,2429674.56,2042.76,
2024-08,Motor (Two-Wheeler),Direct/Online,South,1173,3044322.09,962,2565644.38,2595.33,
2024-08,Motor (Two-Wheeler),Direct/Online,West,1233,2440797.48,865,1738944.1,1979.56,
2024-08,Motor (Two-Wheeler),PoSP,East,320,657344.0,268,564172.16,2054.2,
2024-08,Motor (Two-Wheeler),PoSP,North,618,1126651.08,474,871809.24,1823.06,
2024-08,Motor (Two-Wheeler),PoSP,South,525,1249342.5,385,919934.4,2379.7,
2024-08,Motor (Two-Wheeler),PoSP,West,472,1455279.84,357,1117338.6,3083.22,
2024-08,SME/Commercial,Agent,East,46,1447314.1,35,1109816.05,31463.35,
2024-08,SME/Commercial,Agent,North,91,10711508.08,60,6818152.8,117708.88,
2024-08,SME/Commercial,Agent,South,84,8326444.56,59,5677858.51,99124.34,
2024-08,SME/Commercial,Agent,West,66,4289068.74,51,3367561.11,64985.89,
2024-08,SME/Commercial,Bancassurance,East,32,1902300.48,25,1446528.0,59446.89,
2024-08,SME/Commercial,Bancassurance,North,69,10497369.51,49,7823242.49,152135.79,
2024-08,SME/Commercial,Bancassurance,South,56,8932428.4,42,6921039.3,159507.65,
2024-08,SME/Commercial,Bancassurance,West,55,4976653.0,35,3164130.55,90484.6,
2024-08,SME/Commercial,Broker,East,32,3812992.32,23,2661135.42,119156.01,
2024-08,SME/Commercial,Broker,North,63,3060977.85,46,2337682.28,48586.95,
2024-08,SME/Commercial,Broker,South,48,2455162.56,38,1915008.48,51149.22,
2024-08,SME/Commercial,Broker,West,46,5295375.56,39,4346347.59,115116.86,
2024-08,SME/Commercial,Direct/Online,East,43,5014656.56,31,3660967.01,116619.92,
2024-08,SME/Commercial,Direct/Online,North,90,9487802.7,82,8904421.82,105420.03,
2024-08,SME/Commercial,Direct/Online,South,72,3582426.96,46,2242451.7,49755.93,
2024-08,SME/Commercial,Direct/Online,West,59,8377681.99,37,5008684.82,141994.61,
2024-08,SME/Commercial,PoSP,East,19,2241279.14,15,1839451.65,117962.06,
2024-08,SME/Commercial,PoSP,North,35,1920247.35,29,1585433.77,54864.21,
2024-08,SME/Commercial,PoSP,South,28,4069621.08,24,3469410.24,145343.61,
2024-08,SME/Commercial,PoSP,West,31,3910321.4,23,2811717.8,126139.4,
2024-08,Travel,Agent,East,335,813430.25,268,630518.24,2428.15,
2024-08,Travel,Agent,North,620,362036.6,428,242808.68,583.93,
2024-08,Travel,Agent,South,543,307370.58,486,274560.84,566.06,
2024-08,Travel,Agent,West,528,1245594.24,331,742194.68,2359.08,
2024-08,Travel,Bancassurance,East,247,656800.17,168,451348.8,2659.11,
2024-08,Travel,Bancassurance,North,482,1245757.92,341,890715.87,2584.56,
2024-08,Travel,Bancassurance,South,386,837461.74,284,629628.0,2169.59,
2024-08,Travel,Bancassurance,West,389,966882.84,263,683011.0,2485.56,
2024-08,Travel,Broker,East,215,489129.3,156,371690.28,2275.02,
2024-08,Travel,Broker,North,416,1016075.84,312,799247.28,2442.49,
2024-08,Travel,Broker,South,426,1141496.82,354,906324.96,2679.57,
2024-08,Travel,Broker,West,321,834035.04,243,601417.71,2598.24,
2024-08,Travel,Direct/Online,East,344,1060283.68,232,687805.76,3082.22,
2024-08,Travel,Direct/Online,North,569,754641.94,486,645252.48,1326.26,
2024-08,Travel,Direct/Online,South,550,717194.5,380,494186.2,1303.99,
2024-08,Travel,Direct/Online,West,522,1453571.64,381,1069516.53,2784.62,
2024-08,Travel,PoSP,East,124,181235.92,82,118922.14,1461.58,
2024-08,Travel,PoSP,North,254,495190.78,200,373678.0,1949.57,
2024-08,Travel,PoSP,South,213,299846.49,155,228942.75,1407.73,
2024-08,Travel,PoSP,West,224,656190.08,170,508067.1,2929.42,
2024-09,Crop,Agent,East,27,151832.61,18,104871.42,5623.43,
2024-09,Crop,Agent,North,43,259527.79,32,187464.64,6035.53,
2024-09,Crop,Agent,South,48,823173.12,36,644211.36,17149.44,
2024-09,Crop,Agent,West,37,252085.44,27,183065.13,6813.12,
2024-09,Crop,Bancassurance,East,17,319455.16,12,236270.76,18791.48,
2024-09,Crop,Bancassurance,North,34,661519.64,20,390310.0,19456.46,
2024-09,Crop,Bancassurance,South,33,462469.92,27,391667.67,14014.24,
2024-09,Crop,Bancassurance,West,26,482331.46,22,397017.72,18551.21,
2024-09,Crop,Broker,East,15,92863.2,11,69713.27,6190.88,
2024-09,Crop,Broker,North,26,301515.76,19,226252.38,11596.76,
2024-09,Crop,Broker,South,27,298035.99,19,199271.24,11038.37,
2024-09,Crop,Broker,West,28,594942.88,23,471359.01,21247.96,
2024-09,Crop,Direct/Online,East,27,192124.98,20,139267.2,7115.74,
2024-09,Crop,Direct/Online,North,42,854883.96,35,745236.45,20354.38,
2024-09,Crop,Direct/Online,South,43,182164.77,35,145415.55,4236.39,
2024-09,Crop,Direct/Online,West,35,277970.7,28,213182.76,7942.02,
2024-09,Crop,PoSP,East,10,198178.1,7,144076.1,19817.81,
2024-09,Crop,PoSP,North,18,343079.64,16,315580.0,19059.98,
2024-09,Crop,PoSP,South,16,92557.44,12,71277.12,5784.84,
2024-09,Crop,PoSP,West,17,280640.93,13,204148.1,16508.29,
2024-09,Health (Group),Agent,East,65,4987604.7,50,3741940.5,76732.38,
2024-09,Health (Group),Agent,North,122,8503237.74,103,7089573.43,69698.67,
2024-09,Health (Group),Agent,South,91,2718563.12,68,1952129.72,29874.32,
2024-09,Health (Group),Agent,West,106,4094902.96,80,3073764.8,38631.16,
2024-09,Health (Group),Bancassurance,East,47,2590269.17,38,2012235.66,55112.11,
2024-09,Health (Group),Bancassurance,North,83,3353153.52,51,1965024.39,40399.44,
2024-09,Health (Group),Bancassurance,South,75,2810798.25,62,2275357.22,37477.31,
2024-09,Health (Group),Bancassurance,West,58,3558978.6,42,2687341.44,61361.7,
2024-09,Health (Group),Broker,East,36,2421583.56,24,1640842.56,67266.21,
2024-09,Health (Group),Broker,North,77,3564807.4,55,2448337.65,46296.2,
2024-09,Health (Group),Broker,South,70,2675688.4,49,1801947.56,38224.12,
2024-09,Health (Group),Broker,West,65,2465622.25,56,2120431.04,37932.65,
2024-09,Health (Group),Direct/Online,East,61,5129685.2,44,3650036.28,84093.2,
2024-09,Health (Group),Direct/Online,North,108,8084870.28,98,7171827.18,74859.91,
2024-09,Health (Group),Direct/Online,South,101,8177992.22,65,5269668.95,80970.22,
2024-09,Health (Group),Direct/Online,West,87,7295831.31,71,6234043.53,83860.13,
2024-09,Health (Group),PoSP,East,22,910064.1,17,669080.05,41366.55,
2024-09,Health (Group),PoSP,North,39,1870912.29,30,1436031.3,47972.11,
2024-09,Health (Group),PoSP,South,46,3213742.62,34,2456748.2,69863.97,
2024-09,Health (Group),PoSP,West,36,1854536.4,24,1295357.76,51514.9,
2024-09,Health (Retail),Agent,East,354,6936902.58,235,4626155.95,19595.77,
2024-09,Health (Retail),Agent,North,617,13228683.61,379,8248813.72,21440.33,
2024-09,Health (Retail),Agent,South,586,19655688.18,440,15469493.6,33542.13,
2024-09,Health (Retail),Agent,West,432,15040892.16,309,10820815.38,34816.88,
2024-09,Health (Retail),Bancassurance,East,210,5063692.2,181,4311555.75,24112.82,
2024-09,Health (Retail),Bancassurance,North,451,7181457.91,355,5382236.65,15923.41,
2024-09,Health (Retail),Bancassurance,South,392,7209616.96,311,5530298.41,18391.88,
2024-09,Health (Retail),Bancassurance,West,336,11759280.96,243,8244401.94,34997.86,
2024-09,Health (Retail),Broker,East,212,6122369.2,167,4791999.87,28879.1,
2024-09,Health (Retail),Broker,North,326,6572916.32,236,4883694.32,20162.32,
2024-09,Health (Retail),Broker,South,363,6021371.4,284,4922569.16,16587.8,
2024-09,Health (Retail),Broker,West,307,11370460.31,263,9722720.76,37037.33,
2024-09,Health (Retail),Direct/Online,East,310,10189052.1,217,6811803.6,32867.91,
2024-09,Health (Retail),Direct/Online,North,517,7096569.48,379,5153592.73,13726.44,
2024-09,Health (Retail),Direct/Online,South,485,10608953.05,376,8347775.28,21874.13,
2024-09,Health (Retail),Direct/Online,West,415,15494203.45,323,11559817.93,37335.43,
2024-09,Health (Retail),PoSP,East,110,3551802.1,92,2922442.56,32289.11,
2024-09,Health (Retail),PoSP,North,215,5135477.1,144,3364423.2,23885.94,
2024-09,Health (Retail),PoSP,South,208,6387428.32,141,4155437.79,30708.79,
2024-09,Health (Retail),PoSP,West,184,6407836.8,128,4374822.4,34825.2,
2024-09,Home,Agent,East,95,760482.6,79,605766.47,8005.08,
2024-09,Home,Agent,North,183,1088180.22,143,875488.9,5946.34,
2024-09,Home,Agent,South,174,566211.66,138,434542.68,3254.09,
2024-09,Home,Agent,West,134,941474.62,95,656586.8,7025.93,
2024-09,Home,Bancassurance,East,83,702086.21,71,609353.24,8458.87,
2024-09,Home,Bancassurance,North,142,1233120.9,125,1088932.5,8683.95,
2024-09,Home,Bancassurance,South,127,741396.79,87,518085.0,5837.77,
2024-09,Home,Bancassurance,West,109,732374.27,67,432295.39,6719.03,
2024-09,Home,Broker,East,65,444325.05,50,347134.0,6835.77,
2024-09,Home,Broker,North,126,874976.76,93,645253.53,6944.26,
2024-09,Home,Broker,South,100,621332.0,69,430015.59,6213.32,
2024-09,Home,Broker,West,97,321353.24,77,265683.11,3312.92,
2024-09,Home,Direct/Online,East,94,774293.98,68,553303.08,8237.17,
2024-09,Home,Direct/Online,North,184,1409552.24,158,1213804.98,7660.61,
2024-09,Home,Direct/Online,South,146,1305549.52,86,770312.32,8942.12,
2024-09,Home,Direct/Online,West,138,923599.5,96,671693.76,6692.75,
2024-09,Home,PoSP,East,40,339860.0,33,275327.58,8496.5,
2024-09,Home,PoSP,North,72,501665.04,52,362885.12,6967.57,
2024-09,Home,PoSP,South,70,502751.9,51,367233.66,7182.17,
2024-09,Home,PoSP,West,60,543000.6,51,470117.49,9050.01,
2024-09,Motor (Car),Agent,East,510,11583507.6,361,8250286.78,22712.76,
2024-09,Motor (Car),Agent,North,956,8982088.44,634,6013787.98,9395.49,
2024-09,Motor (Car),Agent,South,903,23255437.59,594,14615476.92,25753.53,
2024-09,Motor (Car),Agent,West,859,10226352.05,580,6944595.2,11904.95,
2024-09,Motor (Car),Bancassurance,East,475,7725599.5,446,7500413.22,16264.42,
2024-09,Motor (Car),Bancassurance,North,773,18156092.59,590,14529098.1,23487.83,
2024-09,Motor (Car),Bancassurance,South,715,9250319.65,588,7876089.48,12937.51,
2024-09,Motor (Car),Bancassurance,West,577,6090079.21,501,5489201.49,10554.73,
2024-09,Motor (Car),Broker,East,345,2955901.35,279,2429964.45,8567.83,
2024-09,Motor (Car),Broker,North,685,14912162.3,510,11603535.3,21769.58,
2024-09,Motor (Car),Broker,South,566,11359353.98,335,6725004.4,20069.53,
2024-09,Motor (Car),Broker,West,534,10756159.08,418,8435415.56,20142.62,
2024-09,Motor (Car),Direct/Online,East,574,5610717.98,454,4520527.94,9774.77,
2024-09,Motor (Car),Direct/Online,North,805,8933382.85,514,5764597.38,11097.37,
2024-09,Motor (Car),Direct/Online,South,858,11358864.66,732,9281306.16,13238.77,
2024-09,Motor (Car),Direct/Online,West,871,11946644.71,748,10505278.52,13716.01,
2024-09,Motor (Car),PoSP,East,247,2426429.2,172,1709888.12,9823.6,
2024-09,Motor (Car),PoSP,North,364,3205387.64,266,2350564.86,8806.01,
2024-09,Motor (Car),PoSP,South,388,6052617.64,325,5171890.75,15599.53,
2024-09,Motor (Car),PoSP,West,293,6878872.34,251,6121581.27,23477.38,
2024-09,Motor (Two-Wheeler),Agent,East,1033,2600928.72,755,1988768.15,2517.84,
2024-09,Motor (Two-Wheeler),Agent,North,1792,4671170.56,1357,3524210.42,2606.68,
2024-09,Motor (Two-Wheeler),Agent,South,1694,2868924.52,1281,2119491.36,1693.58,
2024-09,Motor (Two-Wheeler),Agent,West,1692,4176549.72,1236,3031463.04,2468.41,
2024-09,Motor (Two-Wheeler),Bancassurance,East,822,1895869.02,545,1257102.45,2306.41,
2024-09,Motor (Two-Wheeler),Bancassurance,North,1350,3593983.5,1026,2634532.02,2662.21,
2024-09,Motor (Two-Wheeler),Bancassurance,South,1378,2967798.6,1040,2302362.4,2153.7,
2024-09,Motor (Two-Wheeler),Bancassurance,West,932,2556979.28,765,1995808.5,2743.54,
2024-09,Motor (Two-Wheeler),Broker,East,605,1075078.95,510,898395.6,1776.99,
2024-09,Motor (Two-Wheeler),Broker,North,1240,4302490.0,982,3396590.7,3469.75,
2024-09,Motor (Two-Wheeler),Broker,South,1159,4222781.73,911,3451669.68,3643.47,
2024-09,Motor (Two-Wheeler),Broker,West,923,3062883.2,669,2244408.03,3318.4,
2024-09,Motor (Two-Wheeler),Direct/Online,East,999,3003143.85,704,2042001.28,3006.15,
2024-09,Motor (Two-Wheeler),Direct/Online,North,1587,2688600.18,1319,2271383.95,1694.14,
2024-09,Motor (Two-Wheeler),Direct/Online,South,1551,5190700.68,1133,3978552.16,3346.68,
2024-09,Motor (Two-Wheeler),Direct/Online,West,1342,4107848.58,817,2577806.57,3060.99,
2024-09,Motor (Two-Wheeler),PoSP,East,340,837964.0,258,637249.68,2464.6,
2024-09,Motor (Two-Wheeler),PoSP,North,791,1334369.54,569,1007750.21,1686.94,
2024-09,Motor (Two-Wheeler),PoSP,South,689,1132922.7,505,862984.4,1644.3,
2024-09,Motor (Two-Wheeler),PoSP,West,578,1172577.04,419,846778.05,2028.68,
2024-09,SME/Commercial,Agent,East,53,4598864.59,41,3454573.08,86771.03,
2024-09,SME/Commercial,Agent,North,94,4796210.88,76,3850967.88,51023.52,
2024-09,SME/Commercial,Agent,South,89,10340188.21,62,7157232.26,116181.89,
2024-09,SME/Commercial,Agent,West,70,2462201.7,63,2251215.54,35174.31,
2024-09,SME/Commercial,Bancassurance,East,41,2458009.04,29,1765837.84,59951.44,
2024-09,SME/Commercial,Bancassurance,North,62,3447912.38,49,2813261.99,55611.49,
2024-09,SME/Commercial,Bancassurance,South,56,4814877.2,43,3639955.59,85979.95,
2024-09,SME/Commercial,Bancassurance,West,57,2262744.39,39,1495583.31,39697.27,
2024-09,SME/Commercial,Broker,East,32,1911070.4,26,1616161.3,59720.95,
2024-09,SME/Commercial,Broker,North,54,8100566.46,50,7551414.5,150010.49,
2024-09,SME/Commercial,Broker,South,58,6360470.82,50,5704783.0,109663.29,
2024-09,SME/Commercial,Broker,West,48,4589568.0,39,3826933.11,95616.0,
2024-09,SME/Commercial,Direct/Online,East,49,1057249.48,39,799645.08,21576.52,
2024-09,SME/Commercial,Direct/Online,North,88,3292780.48,73,2863335.94,37417.96,
2024-09,SME/Commercial,Direct/Online,South,80,6952734.4,65,5612152.65,86909.18,
2024-09,SME/Commercial,Direct/Online,West,69,6255936.06,48,4146514.56,90665.74,
2024-09,SME/Commercial,PoSP,East,18,2374609.32,14,1774474.52,131922.74,
2024-09,SME/Commercial,PoSP,North,33,4218461.28,26,3365210.42,127832.16,
2024-09,SME/Commercial,PoSP,South,33,2399748.45,23,1592922.73,72719.65,
2024-09,SME/Commercial,PoSP,West,32,2704252.48,22,1777106.54,84507.89,
2024-09,Travel,Agent,East,283,399904.47,200,288412.0,1413.09,
2024-09,Travel,Agent,North,580,1431805.4,476,1175696.2,2468.63,
2024-09,Travel,Agent,South,560,1356969.6,405,982611.0,2423.16,
2024-09,Travel,Agent,West,461,538484.88,336,397400.64,1168.08,
2024-09,Travel,Bancassurance,East,255,803573.85,209,653135.45,3151.27,
2024-09,Travel,Bancassurance,North,483,595756.35,417,489816.54,1233.45,
2024-09,Travel,Bancassurance,South,403,385259.94,265,254834.6,955.98,
2024-09,Travel,Bancassurance,West,393,589586.46,287,436630.32,1500.22,
2024-09,Travel,Broker,East,237,525386.34,183,417007.59,2216.82,
2024-09,Travel,Broker,North,328,1015642.16,227,727875.5,3096.47,
2024-09,Travel,Broker,South,397,575296.67,262,374306.3,1449.11,
2024-09,Travel,Broker,West,328,580028.64,253,425330.95,1768.38,
2024-09,Travel,Direct/Online,East,342,229779.54,208,133319.68,671.87,
2024-09,Travel,Direct/Online,North,585,560137.5,438,400691.16,957.5,
2024-09,Travel,Direct/Online,South,533,1310524.41,429,1097772.39,2458.77,
2024-09,Travel,Direct/Online,West,459,1305648.45,309,921261.87,2844.55,
2024-09,Travel,PoSP,East,127,205903.83,88,141774.16,1621.29,
2024-09,Travel,PoSP,North,209,504831.14,165,417058.95,2415.46,
2024-09,Travel,PoSP,South,219,575534.19,198,498894.66,2628.01,
2024-09,Travel,PoSP,West,180,568634.4,125,401491.25,3159.08,
2024-10,Crop,Agent,East,32,671815.36,25,533995.0,20994.23,
2024-10,Crop,Agent,North,65,446274.4,40,271982.8,6865.76,
2024-10,Crop,Agent,South,54,392239.26,42,318906.0,7263.69,
2024-10,Crop,Agent,West,58,780686.96,44,604208.44,13460.12,
2024-10,Crop,Bancassurance,East,24,187610.88,17,131088.19,7817.12,
2024-10,Crop,Bancassurance,North,46,889295.0,34,685029.62,19332.5,
2024-10,Crop,Bancassurance,South,44,574674.32,34,437035.66,13060.78,
2024-10,Crop,Bancassurance,West,37,282641.52,24,183486.24,7638.96,
2024-10,Crop,Broker,East,21,365038.38,15,273533.55,17382.78,
2024-10,Crop,Broker,North,38,606712.56,27,439426.35,15966.12,
2024-10,Crop,Broker,South,30,621698.1,28,574531.44,20723.27,
2024-10,Crop,Broker,West,39,456214.98,29,346819.41,11697.82,
2024-10,Crop,Direct/Online,East,34,112798.74,24,80099.04,3317.61,
2024-10,Crop,Direct/Online,North,53,782060.58,42,614887.14,14755.86,
2024-10,Crop,Direct/Online,South,52,1012593.92,41,779401.8,19472.96,
2024-10,Crop,Direct/Online,West,53,937479.37,41,745136.87,17688.29,
2024-10,Crop,PoSP,East,13,95951.44,11,81837.58,7380.88,
2024-10,Crop,PoSP,North,24,262018.56,15,162012.75,10917.44,
2024-10,Crop,PoSP,South,21,172434.99,16,130376.96,8211.19,
2024-10,Crop,PoSP,West,19,84367.41,14,64606.5,4440.39,
2024-10,Health (Group),Agent,East,70,3419910.2,57,2903871.27,48855.86,
2024-10,Health (Group),Agent,North,129,7308003.51,96,5180637.12,56651.19,
2024-10,Health (Group),Agent,South,110,5957265.6,88,4946453.6,54156.96,
2024-10,Health (Group),Agent,West,112,4544899.52,79,3208035.95,40579.46,
2024-10,Health (Group),Bancassurance,East,50,3622425.5,37,2546918.31,72448.51,
2024-10,Health (Group),Bancassurance,North,88,8002871.36,68,5966988.44,90941.72,
2024-10,Health (Group),Bancassurance,South,91,4813450.46,64,3216422.4,52895.06,
2024-10,Health (Group),Bancassurance,West,76,4940044.84,58,3812898.54,65000.59,
2024-10,Health (Group),Broker,East,43,3677248.63,34,2799192.46,85517.41,
2024-10,Health (Group),Broker,North,76,5847385.28,52,4188011.88,76939.28,
2024-10,Health (Group),Broker,South,72,5509733.76,56,4187639.68,76524.08,
2024-10,Health (Group),Broker,West,65,3200002.65,42,1969867.62,49230.81,
2024-10,Health (Group),Direct/Online,East,70,4609979.5,50,3302388.0,65856.85,
2024-10,Health (Group),Direct/Online,North,109,10104161.57,71,6271138.19,92698.73,
2024-10,Health (Group),Direct/Online,South,113,10354235.2,95,9053674.8,91630.4,
2024-10,Health (Group),Direct/Online,West,96,3866585.28,77,2949463.44,40276.93,
2024-10,Health (Group),PoSP,East,26,2330011.58,16,1401674.24,89615.83,
2024-10,Health (Group),PoSP,North,54,3644645.76,46,3222574.62,67493.44,
2024-10,Health (Group),PoSP,South,46,1363110.64,31,943636.9,29632.84,
2024-10,Health (Group),PoSP,West,43,2474193.77,36,2055099.6,57539.39,
2024-10,Health (Retail),Agent,East,348,6280519.56,283,4894295.39,18047.47,
2024-10,Health (Retail),Agent,North,675,11286459.0,531,8652129.93,16720.68,
2024-10,Health (Retail),Agent,South,571,20092290.9,437,15614075.55,35187.9,
2024-10,Health (Retail),Agent,West,517,16729184.23,406,12743775.66,32358.19,
2024-10,Health (Retail),Bancassurance,East,269,4000621.8,187,2868271.45,14872.2,
2024-10,Health (Retail),Bancassurance,North,480,14582318.4,371,10718572.13,30379.83,
2024-10,Health (Retail),Bancassurance,South,382,10609350.94,260,7451860.0,27773.17,
2024-10,Health (Retail),Bancassurance,West,374,12802827.84,292,10190531.36,34232.16,
2024-10,Health (Retail),Broker,East,219,4987131.51,159,3727371.81,22772.29,
2024-10,Health (Retail),Broker,North,391,8093625.71,337,6929572.61,20699.81,
2024-10,Health (Retail),Broker,South,357,7335204.03,247,5183455.55,20546.79,
2024-10,Health (Retail),Broker,West,346,11973855.92,301,10434174.03,34606.52,
2024-10,Health (Retail),Direct/Online,East,358,9462022.34,285,7886879.1,26430.23,
2024-10,Health (Retail),Direct/Online,North,576,12696215.04,429,9686618.37,22042.04,
2024-10,Health (Retail),Direct/Online,South,472,6415136.08,387,5437988.55,13591.39,
2024-10,Health (Retail),Direct/Online,West,525,8511604.5,403,6379780.16,16212.58,
2024-10,Health (Retail),PoSP,East,138,1786063.62,100,1325641.0,12942.49,
2024-10,Health (Retail),PoSP,North,220,5501964.6,170,4326464.3,25008.93,
2024-10,Health (Retail),PoSP,South,204,4222514.4,127,2691653.24,20698.6,
2024-10,Health (Retail),PoSP,West,193,4716508.91,143,3363560.2,24437.87,
2024-10,Home,Agent,East,109,763616.94,79,530825.49,7005.66,
2024-10,Home,Agent,North,185,1674094.6,163,1437141.66,9049.16,
2024-10,Home,Agent,South,190,1778652.7,135,1243721.25,9361.33,
2024-10,Home,Agent,West,151,563423.28,112,422490.88,3731.28,
2024-10,Home,Bancassurance,East,76,471659.8,51,304940.22,6206.05,
2024-10,Home,Bancassurance,North,135,832574.7,101,602864.96,6167.22,
2024-10,Home,Bancassurance,South,124,589460.04,95,437758.1,4753.71,
2024-10,Home,Bancassurance,West,136,699382.72,95,507182.2,5142.52,
2024-10,Home,Broker,East,69,365639.97,52,282589.84,5299.13,
2024-10,Home,Broker,North,122,781751.6,78,499771.74,6407.8,
2024-10,Home,Broker,South,101,545147.5,84,473455.08,5397.5,
2024-10,Home,Broker,West,95,375182.55,64,258173.44,3949.29,
2024-10,Home,Direct/Online,East,106,659415.4,72,459087.12,6220.9,
2024-10,Home,Direct/Online,North,186,1435348.98,138,1076290.98,7716.93,
2024-10,Home,Direct/Online,South,177,473200.65,106,295490.9,2673.45,
2024-10,Home,Direct/Online,West,130,984984.0,106,803910.36,7576.8,
2024-10,Home,PoSP,East,46,144652.06,38,115642.74,3144.61,
2024-10,Home,PoSP,North,75,162107.25,57,127022.22,2161.43,
2024-10,Home,PoSP,South,69,466789.14,59,389138.63,6765.06,
2024-10,Home,PoSP,West,65,526819.8,49,410950.26,8104.92,
2024-10,Motor (Car),Agent,East,831,10020214.62,694,8110056.24,12058.02,New EV motor product launch drove festive-season spike
2024-10,Motor (Car),Agent,North,1371,28364509.32,1101,21684734.49,20688.92,New EV motor product launch drove festive-season spike
2024-10,Motor (Car),Agent,South,1266,28257715.02,902,20324224.8,22320.47,New EV motor product launch drove festive-season spike
2024-10,Motor (Car),Agent,West,1274,21831862.78,961,15740094.07,17136.47,New EV motor product launch drove festive-season spike
2024-10,Motor (Car),Bancassurance,East,595,12659344.95,469,10342097.22,21276.21,New EV motor product launch drove festive-season spike
2024-10,Motor (Car),Bancassurance,North,1045,15614975.2,793,11431388.41,14942.56,New EV motor product launch drove festive-season spike
2024-10,Motor (Car),Bancassurance,South,1033,22670517.57,746,15784308.14,21946.29,New EV motor product launch drove festive-season spike
2024-10,Motor (Car),Bancassurance,West,892,7915670.44,685,6196304.5,8874.07,New EV motor product launch drove festive-season spike
2024-10,Motor (Car),Broker,East,531,4990571.64,463,4530955.04,9398.44,New EV motor product launch drove festive-season spike
2024-10,Motor (Car),Broker,North,931,24471549.13,755,18895785.15,26285.23,New EV motor product launch drove festive-season spike
2024-10,Motor (Car),Broker,South,869,15119105.32,603,10617967.71,17398.28,New EV motor product launch drove festive-season spike
2024-10,Motor (Car),Broker,West,776,14877681.52,651,12557217.12,19172.27,New EV motor product launch drove festive-season spike
2024-10,Motor (Car),Direct/Online,East,838,9530096.34,534,6065118.6,11372.43,New EV motor product launch drove festive-season spike
2024-10,Motor (Car),Direct/Online,North,1386,31075228.8,1182,25406853.6,22420.8,New EV motor product launch drove festive-season spike
2024-10,Motor (Car),Direct/Online,South,1499,16923844.91,954,11120768.46,11290.09,New EV motor product launch drove festive-season spike
2024-10,Motor (Car),Direct/Online,West,1109,18888321.65,889,15011396.19,17031.85,New EV motor product launch drove festive-season spike
2024-10,Motor (Car),PoSP,East,295,7258357.0,213,5149496.52,24604.6,New EV motor product launch drove festive-season spike
2024-10,Motor (Car),PoSP,North,544,9432454.08,383,6923387.59,17339.07,New EV motor product launch drove festive-season spike
2024-10,Motor (Car),PoSP,South,541,9057146.09,464,8007790.88,16741.49,New EV motor product launch drove festive-season spike
2024-10,Motor (Car),PoSP,West,482,5620963.5,443,4918137.27,11661.75,New EV motor product launch drove festive-season spike
2024-10,Motor (Two-Wheeler),Agent,East,1316,2313606.96,883,1475236.93,1758.06,
2024-10,Motor (Two-Wheeler),Agent,North,2110,7317543.3,1819,6321861.74,3468.03,
2024-10,Motor (Two-Wheeler),Agent,South,1690,6219859.1,1225,4670888.25,3680.39,
2024-10,Motor (Two-Wheeler),Agent,West,1625,4644217.5,1297,3545751.57,2857.98,
2024-10,Motor (Two-Wheeler),Bancassurance,East,790,2445342.3,698,2132857.66,3095.37,
2024-10,Motor (Two-Wheeler),Bancassurance,North,1641,3574754.4,1387,2927624.12,2178.4,
2024-10,Motor (Two-Wheeler),Bancassurance,South,1483,2955589.34,1285,2568599.35,1992.98,
2024-10,Motor (Two-Wheeler),Bancassurance,West,1346,2511393.72,1191,2250823.26,1865.82,
2024-10,Motor (Two-Wheeler),Broker,East,648,1443828.24,584,1327788.24,2228.13,
2024-10,Motor (Two-Wheeler),Broker,North,1271,2812913.65,1055,2228149.45,2213.15,
2024-10,Motor (Two-Wheeler),Broker,South,1233,4042489.14,904,2990206.0,3278.58,
2024-10,Motor (Two-Wheeler),Broker,West,1088,1946170.88,893,1668391.9,1788.76,
2024-10,Motor (Two-Wheeler),Direct/Online,East,1021,3590969.31,806,2774276.18,3517.11,
2024-10,Motor (Two-Wheeler),Direct/Online,North,1984,4923057.92,1433,3659093.85,2481.38,
2024-10,Motor (Two-Wheeler),Direct/Online,South,1648,3400120.64,1117,2286856.44,2063.18,
2024-10,Motor (Two-Wheeler),Direct/Online,West,1640,5030339.2,1121,3513673.61,3067.28,
2024-10,Motor (Two-Wheeler),PoSP,East,474,1490274.96,397,1214490.49,3144.04,
2024-10,Motor (Two-Wheeler),PoSP,North,708,2647650.96,565,2201177.85,3739.62,
2024-10,Motor (Two-Wheeler),PoSP,South,775,2213996.75,624,1769682.72,2856.77,
2024-10,Motor (Two-Wheeler),PoSP,West,680,1310543.6,585,1110920.85,1927.27,
2024-10,SME/Commercial,Agent,East,54,6337931.4,39,4593860.7,117369.1,
2024-10,SME/Commercial,Agent,North,99,3620293.38,72,2563717.68,36568.62,
2024-10,SME/Commercial,Agent,South,85,2756090.15,57,1911414.06,32424.59,
2024-10,SME/Commercial,Agent,West,79,8182832.64,55,5935326.1,103580.16,
2024-10,SME/Commercial,Bancassurance,East,38,2986959.98,31,2490544.34,78604.21,
2024-10,SME/Commercial,Bancassurance,North,69,10680417.54,63,10189652.76,154788.66,
2024-10,SME/Commercial,Bancassurance,South,65,9387695.85,46,6651800.56,144426.09,
2024-10,SME/Commercial,Bancassurance,West,54,7484775.84,34,4755935.98,138606.96,
2024-10,SME/Commercial,Broker,East,34,5256492.82,27,4310257.32,154602.73,
2024-10,SME/Commercial,Broker,North,65,9877298.6,40,5891550.8,151958.44,
2024-10,SME/Commercial,Broker,South,62,7070134.66,57,6443173.41,114034.43,
2024-10,SME/Commercial,Broker,West,48,7019926.08,40,5672035.2,146248.46,
2024-10,SME/Commercial,Direct/Online,East,50,4893439.0,36,3517668.36,97868.78,
2024-10,SME/Commercial,Direct/Online,North,90,9471782.7,70,7720244.0,105242.03,
2024-10,SME/Commercial,Direct/Online,South,87,5615134.86,52,3475669.6,64541.78,
2024-10,SME/Commercial,Direct/Online,West,63,6086346.21,55,5074798.3,96608.67,
2024-10,SME/Commercial,PoSP,East,20,1806881.6,15,1352679.0,90344.08,
2024-10,SME/Commercial,PoSP,North,36,1970967.96,26,1380847.78,54749.11,
2024-10,SME/Commercial,PoSP,South,35,4299613.15,25,3022161.75,122846.09,
2024-10,SME/Commercial,PoSP,West,31,1689378.17,23,1297226.45,54496.07,
2024-10,Travel,Agent,East,345,412285.35,229,279938.76,1195.03,
2024-10,Travel,Agent,North,679,371494.48,530,278552.1,547.12,
2024-10,Travel,Agent,South,679,1751820.0,488,1232361.04,2580.0,
2024-10,Travel,Agent,West,608,1881851.2,416,1307924.8,3095.15,
2024-10,Travel,Bancassurance,East,265,387949.4,198,285476.4,1463.96,
2024-10,Travel,Bancassurance,North,442,822911.18,332,641347.64,1861.79,
2024-10,Travel,Bancassurance,South,484,569619.6,393,476449.62,1176.9,
2024-10,Travel,Bancassurance,West,431,250303.25,347,196901.68,580.75,
2024-10,Travel,Broker,East,251,458351.1,177,317270.73,1826.1,
2024-10,Travel,Broker,North,444,371881.08,344,289386.56,837.57,
2024-10,Travel,Broker,South,423,946834.74,299,695309.55,2238.38,
2024-10,Travel,Broker,West,352,347744.32,251,242526.24,987.91,
2024-10,Travel,Direct/Online,East,371,934641.75,271,715231.33,2519.25,
2024-10,Travel,Direct/Online,North,673,2028745.04,595,1791414.1,3014.48,
2024-10,Travel,Direct/Online,South,622,1143036.96,501,888478.41,1837.68,
2024-10,Travel,Direct/Online,West,552,809822.64,415,613660.5,1467.07,
2024-10,Travel,PoSP,East,141,129536.7,103,91906.9,918.7,
2024-10,Travel,PoSP,North,241,603584.5,183,439855.14,2504.5,
2024-10,Travel,PoSP,South,246,296481.66,197,240403.04,1205.21,
2024-10,Travel,PoSP,West,209,277284.48,182,240756.88,1326.72,
2024-11,Crop,Agent,East,38,398533.74,26,262555.54,10487.73,
2024-11,Crop,Agent,North,72,986343.84,57,759738.18,13699.22,
2024-11,Crop,Agent,South,61,1043389.75,44,764221.92,17104.75,
2024-11,Crop,Agent,West,57,601697.7,40,427884.0,10556.1,
2024-11,Crop,Bancassurance,East,28,300408.92,24,244781.28,10728.89,
2024-11,Crop,Bancassurance,North,51,793384.56,38,602674.3,15556.56,
2024-11,Crop,Bancassurance,South,48,889726.08,40,727811.6,18535.96,
2024-11,Crop,Bancassurance,West,44,624836.96,34,497848.06,14200.84,
2024-11,Crop,Broker,East,27,441750.78,23,377836.18,16361.14,
2024-11,Crop,Broker,North,44,918269.88,39,843902.28,20869.77,
2024-11,Crop,Broker,South,42,187185.18,31,140451.7,4456.79,
2024-11,Crop,Broker,West,37,552768.16,26,381586.4,14939.68,
2024-11,Crop,Direct/Online,East,35,344353.8,26,246026.04,9838.68,
2024-11,Crop,Direct/Online,North,62,527465.0,51,451915.08,8507.5,
2024-11,Crop,Direct/Online,South,60,956041.8,40,663458.8,15934.03,
2024-11,Crop,Direct/Online,West,50,768259.5,41,623753.5,15365.19,
2024-11,Crop,PoSP,East,15,109923.15,11,84606.72,7328.21,
2024-11,Crop,PoSP,North,24,411612.0,18,314254.26,17150.5,
2024-11,Crop,PoSP,South,25,313825.5,21,274428.42,12553.02,
2024-11,Crop,PoSP,West,22,190128.62,15,124384.8,8642.21,
2024-11,Health (Group),Agent,East,62,4662374.58,45,3288137.4,75199.59,
2024-11,Health (Group),Agent,North,133,10303613.74,115,8774780.6,77470.78,
2024-11,Health (Group),Agent,South,124,3821167.88,88,2676332.56,30815.87,
2024-11,Health (Group),Agent,West,101,6311587.97,71,4649639.48,62490.97,
2024-11,Health (Group),Bancassurance,East,54,4414160.34,45,3779115.3,81743.71,
2024-11,Health (Group),Bancassurance,North,84,6469857.24,58,4396147.7,77022.11,
2024-11,Health (Group),Bancassurance,South,96,4608063.36,83,4172072.19,48000.66,
2024-11,Health (Group),Bancassurance,West,72,2010998.88,57,1641809.19,27930.54,
2024-11,Health (Group),Broker,East,42,2989190.82,32,2182552.32,71171.21,
2024-11,Health (Group),Broker,North,81,5355929.79,55,3584599.7,66122.59,
2024-11,Health (Group),Broker,South,80,3128299.2,59,2302762.33,39103.74,
2024-11,Health (Group),Broker,West,62,2874125.94,48,2302836.48,46356.87,
2024-11,Health (Group),Direct/Online,East,67,3593843.82,51,2702990.31,53639.46,
2024-11,Health (Group),Direct/Online,North,106,8432414.48,78,6141606.9,79551.08,
2024-11,Health (Group),Direct/Online,South,113,4032693.15,78,2862078.96,35687.55,
2024-11,Health (Group),Direct/Online,West,105,7599759.3,75,5480610.75,72378.66,
2024-11,Health (Group),PoSP,East,25,1377719.75,18,1024945.2,55108.79,
2024-11,Health (Group),PoSP,North,45,3521418.3,38,3096784.16,78253.74,
2024-11,Health (Group),PoSP,South,44,1277159.84,27,809964.36,29026.36,
2024-11,Health (Group),PoSP,West,40,1465147.6,30,1103065.2,36628.69,
2024-11,Health (Retail),Agent,East,352,12279432.0,304,10793246.4,34884.75,
2024-11,Health (Retail),Agent,North,662,21023047.94,570,17304174.0,31756.87,
2024-11,Health (Retail),Agent,South,544,15062745.28,444,12479028.48,27688.87,
2024-11,Health (Retail),Agent,West,576,20670036.48,456,16459069.2,35885.48,
2024-11,Health (Retail),Bancassurance,East,273,8545197.57,165,5111224.8,31301.09,
2024-11,Health (Retail),Bancassurance,North,440,15775940.4,284,9693223.88,35854.41,
2024-11,Health (Retail),Bancassurance,South,367,6416470.19,256,4639326.72,17483.57,
2024-11,Health (Retail),Bancassurance,West,418,12899571.96,284,9137819.28,30860.22,
2024-11,Health (Retail),Broker,East,219,3333403.38,191,2840794.57,15221.02,
2024-11,Health (Retail),Broker,North,408,8008680.96,387,7908952.59,19629.12,
2024-11,Health (Retail),Broker,South,387,4995523.71,294,3935225.28,12908.33,
2024-11,Health (Retail),Broker,West,323,5130202.54,221,3553973.93,15882.98,
2024-11,Health (Retail),Direct/Online,East,355,5777128.0,316,5070662.4,16273.6,
2024-11,Health (Retail),Direct/Online,North,684,8859598.92,459,5816622.42,12952.63,
2024-11,Health (Retail),Direct/Online,South,552,8235652.32,463,7155526.1,14919.66,
2024-11,Health (Retail),Direct/Online,West,418,13267625.14,356,10849181.88,31740.73,
2024-11,Health (Retail),PoSP,East,139,4857898.49,110,3916269.5,34948.91,
2024-11,Health (Retail),PoSP,North,239,7305355.26,185,5591232.8,30566.34,
2024-11,Health (Retail),PoSP,South,191,6281953.71,132,4220900.64,32889.81,
2024-11,Health (Retail),PoSP,West,204,3444937.8,144,2412236.16,16886.95,
2024-11,Home,Agent,East,109,959509.56,89,778361.96,8802.84,
2024-11,Home,Agent,North,167,706875.93,130,534172.6,4232.79,
2024-11,Home,Agent,South,187,1375882.42,116,840711.16,7357.66,
2024-11,Home,Agent,West,138,976675.68,103,712772.36,7077.36,
2024-11,Home,Bancassurance,East,72,481163.76,58,391245.38,6682.83,
2024-11,Home,Bancassurance,North,147,765177.63,122,631842.88,5205.29,
2024-11,Home,Bancassurance,South,141,307330.65,84,176072.4,2179.65,
2024-11,Home,Bancassurance,West,116,578439.8,101,480181.27,4986.55,
2024-11,Home,Broker,East,65,319090.85,49,242938.08,4909.09,
2024-11,Home,Broker,North,137,379124.21,119,344954.82,2767.33,
2024-11,Home,Broker,South,115,658074.85,84,495503.4,5722.39,
2024-11,Home,Broker,West,99,413277.48,84,337244.04,4174.52,
2024-11,Home,Direct/Online,East,116,887951.0,75,574135.5,7654.75,
2024-11,Home,Direct/Online,North,192,1113365.76,136,776005.12,5798.78,
2024-11,Home,Direct/Online,South,196,1801682.96,132,1251255.72,9192.26,
2024-11,Home,Direct/Online,West,169,1303157.31,128,978654.72,7710.99,
2024-11,Home,PoSP,East,43,137357.05,29,93637.81,3194.35,
2024-11,Home,PoSP,North,81,582836.31,59,421363.84,7195.51,
2024-11,Home,PoSP,South,69,428846.73,52,337027.08,6215.17,
2024-11,Home,PoSP,West,57,238965.09,46,198715.4,4192.37,
2024-11,Motor (Car),Agent,East,538,10320012.84,475,9062477.5,19182.18,
2024-11,Motor (Car),Agent,North,1133,25017852.31,797,17092541.7,22081.07,
2024-11,Motor (Car),Agent,South,1045,25424076.7,932,22513457.24,24329.26,
2024-11,Motor (Car),Agent,West,822,17056598.64,561,12046768.14,20750.12,
2024-11,Motor (Car),Bancassurance,East,504,10231436.88,308,6489837.2,20300.47,
2024-11,Motor (Car),Bancassurance,North,845,8457875.4,577,5758529.24,10009.32,
2024-11,Motor (Car),Bancassurance,South,747,9547167.96,478,5981950.12,12780.68,
2024-11,Motor (Car),Bancassurance,West,620,5430152.2,458,4050909.24,8758.31,
2024-11,Motor (Car),Broker,East,402,9552685.8,281,6672502.36,23762.9,
2024-11,Motor (Car),Broker,North,665,16601605.3,441,11009944.26,24964.82,
2024-11,Motor (Car),Broker,South,642,13546418.28,444,9030134.16,21100.34,
2024-11,Motor (Car),Broker,West,668,6654188.48,481,4806815.78,9961.36,
2024-11,Motor (Car),Direct/Online,East,648,7226359.92,503,5855790.19,11151.79,
2024-11,Motor (Car),Direct/Online,North,1047,27637240.2,839,21906113.81,26396.6,
2024-11,Motor (Car),Direct/Online,South,957,22801147.05,673,15306557.21,23825.65,
2024-11,Motor (Car),Direct/Online,West,800,7472640.0,662,6386082.3,9340.8,
2024-11,Motor (Car),PoSP,East,245,6255570.3,185,4691979.25,25532.94,
2024-11,Motor (Car),PoSP,North,443,5382560.75,346,4377436.3,12150.25,
2024-11,Motor (Car),PoSP,South,389,5754939.91,326,4627318.98,14794.19,
2024-11,Motor (Car),PoSP,West,347,6391517.92,225,4135794.75,18419.36,
2024-11,Motor (Two-Wheeler),Agent,East,936,2211964.56,634,1562372.54,2363.21,
2024-11,Motor (Two-Wheeler),Agent,North,1947,7012743.54,1695,5954772.3,3601.82,
2024-11,Motor (Two-Wheeler),Agent,South,1594,4173873.06,1171,3033768.25,2618.49,
2024-11,Motor (Two-Wheeler),Agent,West,1435,5280211.65,1047,4013140.53,3679.59,
2024-11,Motor (Two-Wheeler),Bancassurance,East,917,2476624.43,757,2126534.12,2700.79,
2024-11,Motor (Two-Wheeler),Bancassurance,North,1444,5322815.04,1095,4010963.1,3686.16,
2024-11,Motor (Two-Wheeler),Bancassurance,South,1438,3026702.4,1068,2309336.4,2104.8,
2024-11,Motor (Two-Wheeler),Bancassurance,West,1256,4066576.32,1073,3408019.68,3237.72,
2024-11,Motor (Two-Wheeler),Broker,East,702,1928653.74,472,1259470.64,2747.37,
2024-11,Motor (Two-Wheeler),Broker,North,1254,3133570.44,862,2254552.38,2498.86,
2024-11,Motor (Two-Wheeler),Broker,South,1300,3476278.0,860,2274596.8,2674.06,
2024-11,Motor (Two-Wheeler),Broker,West,1008,3419529.12,742,2451708.98,3392.39,
2024-11,Motor (Two-Wheeler),Direct/Online,East,1133,2189590.48,894,1726367.64,1932.56,
2024-11,Motor (Two-Wheeler),Direct/Online,North,1824,5687724.48,1497,4500416.13,3118.27,
2024-11,Motor (Two-Wheeler),Direct/Online,South,1710,6295450.5,1093,4202727.09,3681.55,
2024-11,Motor (Two-Wheeler),Direct/Online,West,1465,4795281.95,957,3180311.97,3273.23,
2024-11,Motor (Two-Wheeler),PoSP,East,468,1741114.44,350,1336016.5,3720.33,
2024-11,Motor (Two-Wheeler),PoSP,North,786,2633893.86,607,2110830.36,3351.01,
2024-11,Motor (Two-Wheeler),PoSP,South,680,2392539.2,555,2025922.05,3518.44,
2024-11,Motor (Two-Wheeler),PoSP,West,620,1434605.6,416,980462.08,2313.88,
2024-11,SME/Commercial,Agent,East,49,7310389.87,31,4571522.88,149191.63,
2024-11,SME/Commercial,Agent,North,111,14726394.42,85,10731548.35,132670.22,
2024-11,SME/Commercial,Agent,South,91,8067279.22,66,6022550.82,88651.42,
2024-11,SME/Commercial,Agent,West,77,2331703.99,68,2063162.16,30281.87,
2024-11,SME/Commercial,Bancassurance,East,40,2221026.8,30,1660140.6,55525.67,
2024-11,SME/Commercial,Bancassurance,North,65,2340709.8,55,2048546.5,36010.92,
2024-11,SME/Commercial,Bancassurance,South,67,10120704.43,52,8113247.48,151055.29,
2024-11,SME/Commercial,Bancassurance,West,61,5273779.4,47,4207961.7,86455.4,
2024-11,SME/Commercial,Broker,East,36,5787220.68,24,3882070.32,160756.13,
2024-11,SME/Commercial,Broker,North,61,6600597.11,48,5240237.76,108206.51,
2024-11,SME/Commercial,Broker,South,62,6495273.14,42,4275045.6,104762.47,
2024-11,SME/Commercial,Broker,West,55,1371208.85,43,1064391.47,24931.07,
2024-11,SME/Commercial,Direct/Online,East,49,6084328.53,39,4626209.25,124169.97,
2024-11,SME/Commercial,Direct/Online,North,83,2523011.59,60,1900402.2,30397.73,
2024-11,SME/Commercial,Direct/Online,South,92,12646384.4,65,9295400.4,137460.7,
2024-11,SME/Commercial,Direct/Online,West,88,10638657.92,62,7197007.74,120893.84,
2024-11,SME/Commercial,PoSP,East,17,1844721.0,12,1325876.28,108513.0,
2024-11,SME/Commercial,PoSP,North,36,2888122.68,30,2409451.2,80225.63,
2024-11,SME/Commercial,PoSP,South,34,1727589.98,30,1557819.3,50811.47,
2024-11,SME/Commercial,PoSP,West,30,2003964.9,23,1546036.54,66798.83,
2024-11,Travel,Agent,East,473,1107818.03,384,935162.88,2342.11,
2024-11,Travel,Agent,North,755,727729.4,597,559944.21,963.88,
2024-11,Travel,Agent,South,696,2009853.12,560,1597904.0,2887.72,
2024-11,Travel,Agent,West,536,1432711.92,316,803673.32,2672.97,
2024-11,Travel,Bancassurance,East,330,790828.5,284,677882.44,2396.45,
2024-11,Travel,Bancassurance,North,570,707484.0,379,456554.77,1241.2,
2024-11,Travel,Bancassurance,South,496,671965.92,361,479664.31,1354.77,
2024-11,Travel,Bancassurance,West,429,1056266.64,301,716184.35,2462.16,
2024-11,Travel,Broker,East,279,481049.01,169,290342.0,1724.19,
2024-11,Travel,Broker,North,453,340071.63,332,255440.8,750.71,
2024-11,Travel,Broker,South,457,1097567.76,353,835046.21,2401.68,
2024-11,Travel,Broker,West,382,1010046.2,292,804959.32,2644.1,
2024-11,Travel,Direct/Online,East,373,1026145.38,260,686717.2,2751.06,
2024-11,Travel,Direct/Online,North,755,2296294.75,478,1438134.7,3041.45,
2024-11,Travel,Direct/Online,South,658,1075237.8,416,702786.24,1634.1,
2024-11,Travel,Direct/Online,West,593,884589.96,500,713160.0,1491.72,
2024-11,Travel,PoSP,East,166,134318.9,113,90337.85,809.15,
2024-11,Travel,PoSP,North,281,209044.33,242,177923.24,743.93,
2024-11,Travel,PoSP,South,299,394111.9,229,292087.21,1318.1,
2024-11,Travel,PoSP,West,233,414178.47,162,274343.76,1777.59,
2024-12,Crop,Agent,East,23,319172.15,18,237444.84,13877.05,
2024-12,Crop,Agent,North,48,844110.24,38,645109.28,17585.63,
2024-12,Crop,Agent,South,42,258356.28,31,185872.9,6151.34,
2024-12,Crop,Agent,West,39,126623.25,30,99624.3,3246.75,
2024-12,Crop,Bancassurance,East,21,302734.11,14,209214.74,14415.91,
2024-12,Crop,Bancassurance,North,35,571006.8,22,341302.28,16314.48,
2024-12,Crop,Bancassurance,South,30,120153.0,25,103616.25,4005.1,
2024-12,Crop,Bancassurance,West,30,588297.0,25,495345.75,19609.9,
2024-12,Crop,Broker,East,17,178118.35,14,145730.76,10477.55,
2024-12,Crop,Broker,North,30,496243.8,21,335381.76,16541.46,
2024-12,Crop,Broker,South,28,572687.08,25,519068.0,20453.11,
2024-12,Crop,Broker,West,26,109870.28,22,90443.32,4225.78,
2024-12,Crop,Direct/Online,East,26,495228.76,24,448526.16,19047.26,
2024-12,Crop,Direct/Online,North,52,733684.12,34,469141.86,14109.31,
2024-12,Crop,Direct/Online,South,42,557956.56,31,420860.96,13284.68,
2024-12,Crop,Direct/Online,West,40,250439.6,33,198097.02,6260.99,
2024-12,Crop,PoSP,East,11,119771.85,9,101854.89,10888.35,
2024-12,Crop,PoSP,North,17,290527.45,13,221812.5,17089.85,
2024-12,Crop,PoSP,South,16,329242.08,13,255128.9,20577.63,
2024-12,Crop,PoSP,West,15,174283.8,11,125295.39,11618.92,
2024-12,Health (Group),Agent,East,66,5970196.32,48,4209720.48,90457.52,
2024-12,Health (Group),Agent,North,120,11527498.8,98,9070616.38,96062.49,
2024-12,Health (Group),Agent,South,106,7912231.14,71,5526841.64,74643.69,
2024-12,Health (Group),Agent,West,110,7618484.5,84,6034900.2,69258.95,
2024-12,Health (Group),Bancassurance,East,51,4123382.13,32,2708920.32,80850.63,
2024-12,Health (Group),Bancassurance,North,95,8714659.7,63,5942160.0,91733.26,
2024-12,Health (Group),Bancassurance,South,83,2300826.4,68,1819380.8,27720.8,
2024-12,Health (Group),Bancassurance,West,79,5158395.06,62,4026671.22,65296.14,
2024-12,Health (Group),Broker,East,49,2405968.6,38,1927180.26,49101.4,
2024-12,Health (Group),Broker,North,90,6208646.4,73,5127487.15,68984.96,
2024-12,Health (Group),Broker,South,68,5962735.04,42,3640699.86,87687.28,
2024-12,Health (Group),Broker,West,64,2682190.72,47,2046796.42,41909.23,
2024-12,Health (Group),Direct/Online,East,71,3356642.15,58,2830458.58,47276.65,
2024-12,Health (Group),Direct/Online,North,132,10868985.6,91,7429171.75,82340.8,
2024-12,Health (Group),Direct/Online,South,129,11603849.28,105,9637930.05,89952.32,
2024-12,Health (Group),Direct/Online,West,99,4182333.21,67,2711738.57,42245.79,
2024-12,Health (Group),PoSP,East,26,743298.14,18,513327.24,28588.39,
2024-12,Health (Group),PoSP,North,49,1607628.75,32,1017706.88,32808.75,
2024-12,Health (Group),PoSP,South,46,4034918.52,30,2609627.4,87715.62,
2024-12,Health (Group),PoSP,West,44,2244849.64,33,1691438.76,51019.31,
2024-12,Health (Retail),Agent,East,344,6794763.68,292,5781413.12,19752.22,
2024-12,Health (Retail),Agent,North,602,19079902.38,493,14989881.92,31694.19,
2024-12,Health (Retail),Agent,South,611,21676324.8,466,16720597.26,35476.8,
2024-12,Health (Retail),Agent,West,604,16046202.24,455,12304901.7,26566.56,
2024-12,Health (Retail),Bancassurance,East,287,8778417.34,203,6429769.22,30586.82,
2024-12,Health (Retail),Bancassurance,North,536,10870926.88,393,8132305.77,20281.58,
2024-12,Health (Retail),Bancassurance,South,468,11808739.8,335,8233087.3,25232.35,
2024-12,Health (Retail),Bancassurance,West,404,6496433.12,281,4341101.56,16080.28,
2024-12,Health (Retail),Broker,East,232,6947175.04,165,4754506.35,29944.72,
2024-12,Health (Retail),Broker,North,402,13946449.32,309,10747987.17,34692.66,
2024-12,Health (Retail),Broker,South,361,11154661.74,237,6995782.59,30899.34,
2024-12,Health (Retail),Broker,West,332,7952359.48,278,6960939.3,23952.89,
2024-12,Health (Retail),Direct/Online,East,313,5677779.31,211,3772099.75,18139.87,
2024-12,Health (Retail),Direct/Online,North,666,16718817.78,557,14672961.88,25103.33,
2024-12,Health (Retail),Direct/Online,South,591,22254554.16,386,15167873.86,37655.76,
2024-12,Health (Retail),Direct/Online,West,529,13958860.54,433,11815431.21,26387.26,
2024-12,Health (Retail),PoSP,East,163,3674287.32,130,2993407.3,22541.64,
2024-12,Health (Retail),PoSP,North,259,5921265.77,155,3557862.25,22862.03,
2024-12,Health (Retail),PoSP,South,213,5626463.16,133,3508131.69,26415.32,
2024-12,Health (Retail),PoSP,West,181,3059846.63,145,2344842.85,16905.23,
2024-12,Home,Agent,East,110,1053773.6,72,712938.24,9579.76,
2024-12,Home,Agent,North,210,1462391.7,151,1006449.73,6963.77,
2024-12,Home,Agent,South,163,716745.23,123,530839.71,4397.21,
2024-12,Home,Agent,West,153,653986.26,110,466010.6,4274.42,
2024-12,Home,Bancassurance,East,81,347387.13,51,218563.05,4288.73,
2024-12,Home,Bancassurance,North,146,459847.44,124,405983.44,3149.64,
2024-12,Home,Bancassurance,South,134,1090454.48,85,693913.65,8137.72,
2024-12,Home,Bancassurance,West,117,677394.9,97,577476.89,5789.7,
2024-12,Home,Broker,East,70,290113.6,59,253784.96,4144.48,
2024-12,Home,Broker,North,110,857626.0,90,722213.1,7796.6,
2024-12,Home,Broker,South,126,1066859.64,80,691185.6,8467.14,
2024-12,Home,Broker,West,105,901864.95,78,660801.96,8589.19,
2024-12,Home,Direct/Online,East,95,650280.7,72,474061.68,6845.06,
2024-12,Home,Direct/Online,North,191,491945.33,155,398666.2,2575.63,
2024-12,Home,Direct/Online,South,185,1078070.85,123,684570.03,5827.41,
2024-12,Home,Direct/Online,West,141,869229.75,118,699822.6,6164.75,
2024-12,Home,PoSP,East,44,162446.24,33,124034.13,3691.96,
2024-12,Home,PoSP,North,74,308145.62,52,210710.24,4164.13,
2024-12,Home,PoSP,South,73,237344.17,54,177220.98,3251.29,
2024-12,Home,PoSP,West,63,508837.14,51,429934.08,8076.78,
2024-12,Motor (Car),Agent,East,526,6339267.84,424,5154597.68,12051.84,
2024-12,Motor (Car),Agent,North,812,15697746.4,628,12612243.32,19332.2,
2024-12,Motor (Car),Agent,South,907,13234046.07,547,8001581.64,14591.01,
2024-12,Motor (Car),Agent,West,748,10995906.68,513,7302570.39,14700.41,
2024-12,Motor (Car),Bancassurance,East,378,7257059.46,246,4801004.88,19198.57,
2024-12,Motor (Car),Bancassurance,North,666,13895570.52,516,10476492.48,20864.22,
2024-12,Motor (Car),Bancassurance,South,635,12570409.2,552,10770971.76,19795.92,
2024-12,Motor (Car),Bancassurance,West,528,9399302.88,358,6436234.98,17801.71,
2024-12,Motor (Car),Broker,East,320,3810534.4,220,2565758.8,11907.92,
2024-12,Motor (Car),Broker,North,527,6744935.98,390,4758604.5,12798.74,
2024-12,Motor (Car),Broker,South,555,12815638.2,428,9964640.36,23091.24,
2024-12,Motor (Car),Broker,West,404,6384557.44,285,4342735.95,15803.36,
2024-12,Motor (Car),Direct/Online,East,477,12176035.56,330,8562473.7,25526.28,
2024-12,Motor (Car),Direct/Online,North,901,13171908.21,632,8992576.32,14619.21,
2024-12,Motor (Car),Direct/Online,South,769,7635231.82,500,4789640.0,9928.78,
2024-12,Motor (Car),Direct/Online,West,882,8370709.2,740,7358249.2,9490.6,
2024-12,Motor (Car),PoSP,East,207,5339970.72,163,4209258.21,25796.96,
2024-12,Motor (Car),PoSP,North,366,9491108.34,290,7626878.2,25931.99,
2024-12,Motor (Car),PoSP,South,369,3341782.08,280,2616017.6,9056.32,
2024-12,Motor (Car),PoSP,West,307,3954783.21,191,2461084.66,12882.03,
2024-12,Motor (Two-Wheeler),Agent,East,956,3480528.32,795,2992904.7,3640.72,
2024-12,Motor (Two-Wheeler),Agent,North,1597,4282387.44,1171,3151641.11,2681.52,
2024-12,Motor (Two-Wheeler),Agent,South,1657,5865100.63,1285,4402846.9,3539.59,
2024-12,Motor (Two-Wheeler),Agent,West,1526,4778058.6,1126,3522330.68,3131.1,
2024-12,Motor (Two-Wheeler),Bancassurance,East,612,1683030.6,380,1024160.8,2750.05,
2024-12,Motor (Two-Wheeler),Bancassurance,North,1112,2606194.4,883,1970546.95,2343.7,
2024-12,Motor (Two-Wheeler),Bancassurance,South,1005,3019020.0,760,2228228.8,3004.0,
2024-12,Motor (Two-Wheeler),Bancassurance,West,1074,2957269.74,739,2071897.35,2753.51,
2024-12,Motor (Two-Wheeler),Broker,East,634,2068184.08,437,1489348.44,3262.12,
2024-12,Motor (Two-Wheeler),Broker,North,1018,3615824.02,689,2550629.77,3551.89,
2024-12,Motor (Two-Wheeler),Broker,South,919,1495700.07,596,952717.92,1627.53,
2024-12,Motor (Two-Wheeler),Broker,West,847,3035021.22,661,2275545.38,3583.26,
2024-12,Motor (Two-Wheeler),Direct/Online,East,875,2463746.25,712,1958477.04,2815.71,
2024-12,Motor (Two-Wheeler),Direct/Online,North,1494,3317636.16,1047,2318403.51,2220.64,
2024-12,Motor (Two-Wheeler),Direct/Online,South,1568,5262615.68,1090,3609872.9,3356.26,
2024-12,Motor (Two-Wheeler),Direct/Online,West,1447,3677753.08,1156,3052868.84,2541.64,
2024-12,Motor (Two-Wheeler),PoSP,East,383,1098941.9,333,913002.75,2869.3,
2024-12,Motor (Two-Wheeler),PoSP,North,729,1926192.96,572,1518139.48,2642.24,
2024-12,Motor (Two-Wheeler),PoSP,South,571,1440358.92,381,914396.19,2522.52,
2024-12,Motor (Two-Wheeler),PoSP,West,492,961948.56,387,793040.4,1955.18,
2024-12,SME/Commercial,Agent,East,54,3595208.76,44,2952753.76,66577.94,
2024-12,SME/Commercial,Agent,North,82,13007253.28,63,10402624.26,158625.04,
2024-12,SME/Commercial,Agent,South,87,10230766.74,71,8125767.53,117595.02,
2024-12,SME/Commercial,Agent,West,73,4942487.63,57,3942112.59,67705.31,
2024-12,SME/Commercial,Bancassurance,East,36,3983736.96,27,3113695.62,110659.36,
2024-12,SME/Commercial,Bancassurance,North,69,6810680.88,53,4972120.8,98705.52,
2024-12,SME/Commercial,Bancassurance,South,61,5568876.66,54,4935866.76,91293.06,
2024-12,SME/Commercial,Bancassurance,West,54,4317355.08,40,3053238.4,79951.02,
2024-12,SME/Commercial,Broker,East,31,3683815.25,26,2971336.16,118832.75,
2024-12,SME/Commercial,Broker,North,59,5837952.65,46,4339826.76,98948.35,
2024-12,SME/Commercial,Broker,South,52,2635845.16,41,2122378.12,50689.33,
2024-12,SME/Commercial,Broker,West,50,4663772.0,37,3426789.78,93275.44,
2024-12,SME/Commercial,Direct/Online,East,52,3121575.08,40,2470084.4,60030.29,
2024-12,SME/Commercial,Direct/Online,North,86,6430724.82,73,5447130.06,74775.87,
2024-12,SME/Commercial,Direct/Online,South,84,8795922.24,74,7940864.52,104713.36,
2024-12,SME/Commercial,Direct/Online,West,75,10143624.75,59,8186455.91,135248.33,
2024-12,SME/Commercial,PoSP,East,23,2893009.69,15,1953597.45,125783.03,
2024-12,SME/Commercial,PoSP,North,32,3958011.52,23,2704950.88,123687.86,
2024-12,SME/Commercial,PoSP,South,34,2555794.62,25,1871351.25,75170.43,
2024-12,SME/Commercial,PoSP,West,29,2481645.42,21,1713925.71,85573.98,
2024-12,Travel,Agent,East,474,1100030.76,338,785075.98,2320.74,
2024-12,Travel,Agent,North,958,2033125.08,716,1518564.4,2122.26,
2024-12,Travel,Agent,South,995,1341638.1,741,1034917.65,1348.38,
2024-12,Travel,Agent,West,808,866693.12,558,608303.7,1072.64,
2024-12,Travel,Bancassurance,East,412,742893.68,350,643674.5,1803.14,
2024-12,Travel,Bancassurance,North,682,1489733.52,537,1177324.17,2184.36,
2024-12,Travel,Bancassurance,South,707,1013845.07,491,700249.47,1434.01,
2024-12,Travel,Bancassurance,West,605,1569091.7,503,1303831.33,2593.54,
2024-12,Travel,Broker,East,328,813062.8,237,607525.8,2478.85,
2024-12,Travel,Broker,North,597,1472285.58,458,1146827.42,2466.14,
2024-12,Travel,Broker,South,561,455700.3,436,356342.8,812.3,
2024-12,Travel,Broker,West,473,616309.54,321,415033.74,1302.98,
2024-12,Travel,Direct/Online,East,456,1404370.56,314,993200.84,3079.76,
2024-12,Travel,Direct/Online,North,937,2027461.86,743,1670159.98,2163.78,
2024-12,Travel,Direct/Online,South,933,1652464.29,758,1276926.8,1771.13,
2024-12,Travel,Direct/Online,West,736,1558965.76,467,948929.99,2118.16,
2024-12,Travel,PoSP,East,185,464274.15,139,343539.89,2509.59,
2024-12,Travel,PoSP,North,345,1054116.45,295,856600.35,3055.41,
2024-12,Travel,PoSP,South,357,898040.64,254,644146.54,2515.52,
2024-12,Travel,PoSP,West,260,521463.8,196,406703.92,2005.63,
2025-01,Crop,Agent,East,26,410646.6,21,339937.5,15794.1,
2025-01,Crop,Agent,North,45,422798.4,40,385447.6,9395.52,
2025-01,Crop,Agent,South,43,328440.02,33,241995.27,7638.14,
2025-01,Crop,Agent,West,40,134246.0,28,93945.32,3356.15,
2025-01,Crop,Bancassurance,East,16,335095.68,12,252386.4,20943.48,
2025-01,Crop,Bancassurance,North,28,118812.4,21,89117.7,4243.3,
2025-01,Crop,Bancassurance,South,29,112908.31,20,76974.8,3893.39,
2025-01,Crop,Bancassurance,West,26,406098.94,20,320016.0,15619.19,
2025-01,Crop,Broker,East,13,137701.85,12,129998.16,10592.45,
2025-01,Crop,Broker,North,26,87495.2,19,61180.19,3365.2,
2025-01,Crop,Broker,South,28,417543.28,20,310878.0,14912.26,
2025-01,Crop,Broker,West,24,132740.4,20,114682.2,5530.85,
2025-01,Crop,Direct/Online,East,22,220233.64,16,163137.6,10010.62,
2025-01,Crop,Direct/Online,North,44,934702.56,33,713836.53,21243.24,
2025-01,Crop,Direct/Online,South,40,479514.4,31,353433.48,11987.86,
2025-01,Crop,Direct/Online,West,34,344029.34,21,205040.43,10118.51,
2025-01,Crop,PoSP,East,8,126546.88,6,95179.98,15818.36,
2025-01,Crop,PoSP,North,16,272497.12,13,212915.04,17031.07,
2025-01,Crop,PoSP,South,16,84259.52,12,63095.16,5266.22,
2025-01,Crop,PoSP,West,12,127866.24,8,87148.96,10655.52,
2025-01,Health (Group),Agent,East,84,4151915.88,51,2550197.88,49427.57,
2025-01,Health (Group),Agent,North,131,11960031.45,113,10271201.67,91297.95,
2025-01,Health (Group),Agent,South,133,6568847.39,87,4328010.75,49389.83,
2025-01,Health (Group),Agent,West,113,5555191.87,95,4714885.15,49160.99,
2025-01,Health (Group),Bancassurance,East,52,2607357.48,42,2036908.02,50141.49,
2025-01,Health (Group),Bancassurance,North,90,4040018.1,73,3365536.52,44889.09,
2025-01,Health (Group),Bancassurance,South,108,7243156.08,91,6344126.88,67066.26,
2025-01,Health (Group),Bancassurance,West,98,6178217.92,76,4629068.8,63043.04,
2025-01,Health (Group),Broker,East,53,2818810.3,37,1875699.46,53185.1,
2025-01,Health (Group),Broker,North,95,8943420.65,70,6508663.7,94141.27,
2025-01,Health (Group),Broker,South,86,3056774.54,55,1981574.65,35543.89,
2025-01,Health (Group),Broker,West,83,3471317.3,67,2842021.41,41823.1,
2025-01,Health (Group),Direct/Online,East,88,7428430.24,61,5074204.48,84413.98,
2025-01,Health (Group),Direct/Online,North,136,3725841.04,97,2575699.2,27395.89,
2025-01,Health (Group),Direct/Online,South,122,8760368.6,82,5954653.86,71806.3,
2025-01,Health (Group),Direct/Online,West,121,8461027.85,91,6209489.65,69925.85,
2025-01,Health (Group),PoSP,East,34,3080658.06,29,2531674.48,90607.59,
2025-01,Health (Group),PoSP,North,53,2529440.37,34,1678974.4,47725.29,
2025-01,Health (Group),PoSP,South,50,2392831.0,32,1508272.96,47856.62,
2025-01,Health (Group),PoSP,West,51,4735115.91,31,2786138.02,92845.41,
2025-01,Health (Retail),Agent,East,413,12622085.35,383,12034369.39,30561.95,
2025-01,Health (Retail),Agent,North,744,25992354.24,584,20831881.52,34935.96,
2025-01,Health (Retail),Agent,South,693,21327220.53,524,15323106.68,30775.21,
2025-01,Health (Retail),Agent,West,645,24065104.8,465,17809416.3,37310.24,
2025-01,Health (Retail),Bancassurance,East,329,6750010.75,269,5313871.73,20516.75,
2025-01,Health (Retail),Bancassurance,North,508,8519779.76,350,5835144.0,16771.22,
2025-01,Health (Retail),Bancassurance,South,518,12920634.58,371,9078344.03,24943.31,
2025-01,Health (Retail),Bancassurance,West,411,14550908.37,264,9035817.12,35403.67,
2025-01,Health (Retail),Broker,East,258,8966323.02,175,5779875.5,34753.19,
2025-01,Health (Retail),Broker,North,495,15134407.2,351,10935910.44,30574.56,
2025-01,Health (Retail),Broker,South,445,10717914.0,307,7051031.71,24085.2,
2025-01,Health (Retail),Broker,West,409,8170834.31,314,6383073.64,19977.59,
2025-01,Health (Retail),Direct/Online,East,379,13899317.14,345,12260337.45,36673.66,
2025-01,Health (Retail),Direct/Online,North,639,15555279.24,459,11154452.76,24343.16,
2025-01,Health (Retail),Direct/Online,South,670,25094890.2,599,21466374.98,37455.06,
2025-01,Health (Retail),Direct/Online,West,630,21024870.3,486,15935036.04,33372.81,
2025-01,Health (Retail),PoSP,East,177,4163792.25,117,2790741.33,23524.25,
2025-01,Health (Retail),PoSP,North,317,8742102.37,249,6634796.73,27577.61,
2025-01,Health (Retail),PoSP,South,273,7410623.22,183,4752510.0,27145.14,
2025-01,Health (Retail),PoSP,West,233,7100022.6,177,5274884.97,30472.2,
2025-01,Home,Agent,East,89,567984.65,71,475563.68,6381.85,
2025-01,Home,Agent,North,172,1582062.88,121,1065516.32,9198.04,
2025-01,Home,Agent,South,148,1251692.24,112,958702.08,8457.38,
2025-01,Home,Agent,West,143,408728.32,103,308588.0,2858.24,
2025-01,Home,Bancassurance,East,72,157939.92,53,120926.92,2193.61,
2025-01,Home,Bancassurance,North,123,463641.12,84,322782.6,3769.44,
2025-01,Home,Bancassurance,South,130,1240068.7,116,1122789.52,9538.99,
2025-01,Home,Bancassurance,West,98,883701.28,76,675763.12,9017.36,
2025-01,Home,Broker,East,61,158509.72,44,118071.36,2598.52,
2025-01,Home,Broker,North,106,307979.82,77,234830.75,2905.47,
2025-01,Home,Broker,South,100,305559.0,70,217165.2,3055.59,
2025-01,Home,Broker,West,100,583238.0,74,451131.38,5832.38,
2025-01,Home,Direct/Online,East,111,415683.9,102,364709.16,3744.9,
2025-01,Home,Direct/Online,North,181,1114105.68,116,701146.92,6155.28,
2025-01,Home,Direct/Online,South,161,1507378.6,112,1100121.12,9362.6,
2025-01,Home,Direct/Online,West,136,541994.0,120,493526.4,3985.25,
2025-01,Home,PoSP,East,40,283369.2,31,220395.74,7084.23,
2025-01,Home,PoSP,North,64,295114.24,53,236515.68,4611.16,
2025-01,Home,PoSP,South,65,478320.05,49,358345.82,7358.77,
2025-01,Home,PoSP,West,60,432664.2,39,290015.7,7211.07,
2025-01,Motor (Car),Agent,East,510,9025031.4,352,6312155.52,17696.14,
2025-01,Motor (Car),Agent,North,878,11759229.6,654,8581788.0,13393.2,
2025-01,Motor (Car),Agent,South,709,17302811.77,608,15452052.48,24404.53,
2025-01,Motor (Car),Agent,West,723,19224656.76,508,13632840.4,26590.12,
2025-01,Motor (Car),Bancassurance,East,397,4187925.21,348,3842313.24,10548.93,
2025-01,Motor (Car),Bancassurance,North,614,11739182.66,506,10089184.6,19119.19,
2025-01,Motor (Car),Bancassurance,South,567,8044346.52,343,4845924.58,14187.56,
2025-01,Motor (Car),Bancassurance,West,513,7273308.87,379,5338753.18,14177.99,
2025-01,Motor (Car),Broker,East,328,3627024.0,252,2718054.36,11058.0,
2025-01,Motor (Car),Broker,North,582,14242674.9,459,11361337.83,24471.95,
2025-01,Motor (Car),Broker,South,588,7406800.8,381,4720826.22,12596.6,
2025-01,Motor (Car),Broker,West,505,13584116.2,425,11693552.0,26899.24,
2025-01,Motor (Car),Direct/Online,East,524,11928026.84,385,9070238.1,22763.41,
2025-01,Motor (Car),Direct/Online,North,873,14998978.08,662,11604793.8,17180.96,
2025-01,Motor (Car),Direct/Online,South,826,8498986.58,695,7262131.45,10289.33,
2025-01,Motor (Car),Direct/Online,West,642,7664016.24,522,6420495.6,11937.72,
2025-01,Motor (Car),PoSP,East,176,2551876.8,149,2196334.5,14499.3,
2025-01,Motor (Car),PoSP,North,369,4752144.36,325,4185918.75,12878.44,
2025-01,Motor (Car),PoSP,South,387,6725746.53,297,5417000.82,17379.19,
2025-01,Motor (Car),PoSP,West,285,7213255.95,202,5010058.54,25309.67,
2025-01,Motor (Two-Wheeler),Agent,East,916,3080434.72,713,2447586.4,3362.92,
2025-01,Motor (Two-Wheeler),Agent,North,1404,3001737.96,990,2043587.7,2137.99,
2025-01,Motor (Two-Wheeler),Agent,South,1404,3595573.8,998,2434970.3,2560.95,
2025-01,Motor (Two-Wheeler),Agent,West,1110,3422307.6,738,2288847.96,3083.16,
2025-01,Motor (Two-Wheeler),Bancassurance,East,591,1096015.41,437,840040.73,1854.51,
2025-01,Motor (Two-Wheeler),Bancassurance,North,1251,2591696.7,865,1862241.2,2071.7,
2025-01,Motor (Two-Wheeler),Bancassurance,South,1028,1737402.24,662,1063655.26,1690.08,
2025-01,Motor (Two-Wheeler),Bancassurance,West,1104,3620921.28,949,3226865.72,3279.82,
2025-01,Motor (Two-Wheeler),Broker,East,544,1080465.6,426,847360.86,1986.15,
2025-01,Motor (Two-Wheeler),Broker,North,1119,4089821.91,898,3213052.98,3654.89,
2025-01,Motor (Two-Wheeler),Broker,South,902,2584653.94,625,1833331.25,2865.47,
2025-01,Motor (Two-Wheeler),Broker,West,768,1383705.6,600,1089492.0,1801.7,
2025-01,Motor (Two-Wheeler),Direct/Online,East,1007,3661623.19,730,2682078.4,3636.17,
2025-01,Motor (Two-Wheeler),Direct/Online,North,1575,5842021.5,1163,4458639.62,3709.22,
2025-01,Motor (Two-Wheeler),Direct/Online,South,1526,5376586.32,1196,4248622.56,3523.32,
2025-01,Motor (Two-Wheeler),Direct/Online,West,1397,4239839.12,952,2866167.36,3034.96,
2025-01,Motor (Two-Wheeler),PoSP,East,311,595303.76,227,432301.07,1914.16,
2025-01,Motor (Two-Wheeler),PoSP,North,503,1623055.25,399,1260640.5,3226.75,
2025-01,Motor (Two-Wheeler),PoSP,South,527,1316909.76,357,873903.87,2498.88,
2025-01,Motor (Two-Wheeler),PoSP,West,501,1895728.89,348,1324018.2,3783.89,
2025-01,SME/Commercial,Agent,East,48,5635879.2,35,4110888.6,117414.15,
2025-01,SME/Commercial,Agent,North,90,10851754.5,69,8614836.3,120575.05,
2025-01,SME/Commercial,Agent,South,87,1635559.98,68,1258823.48,18799.54,
2025-01,SME/Commercial,Agent,West,73,4058048.83,54,2972958.66,55589.71,
2025-01,SME/Commercial,Bancassurance,East,38,852682.0,25,541497.5,22439.0,
2025-01,SME/Commercial,Bancassurance,North,67,7616770.38,59,6401697.06,113683.14,
2025-01,SME/Commercial,Bancassurance,South,61,1174915.51,47,921297.76,19260.91,
2025-01,SME/Commercial,Bancassurance,West,47,2344113.25,38,1813076.52,49874.75,
2025-01,SME/Commercial,Broker,East,33,1215296.94,25,933983.5,36827.18,
2025-01,SME/Commercial,Broker,North,54,2023982.1,39,1403611.17,37481.15,
2025-01,SME/Commercial,Broker,South,50,1596010.5,37,1220948.57,31920.21,
2025-01,SME/Commercial,Broker,West,45,1235174.4,38,1084635.14,27448.32,
2025-01,SME/Commercial,Direct/Online,East,50,6564153.5,31,4216309.07,131283.07,
2025-01,SME/Commercial,Direct/Online,North,85,11893088.65,67,9600265.85,139918.69,
2025-01,SME/Commercial,Direct/Online,South,79,4106906.64,61,3214776.86,51986.16,
2025-01,SME/Commercial,Direct/Online,West,79,7093033.17,44,3936192.04,89785.23,
2025-01,SME/Commercial,PoSP,East,20,2507627.8,15,1819636.05,125381.39,
2025-01,SME/Commercial,PoSP,North,38,4140810.98,28,3199069.44,108968.71,
2025-01,SME/Commercial,PoSP,South,34,5364980.7,24,3724818.48,157793.55,
2025-01,SME/Commercial,PoSP,West,30,4197050.4,19,2619369.07,139901.68,
2025-01,Travel,Agent,East,404,422135.56,323,342560.88,1044.89,
2025-01,Travel,Agent,North,630,985389.3,471,767956.08,1564.11,
2025-01,Travel,Agent,South,565,397850.4,452,320915.48,704.16,
2025-01,Travel,Agent,West,591,1329141.27,399,920604.72,2248.97,
2025-01,Travel,Bancassurance,East,232,259696.16,208,230256.0,1119.38,
2025-01,Travel,Bancassurance,North,528,1356511.2,436,1070423.6,2569.15,
2025-01,Travel,Bancassurance,South,448,1302658.56,389,1129967.2,2907.72,
2025-01,Travel,Bancassurance,West,361,960534.36,234,637132.86,2660.76,
2025-01,Travel,Broker,East,245,553082.6,182,416441.48,2257.48,
2025-01,Travel,Broker,North,442,808135.12,352,628700.16,1828.36,
2025-01,Travel,Broker,South,370,1177821.0,262,822027.62,3183.3,
2025-01,Travel,Broker,West,398,637118.4,339,526389.03,1600.8,
2025-01,Travel,Direct/Online,East,357,846625.5,253,593196.45,2371.5,
2025-01,Travel,Direct/Online,North,701,727602.95,569,593057.32,1037.95,
2025-01,Travel,Direct/Online,South,509,1126559.52,436,984618.8,2213.28,
2025-01,Travel,Direct/Online,West,639,1435519.89,407,886364.6,2246.51,
2025-01,Travel,PoSP,East,154,352941.82,110,253231.0,2291.83,
2025-01,Travel,PoSP,North,248,561271.12,166,361287.38,2263.19,
2025-01,Travel,PoSP,South,232,145287.68,182,109389.28,626.24,
2025-01,Travel,PoSP,West,213,593311.5,174,500832.9,2785.5,
2025-02,Crop,Agent,East,18,314271.0,15,262345.8,17459.5,
2025-02,Crop,Agent,North,37,767236.07,27,541306.26,20736.11,
2025-02,Crop,Agent,South,39,544640.07,29,408491.68,13965.13,
2025-02,Crop,Agent,West,30,155779.8,18,97358.94,5192.66,
2025-02,Crop,Bancassurance,East,13,162860.62,10,128402.0,12527.74,
2025-02,Crop,Bancassurance,North,30,305620.2,26,254163.78,10187.34,
2025-02,Crop,Bancassurance,South,29,353674.43,24,299846.88,12195.67,
2025-02,Crop,Bancassurance,West,25,313540.25,18,234369.36,12541.61,
2025-02,Crop,Broker,East,14,74616.64,12,64601.28,5329.76,
2025-02,Crop,Broker,North,20,88117.6,14,59150.14,4405.88,
2025-02,Crop,Broker,South,24,229232.64,20,187022.8,9551.36,
2025-02,Crop,Broker,West,18,156302.28,12,103332.0,8683.46,
2025-02,Crop,Direct/Online,East,22,225227.64,17,173010.53,10237.62,
2025-02,Crop,Direct/Online,North,31,554114.77,22,406643.82,17874.67,
2025-02,Crop,Direct/Online,South,33,221368.29,23,146651.45,6708.13,
2025-02,Crop,Direct/Online,West,28,330195.32,19,232691.86,11792.69,
2025-02,Crop,PoSP,East,8,142638.64,7,122176.46,17829.83,
2025-02,Crop,PoSP,North,14,255117.52,10,189704.0,18222.68,
2025-02,Crop,PoSP,South,13,240394.44,8,151378.88,18491.88,
2025-02,Crop,PoSP,West,13,175145.1,11,154490.82,13472.7,
2025-02,Health (Group),Agent,East,95,6035556.15,65,4076378.8,63532.17,
2025-02,Health (Group),Agent,North,153,8354078.46,122,6525659.22,54601.82,
2025-02,Health (Group),Agent,South,141,7033119.48,109,5440681.59,49880.28,
2025-02,Health (Group),Agent,West,129,10695288.09,93,7791198.69,82909.21,
2025-02,Health (Group),Bancassurance,East,70,2323658.4,50,1655760.5,33195.12,
2025-02,Health (Group),Bancassurance,North,110,8050180.6,86,6027790.74,73183.46,
2025-02,Health (Group),Bancassurance,South,94,7773323.42,70,5674749.5,82694.93,
2025-02,Health (Group),Bancassurance,West,98,3412296.3,76,2554920.12,34819.35,
2025-02,Health (Group),Broker,East,65,4803754.8,43,3282349.96,73903.92,
2025-02,Health (Group),Broker,North,94,7175095.2,73,5580804.01,76330.8,
2025-02,Health (Group),Broker,South,95,6345566.8,66,4207622.1,66795.44,
2025-02,Health (Group),Broker,West,87,8438420.58,72,7047113.04,96993.34,
2025-02,Health (Group),Direct/Online,East,83,7899795.58,63,5793457.95,95178.26,
2025-02,Health (Group),Direct/Online,North,163,14088253.0,121,9946690.05,86431.0,
2025-02,Health (Group),Direct/Online,South,157,7512792.26,126,5819296.14,47852.18,
2025-02,Health (Group),Direct/Online,West,142,5897075.4,104,4467958.56,41528.7,
2025-02,Health (Group),PoSP,East,40,3288968.0,30,2573412.6,82224.2,
2025-02,Health (Group),PoSP,North,57,1721592.09,39,1162040.49,30203.37,
2025-02,Health (Group),PoSP,South,55,5346171.6,39,3949853.7,97203.12,
2025-02,Health (Group),PoSP,West,51,4624453.56,36,3248017.56,90675.56,
2025-02,Health (Retail),Agent,East,435,15029458.8,348,11449596.72,34550.48,
2025-02,Health (Retail),Agent,North,787,25949326.02,721,22671816.16,32972.46,
2025-02,Health (Retail),Agent,South,744,25992026.88,567,19579706.37,34935.52,
2025-02,Health (Retail),Agent,West,638,20829277.26,485,15365968.85,32647.77,
2025-02,Health (Retail),Bancassurance,East,306,11268954.9,249,9009260.73,36826.65,
2025-02,Health (Retail),Bancassurance,North,661,20512865.88,474,14051440.86,31033.08,
2025-02,Health (Retail),Bancassurance,South,637,23692074.77,446,17129669.18,37193.21,
2025-02,Health (Retail),Bancassurance,West,536,12036480.32,419,9856191.47,22456.12,
2025-02,Health (Retail),Broker,East,292,10444396.16,227,8413260.14,35768.48,
2025-02,Health (Retail),Broker,North,521,8906369.96,325,5479389.5,17094.76,
2025-02,Health (Retail),Broker,South,479,11902862.6,300,7200069.0,24849.4,
2025-02,Health (Retail),Broker,West,428,11646855.84,333,8672751.9,27212.28,
2025-02,Health (Retail),Direct/Online,East,473,15917429.11,408,14322199.44,33652.07,
2025-02,Health (Retail),Direct/Online,North,821,22649797.26,627,17111394.3,27588.06,
2025-02,Health (Retail),Direct/Online,South,729,11440007.46,549,8398860.03,15692.74,
2025-02,Health (Retail),Direct/Online,West,722,18563074.86,621,16465374.09,25710.63,
2025-02,Health (Retail),PoSP,East,186,3418616.76,123,2164806.15,18379.66,
2025-02,Health (Retail),PoSP,North,344,9385565.28,270,7426709.1,27283.62,
2025-02,Health (Retail),PoSP,South,253,9245252.5,172,6534746.12,36542.5,
2025-02,Health (Retail),PoSP,West,269,10072723.83,246,8898489.12,37445.07,
2025-02,Home,Agent,East,109,1056369.14,75,700852.5,9691.46,
2025-02,Home,Agent,North,166,722373.9,129,548322.24,4351.65,
2025-02,Home,Agent,South,166,1220242.76,120,865068.0,7350.86,
2025-02,Home,Agent,West,131,443432.38,95,329917.9,3384.98,
2025-02,Home,Bancassurance,East,70,457567.6,56,370419.28,6536.68,
2025-02,Home,Bancassurance,North,124,516063.2,97,414499.43,4161.8,
2025-02,Home,Bancassurance,South,126,809321.94,96,634213.44,6423.19,
2025-02,Home,Bancassurance,West,108,448104.96,70,287305.2,4149.12,
2025-02,Home,Broker,East,54,485264.52,37,319865.0,8986.38,
2025-02,Home,Broker,North,120,1156154.4,87,847136.4,9634.62,
2025-02,Home,Broker,South,112,1008271.04,78,673283.52,9002.42,
2025-02,Home,Broker,West,108,918042.12,80,700665.6,8500.39,
2025-02,Home,Direct/Online,East,101,575828.27,72,412114.32,5701.27,
2025-02,Home,Direct/Online,North,192,1036143.36,146,809678.04,5396.58,
2025-02,Home,Direct/Online,South,174,916014.3,157,786155.52,5264.45,
2025-02,Home,Direct/Online,West,154,820924.72,117,622287.9,5330.68,
2025-02,Home,PoSP,East,37,360549.83,29,274144.25,9744.59,
2025-02,Home,PoSP,North,66,427544.04,54,335139.66,6477.94,
2025-02,Home,PoSP,South,73,553191.81,50,371994.0,7577.97,
2025-02,Home,PoSP,West,67,466438.59,59,397332.55,6961.77,
2025-02,Motor (Car),Agent,East,555,13321875.9,454,10620821.52,24003.38,
2025-02,Motor (Car),Agent,North,899,20647476.84,701,16710003.38,22967.16,
2025-02,Motor (Car),Agent,South,798,18398169.3,624,14252066.4,23055.35,
2025-02,Motor (Car),Agent,West,802,13687268.84,715,12234193.4,17066.42,
2025-02,Motor (Car),Bancassurance,East,375,8174028.75,232,5197874.16,21797.41,
2025-02,Motor (Car),Bancassurance,North,616,6647169.76,449,4938330.99,10790.86,
2025-02,Motor (Car),Bancassurance,South,713,7192551.49,541,5368321.36,10087.73,
2025-02,Motor (Car),Bancassurance,West,552,8115487.44,365,5546861.2,14701.97,
2025-02,Motor (Car),Broker,East,340,8733280.8,247,6032011.7,25686.12,
2025-02,Motor (Car),Broker,North,626,7334103.32,418,5008275.36,11715.82,
2025-02,Motor (Car),Broker,South,503,6231355.14,395,4856244.55,12388.38,
2025-02,Motor (Car),Broker,West,536,12077500.4,435,10226145.3,22532.65,
2025-02,Motor (Car),Direct/Online,East,531,11370069.36,340,7464951.6,21412.56,
2025-02,Motor (Car),Direct/Online,North,933,10522019.46,826,9425642.94,11277.62,
2025-02,Motor (Car),Direct/Online,South,798,21189341.88,664,17875975.6,26553.06,
2025-02,Motor (Car),Direct/Online,West,773,20791983.94,660,18539268.0,26897.78,
2025-02,Motor (Car),PoSP,East,204,4141740.6,140,2719245.2,20302.65,
2025-02,Motor (Car),PoSP,North,325,6035201.25,264,4967851.68,18569.85,
2025-02,Motor (Car),PoSP,South,353,8492424.58,292,6953708.44,24057.86,
2025-02,Motor (Car),PoSP,West,291,4134434.88,236,3422266.68,14207.68,
2025-02,Motor (Two-Wheeler),Agent,East,917,1993392.94,617,1342246.48,2173.82,
2025-02,Motor (Two-Wheeler),Agent,North,1537,3994278.75,1260,3147404.4,2598.75,
2025-02,Motor (Two-Wheeler),Agent,South,1521,5112735.03,1218,3981471.48,3361.43,
2025-02,Motor (Two-Wheeler),Agent,West,1338,3880641.54,882,2632919.94,2900.33,
2025-02,Motor (Two-Wheeler),Bancassurance,East,630,1654380.0,505,1377135.0,2626.0,
2025-02,Motor (Two-Wheeler),Bancassurance,North,1208,2451394.4,794,1550261.18,2029.3,
2025-02,Motor (Two-Wheeler),Bancassurance,South,1065,3966219.75,799,2864638.72,3724.15,
2025-02,Motor (Two-Wheeler),Bancassurance,West,1019,2878420.25,808,2335273.52,2824.75,
2025-02,Motor (Two-Wheeler),Broker,East,507,886023.06,327,553378.83,1747.58,
2025-02,Motor (Two-Wheeler),Broker,North,1004,2168579.76,838,1829379.14,2159.94,
2025-02,Motor (Two-Wheeler),Broker,South,897,1939296.06,655,1414813.1,2161.98,
2025-02,Motor (Two-Wheeler),Broker,West,790,1768367.6,648,1424660.4,2238.44,
2025-02,Motor (Two-Wheeler),Direct/Online,East,762,1871990.16,659,1681939.34,2456.68,
2025-02,Motor (Two-Wheeler),Direct/Online,North,1289,4768848.85,1047,3761022.93,3699.65,
2025-02,Motor (Two-Wheeler),Direct/Online,South,1581,5700975.33,1078,3796317.14,3605.93,
2025-02,Motor (Two-Wheeler),Direct/Online,West,1488,4114632.48,1004,2878206.96,2765.21,
2025-02,Motor (Two-Wheeler),PoSP,East,360,1072321.2,310,967023.3,2978.67,
2025-02,Motor (Two-Wheeler),PoSP,North,628,2184297.04,446,1621936.98,3478.18,
2025-02,Motor (Two-Wheeler),PoSP,South,593,1460049.02,436,1108102.72,2462.14,
2025-02,Motor (Two-Wheeler),PoSP,West,584,1719150.0,347,1001108.88,2943.75,
2025-02,SME/Commercial,Agent,East,34,3828873.62,26,2976781.6,112613.93,Temporary underwriting tightening on SME segment
2025-02,SME/Commercial,Agent,North,71,6299167.57,49,4475600.22,88720.67,Temporary underwriting tightening on SME segment
2025-02,SME/Commercial,Agent,South,63,9270281.16,54,7619477.76,147147.32,Temporary underwriting tightening on SME segment
2025-02,SME/Commercial,Agent,West,64,2521512.96,45,1830456.0,39398.64,Temporary underwriting tightening on SME segment
2025-02,SME/Commercial,Bancassurance,East,29,595977.55,24,492285.84,20550.95,Temporary underwriting tightening on SME segment
2025-02,SME/Commercial,Bancassurance,North,48,2394154.56,37,1918730.83,49878.22,Temporary underwriting tightening on SME segment
2025-02,SME/Commercial,Bancassurance,South,51,6157552.32,38,4498708.66,120736.32,Temporary underwriting tightening on SME segment
2025-02,SME/Commercial,Bancassurance,West,40,2788666.8,33,2241774.15,69716.67,Temporary underwriting tightening on SME segment
2025-02,SME/Commercial,Broker,East,29,945395.65,19,600951.95,32599.85,Temporary underwriting tightening on SME segment
2025-02,SME/Commercial,Broker,North,47,5205538.11,37,3909318.99,110756.13,Temporary underwriting tightening on SME segment
2025-02,SME/Commercial,Broker,South,40,1473221.6,28,1060927.56,36830.54,Temporary underwriting tightening on SME segment
2025-02,SME/Commercial,Broker,West,38,2157755.9,30,1654304.7,56783.05,Temporary underwriting tightening on SME segment
2025-02,SME/Commercial,Direct/Online,East,43,4488752.37,32,3435403.84,104389.59,Temporary underwriting tightening on SME segment
2025-02,SME/Commercial,Direct/Online,North,68,10143798.68,46,6922488.48,149173.51,Temporary underwriting tightening on SME segment
2025-02,SME/Commercial,Direct/Online,South,63,7255231.83,52,5763374.76,115162.41,Temporary underwriting tightening on SME segment
2025-02,SME/Commercial,Direct/Online,West,52,3620662.76,45,3010304.7,69628.13,Temporary underwriting tightening on SME segment
2025-02,SME/Commercial,PoSP,East,18,2259798.12,13,1681554.29,125544.34,Temporary underwriting tightening on SME segment
2025-02,SME/Commercial,PoSP,North,29,4108696.51,23,3254873.75,141679.19,Temporary underwriting tightening on SME segment
2025-02,SME/Commercial,PoSP,South,24,2594995.92,16,1730361.92,108124.83,Temporary underwriting tightening on SME segment
2025-02,SME/Commercial,PoSP,West,22,1133824.12,17,895512.57,51537.46,Temporary underwriting tightening on SME segment
2025-02,Travel,Agent,East,340,672826.0,260,520826.8,1978.9,
2025-02,Travel,Agent,North,541,1388747.0,476,1226161.72,2567.0,
2025-02,Travel,Agent,South,591,1777952.58,396,1152605.52,3008.38,
2025-02,Travel,Agent,West,491,1314539.57,347,953018.15,2677.27,
2025-02,Travel,Bancassurance,East,232,314916.8,175,227321.5,1357.4,
2025-02,Travel,Bancassurance,North,425,669409.0,331,547099.97,1575.08,
2025-02,Travel,Bancassurance,South,428,849327.48,338,680397.38,1984.41,
2025-02,Travel,Bancassurance,West,411,1293170.4,275,866981.5,3146.4,
2025-02,Travel,Broker,East,255,606718.95,171,405016.92,2379.29,
2025-02,Travel,Broker,North,387,234107.91,228,144009.36,604.93,
2025-02,Travel,Broker,South,370,712760.6,272,514732.8,1926.38,
2025-02,Travel,Broker,West,371,1128956.71,343,1092238.91,3043.01,
2025-02,Travel,Direct/Online,East,360,1050912.0,283,835359.4,2919.2,
2025-02,Travel,Direct/Online,North,612,441643.68,476,356328.84,721.64,
2025-02,Travel,Direct/Online,South,583,755999.42,382,495255.36,1296.74,
2025-02,Travel,Direct/Online,West,470,1126834.4,363,833404.44,2397.52,
2025-02,Travel,PoSP,East,133,422936.01,91,293901.79,3179.97,
2025-02,Travel,PoSP,North,220,216513.0,164,164083.64,984.15,
2025-02,Travel,PoSP,South,247,398628.36,189,310241.61,1613.88,
2025-02,Travel,PoSP,West,184,428817.52,119,281796.76,2330.53,
2025-03,Crop,Agent,East,21,313238.52,15,223643.4,14916.12,
2025-03,Crop,Agent,North,41,168461.62,33,138514.53,4108.82,
2025-03,Crop,Agent,South,34,610161.96,25,449586.0,17945.94,
2025-03,Crop,Agent,West,30,118014.0,22,89999.14,3933.8,
2025-03,Crop,Bancassurance,East,15,279692.4,12,223597.32,18646.16,
2025-03,Crop,Bancassurance,North,29,495126.57,21,356590.08,17073.33,
2025-03,Crop,Bancassurance,South,25,440519.75,19,325167.33,17620.79,
2025-03,Crop,Bancassurance,West,22,475643.3,17,379829.81,21620.15,
2025-03,Crop,Broker,East,13,278354.7,9,189692.82,21411.9,
2025-03,Crop,Broker,North,26,312092.3,20,250566.0,12003.55,
2025-03,Crop,Broker,South,22,102146.44,18,82369.08,4643.02,
2025-03,Crop,Broker,West,19,136521.46,15,102397.05,7185.34,
2025-03,Crop,Direct/Online,East,22,349598.26,16,262694.56,15890.83,
2025-03,Crop,Direct/Online,North,38,446021.58,28,325727.92,11737.41,
2025-03,Crop,Direct/Online,South,36,758772.36,25,545358.25,21077.01,
2025-03,Crop,Direct/Online,West,30,154908.3,26,127974.6,5163.61,
2025-03,Crop,PoSP,East,9,120340.71,7,89437.11,13371.19,
2025-03,Crop,PoSP,North,14,83315.54,10,60888.6,5951.11,
2025-03,Crop,PoSP,South,13,79928.16,9,53210.61,6148.32,
2025-03,Crop,PoSP,West,12,182672.64,9,132925.14,15222.72,
2025-03,Health (Group),Agent,East,99,6149347.38,78,4805314.8,62114.62,
2025-03,Health (Group),Agent,North,167,14995486.11,121,11212761.45,89793.33,
2025-03,Health (Group),Agent,South,162,14152569.48,112,9824692.64,87361.54,
2025-03,Health (Group),Agent,West,124,4173289.44,100,3406180.0,33655.56,
2025-03,Health (Group),Bancassurance,East,67,5656755.73,52,4245912.32,84429.19,
2025-03,Health (Group),Bancassurance,North,130,9438440.7,112,8092570.08,72603.39,
2025-03,Health (Group),Bancassurance,South,114,8955793.26,88,6697005.04,78559.59,
2025-03,Health (Group),Bancassurance,West,108,8813224.44,76,6129372.64,81603.93,
2025-03,Health (Group),Broker,East,62,5455727.2,42,3668254.38,87995.6,
2025-03,Health (Group),Broker,North,114,3323942.46,99,2774962.08,29157.39,
2025-03,Health (Group),Broker,South,95,3673760.2,74,2901343.9,38671.16,
2025-03,Health (Group),Broker,West,95,6316055.05,70,4504108.7,66484.79,
2025-03,Health (Group),Direct/Online,East,92,7655672.36,71,5913981.92,83213.83,
2025-03,Health (Group),Direct/Online,North,197,15417257.43,129,10236816.93,78260.19,
2025-03,Health (Group),Direct/Online,South,152,12527850.64,114,9100736.28,82420.07,
2025-03,Health (Group),Direct/Online,West,142,11326381.5,98,8167282.76,79763.25,
2025-03,Health (Group),PoSP,East,37,2345538.41,31,1959742.5,63392.93,
2025-03,Health (Group),PoSP,North,71,2328863.19,51,1598660.28,32800.89,
2025-03,Health (Group),PoSP,South,65,4358792.1,49,3127229.49,67058.34,
2025-03,Health (Group),PoSP,West,58,4776378.3,47,4024525.87,82351.35,
2025-03,Health (Retail),Agent,East,493,15820325.63,440,13776426.4,32089.91,
2025-03,Health (Retail),Agent,North,711,18550011.33,449,11618198.28,26090.03,
2025-03,Health (Retail),Agent,South,813,11998286.52,648,9444088.08,14758.04,
2025-03,Health (Retail),Agent,West,710,13214860.8,504,9290448.72,18612.48,
2025-03,Health (Retail),Bancassurance,East,348,5653353.96,285,4520935.05,16245.27,
2025-03,Health (Retail),Bancassurance,North,629,21483161.63,408,13978998.0,34154.47,
2025-03,Health (Retail),Bancassurance,South,555,15097270.95,439,11483730.76,27202.29,
2025-03,Health (Retail),Bancassurance,West,512,17963443.2,380,12741099.8,35084.85,
2025-03,Health (Retail),Broker,East,360,8658680.4,304,7633722.72,24051.89,
2025-03,Health (Retail),Broker,North,603,9682883.55,352,5470864.96,16057.85,
2025-03,Health (Retail),Broker,South,491,12619485.6,383,9545363.46,25701.6,
2025-03,Health (Retail),Broker,West,478,10210089.56,381,7989211.86,21360.02,
2025-03,Health (Retail),Direct/Online,East,507,7618618.02,387,5543302.86,15026.86,
2025-03,Health (Retail),Direct/Online,North,851,26710158.29,583,18777975.26,31386.79,
2025-03,Health (Retail),Direct/Online,South,782,11552227.94,543,8389605.21,14772.67,
2025-03,Health (Retail),Direct/Online,West,792,12877167.6,518,8345451.38,16259.05,
2025-03,Health (Retail),PoSP,East,169,3089429.85,135,2581232.4,18280.65,
2025-03,Health (Retail),PoSP,North,338,10153415.22,241,7395916.45,30039.69,
2025-03,Health (Retail),PoSP,South,304,4534941.28,216,3372230.88,14917.57,
2025-03,Health (Retail),PoSP,West,263,9425551.8,210,7179442.2,35838.6,
2025-03,Home,Agent,East,127,657884.13,86,454488.5,5180.19,
2025-03,Home,Agent,North,213,555787.29,129,330238.71,2609.33,
2025-03,Home,Agent,South,196,548474.64,130,380014.7,2798.34,
2025-03,Home,Agent,West,183,580679.13,124,379769.84,3173.11,
2025-03,Home,Bancassurance,East,85,744921.3,62,537767.54,8763.78,
2025-03,Home,Bancassurance,North,179,1245963.51,129,925931.04,6960.69,
2025-03,Home,Bancassurance,South,170,974914.3,117,670294.17,5734.79,
2025-03,Home,Bancassurance,West,141,864564.06,110,685185.6,6131.66,
2025-03,Home,Broker,East,79,561214.42,61,429064.85,7103.98,
2025-03,Home,Broker,North,140,1020187.0,115,865093.25,7287.05,
2025-03,Home,Broker,South,146,687935.94,113,537771.52,4711.89,
2025-03,Home,Broker,West,120,498361.2,98,406196.28,4153.01,
2025-03,Home,Direct/Online,East,131,1048100.87,110,858035.2,8000.77,
2025-03,Home,Direct/Online,North,224,974834.56,184,836649.84,4351.94,
2025-03,Home,Direct/Online,South,190,1843442.7,149,1435853.4,9702.33,
2025-03,Home,Direct/Online,West,180,832437.0,129,586710.06,4624.65,
2025-03,Home,PoSP,East,52,299740.48,40,223590.4,5764.24,
2025-03,Home,PoSP,North,84,548916.48,74,478633.48,6534.72,
2025-03,Home,PoSP,South,87,426854.19,63,311940.72,4906.37,
2025-03,Home,PoSP,West,68,245026.44,50,171533.0,3603.33,
2025-03,Motor (Car),Agent,East,658,7787805.06,521,6134285.26,11835.57,
2025-03,Motor (Car),Agent,North,1100,25451613.0,901,21067100.91,23137.83,
2025-03,Motor (Car),Agent,South,1082,13372632.76,790,9678953.6,12359.18,
2025-03,Motor (Car),Agent,West,984,11366823.6,698,7841059.78,11551.65,
2025-03,Motor (Car),Bancassurance,East,475,11798838.5,397,9900663.9,24839.66,
2025-03,Motor (Car),Bancassurance,North,777,18552374.61,524,12323893.12,23876.93,
2025-03,Motor (Car),Bancassurance,South,795,18081273.3,609,14162514.24,22743.74,
2025-03,Motor (Car),Bancassurance,West,732,12276825.84,594,9998000.1,16771.62,
2025-03,Motor (Car),Broker,East,475,9146524.0,353,6467358.89,19255.84,
2025-03,Motor (Car),Broker,North,726,14603039.88,440,9167545.2,20114.38,
2025-03,Motor (Car),Broker,South,689,15178621.77,452,9907089.68,22029.93,
2025-03,Motor (Car),Broker,West,625,7627625.0,485,5660755.1,12204.2,
2025-03,Motor (Car),Direct/Online,East,675,14637125.25,518,11513295.92,21684.63,
2025-03,Motor (Car),Direct/Online,North,1101,14915269.02,940,12659045.8,13547.02,
2025-03,Motor (Car),Direct/Online,South,907,13338722.94,623,9619911.21,14706.42,
2025-03,Motor (Car),Direct/Online,West,1071,25142014.17,813,19678697.52,23475.27,
2025-03,Motor (Car),PoSP,East,276,6056615.76,176,3842849.12,21944.26,
2025-03,Motor (Car),PoSP,North,515,9939793.55,321,6168618.48,19300.57,
2025-03,Motor (Car),PoSP,South,441,9191917.35,286,5779888.4,20843.35,
2025-03,Motor (Car),PoSP,West,381,3922055.91,285,2970221.55,10294.11,
2025-03,Motor (Two-Wheeler),Agent,East,1213,2217982.63,894,1652630.52,1828.51,
2025-03,Motor (Two-Wheeler),Agent,North,2072,5743438.96,1473,3924970.53,2771.93,
2025-03,Motor (Two-Wheeler),Agent,South,2138,5551274.24,1754,4511533.56,2596.48,
2025-03,Motor (Two-Wheeler),Agent,West,1738,4787807.64,1523,4083284.84,2754.78,
2025-03,Motor (Two-Wheeler),Bancassurance,East,868,2044955.92,648,1521192.96,2355.94,
2025-03,Motor (Two-Wheeler),Bancassurance,North,1518,5531030.34,982,3405595.64,3643.63,
2025-03,Motor (Two-Wheeler),Bancassurance,South,1543,4482090.97,1006,2805784.3,2904.79,
2025-03,Motor (Two-Wheeler),Bancassurance,West,1295,4699412.55,968,3499881.44,3628.89,
2025-03,Motor (Two-Wheeler),Broker,East,752,1923653.6,538,1410851.2,2558.05,
2025-03,Motor (Two-Wheeler),Broker,North,1321,2650269.46,964,2030309.32,2006.26,
2025-03,Motor (Two-Wheeler),Broker,South,1144,2396439.76,866,1739577.5,2094.79,
2025-03,Motor (Two-Wheeler),Broker,West,1097,2824818.88,911,2436733.69,2575.04,
2025-03,Motor (Two-Wheeler),Direct/Online,East,1144,3969691.44,910,3135259.4,3470.01,
2025-03,Motor (Two-Wheeler),Direct/Online,North,2226,4686486.84,1704,3494120.16,2105.34,
2025-03,Motor (Two-Wheeler),Direct/Online,South,1935,3210106.95,1342,2221023.42,1658.97,
2025-03,Motor (Two-Wheeler),Direct/Online,West,1703,5827887.39,1206,4171095.72,3422.13,
2025-03,Motor (Two-Wheeler),PoSP,East,437,1224832.34,297,849167.55,2802.82,
2025-03,Motor (Two-Wheeler),PoSP,North,722,1899704.74,463,1231621.67,2631.17,
2025-03,Motor (Two-Wheeler),PoSP,South,776,1453548.88,502,944287.1,1873.13,
2025-03,Motor (Two-Wheeler),PoSP,West,670,2106071.3,463,1387194.3,3143.39,
2025-03,SME/Commercial,Agent,East,65,5619404.7,53,4578974.75,86452.38,
2025-03,SME/Commercial,Agent,North,101,14799409.81,75,10751326.5,146528.81,
2025-03,SME/Commercial,Agent,South,90,7263949.5,65,5428116.2,80710.55,
2025-03,SME/Commercial,Agent,West,87,12270597.45,60,8144524.8,141041.35,
2025-03,SME/Commercial,Bancassurance,East,48,7416833.28,36,5560900.92,154517.36,
2025-03,SME/Commercial,Bancassurance,North,87,2543525.91,66,1991979.0,29235.93,
2025-03,SME/Commercial,Bancassurance,South,69,9774259.17,44,6399341.52,141655.93,
2025-03,SME/Commercial,Bancassurance,West,71,10128896.92,57,7925880.21,142660.52,
2025-03,SME/Commercial,Broker,East,43,1995925.84,32,1476244.48,46416.88,
2025-03,SME/Commercial,Broker,North,72,7834024.08,51,5810307.6,108805.89,
2025-03,SME/Commercial,Broker,South,63,6625251.36,44,4662615.76,105162.72,
2025-03,SME/Commercial,Broker,West,50,1850647.5,37,1411279.16,37012.95,
2025-03,SME/Commercial,Direct/Online,East,59,5563877.0,38,3451329.1,94303.0,
2025-03,SME/Commercial,Direct/Online,North,115,12801228.45,84,9019506.72,111315.03,
2025-03,SME/Commercial,Direct/Online,South,95,14604104.9,81,12352220.55,153727.42,
2025-03,SME/Commercial,Direct/Online,West,92,9640979.92,64,6454234.24,104793.26,
2025-03,SME/Commercial,PoSP,East,19,805142.29,15,655655.7,42375.91,
2025-03,SME/Commercial,PoSP,North,46,4714773.68,35,3681087.2,102495.08,
2025-03,SME/Commercial,PoSP,South,41,3805387.53,31,2932691.14,92814.33,
2025-03,SME/Commercial,PoSP,West,38,2585591.82,32,2116780.8,68041.89,
2025-03,Travel,Agent,East,447,435199.2,340,331544.2,973.6,
2025-03,Travel,Agent,North,634,1196573.56,430,808907.4,1887.34,
2025-03,Travel,Agent,South,608,1375144.0,392,907338.88,2261.75,
2025-03,Travel,Agent,West,570,463752.0,402,341117.1,813.6,
2025-03,Travel,Bancassurance,East,316,322067.2,272,279031.2,1019.2,
2025-03,Travel,Bancassurance,North,510,1314902.4,355,940632.85,2578.24,
2025-03,Travel,Bancassurance,South,489,605342.88,377,476987.94,1237.92,
2025-03,Travel,Bancassurance,West,412,1248034.52,301,921078.06,3029.21,
2025-03,Travel,Broker,East,230,609201.0,176,447483.52,2648.7,
2025-03,Travel,Broker,North,499,1254585.8,436,1051505.56,2514.2,
2025-03,Travel,Broker,South,476,1316106.68,332,882914.16,2764.93,
2025-03,Travel,Broker,West,376,866168.64,282,656146.32,2303.64,
2025-03,Travel,Direct/Online,East,441,344125.53,331,247809.77,780.33,
2025-03,Travel,Direct/Online,North,755,1760433.5,588,1433185.32,2331.7,
2025-03,Travel,Direct/Online,South,700,1499666.0,493,1037410.04,2142.38,
2025-03,Travel,Direct/Online,West,521,1504293.72,320,913952.0,2887.32,
2025-03,Travel,PoSP,East,157,410148.37,124,324889.92,2612.41,
2025-03,Travel,PoSP,North,307,777821.34,229,575037.32,2533.62,
2025-03,Travel,PoSP,South,245,656916.05,162,427995.9,2681.29,
2025-03,Travel,PoSP,West,231,290517.15,180,232459.2,1257.65,
2025-04,Crop,Agent,East,23,332986.18,18,248405.94,14477.66,
2025-04,Crop,Agent,North,42,749198.1,32,559079.04,17838.05,
2025-04,Crop,Agent,South,42,359378.04,30,258981.9,8556.62,
2025-04,Crop,Agent,West,36,537402.6,30,469120.8,14927.85,
2025-04,Crop,Bancassurance,East,19,237357.69,12,148267.92,12492.51,
2025-04,Crop,Bancassurance,North,30,583089.3,27,499569.66,19436.31,
2025-04,Crop,Bancassurance,South,29,541318.93,21,390840.87,18666.17,
2025-04,Crop,Bancassurance,West,28,100787.12,23,84006.12,3599.54,
2025-04,Crop,Broker,East,18,184483.26,12,126420.24,10249.07,
2025-04,Crop,Broker,North,28,343854.28,21,260861.37,12280.51,
2025-04,Crop,Broker,South,25,281099.75,17,188534.08,11243.99,
2025-04,Crop,Broker,West,25,284971.5,20,235423.0,11398.86,
2025-04,Crop,Direct/Online,East,24,414811.92,19,338413.75,17283.83,
2025-04,Crop,Direct/Online,North,44,950602.4,36,798344.28,21604.6,
2025-04,Crop,Direct/Online,South,39,651041.82,32,518335.68,16693.38,
2025-04,Crop,Direct/Online,West,35,565492.9,24,406467.84,16156.94,
2025-04,Crop,PoSP,East,9,44584.74,7,35605.85,4953.86,
2025-04,Crop,PoSP,North,17,253496.18,12,174510.0,14911.54,
2025-04,Crop,PoSP,South,15,106412.85,13,89769.81,7094.19,
2025-04,Crop,PoSP,West,15,180226.65,11,133488.41,12015.11,
2025-04,Health (Group),Agent,East,65,5124390.05,55,4248811.05,78836.77,
2025-04,Health (Group),Agent,North,112,5585065.92,91,4735792.88,49866.66,
2025-04,Health (Group),Agent,South,114,10488409.26,77,6740866.44,92003.59,
2025-04,Health (Group),Agent,West,84,4223882.88,58,2839412.04,50284.32,
2025-04,Health (Group),Bancassurance,East,45,3349408.05,33,2335531.11,74431.29,
2025-04,Health (Group),Bancassurance,North,84,5784905.28,67,4721473.92,68867.92,
2025-04,Health (Group),Bancassurance,South,82,7561204.42,55,5048070.5,92209.81,
2025-04,Health (Group),Bancassurance,West,64,1749555.84,57,1501859.37,27336.81,
2025-04,Health (Group),Broker,East,47,2475536.53,37,2028040.3,52670.99,
2025-04,Health (Group),Broker,North,85,6394102.05,54,3910401.36,75224.73,
2025-04,Health (Group),Broker,South,72,3425704.56,51,2533052.7,47579.23,
2025-04,Health (Group),Broker,West,59,1750034.4,37,1057745.64,29661.6,
2025-04,Health (Group),Direct/Online,East,74,6194105.62,60,4983236.4,83704.13,
2025-04,Health (Group),Direct/Online,North,103,6893004.11,80,5548164.0,66922.37,
2025-04,Health (Group),Direct/Online,South,98,5915369.18,71,4196653.09,60360.91,
2025-04,Health (Group),Direct/Online,West,93,3825976.29,58,2297233.84,41139.53,
2025-04,Health (Group),PoSP,East,25,2063425.0,16,1279106.72,82537.0,
2025-04,Health (Group),PoSP,North,43,3670179.0,36,2968012.8,85353.0,
2025-04,Health (Group),PoSP,South,42,1509095.28,35,1282206.1,35930.84,
2025-04,Health (Group),PoSP,West,37,1362617.87,30,1092255.9,36827.51,
2025-04,Health (Retail),Agent,East,317,10083380.09,247,7715343.87,31808.77,
2025-04,Health (Retail),Agent,North,566,13927443.14,467,11289781.04,24606.79,
2025-04,Health (Retail),Agent,South,505,6887427.35,426,5713733.52,13638.47,
2025-04,Health (Retail),Agent,West,514,9926948.82,447,9023142.0,19313.13,
2025-04,Health (Retail),Bancassurance,East,225,7490634.75,169,5806941.4,33291.71,
2025-04,Health (Retail),Bancassurance,North,466,17739934.98,358,13115151.0,38068.53,
2025-04,Health (Retail),Bancassurance,South,394,9310621.88,307,6970656.04,23631.02,
2025-04,Health (Retail),Bancassurance,West,368,12091780.8,276,9499685.4,32858.1,
2025-04,Health (Retail),Broker,East,208,3540667.52,146,2390541.22,17022.44,
2025-04,Health (Retail),Broker,North,349,10813168.21,294,8923158.72,30983.29,
2025-04,Health (Retail),Broker,South,348,6149006.88,255,4679573.85,17669.56,
2025-04,Health (Retail),Broker,West,331,10471817.21,252,8246130.48,31636.91,
2025-04,Health (Retail),Direct/Online,East,350,11491102.0,268,8676165.0,32831.72,
2025-04,Health (Retail),Direct/Online,North,635,20979847.55,466,14719942.76,33039.13,
2025-04,Health (Retail),Direct/Online,South,525,19499387.25,418,15320427.32,37141.69,
2025-04,Health (Retail),Direct/Online,West,512,12230896.64,407,9811866.46,23888.47,
2025-04,Health (Retail),PoSP,East,126,4146869.16,98,3077024.58,32911.66,
2025-04,Health (Retail),PoSP,North,240,3822175.2,189,3139036.74,15925.73,
2025-04,Health (Retail),PoSP,South,240,4150070.4,198,3273007.32,17291.96,
2025-04,Health (Retail),PoSP,West,175,5253452.75,129,4039818.18,30019.73,
2025-04,Home,Agent,East,102,651005.82,74,489878.52,6382.41,
2025-04,Home,Agent,North,157,1425209.89,97,857759.36,9077.77,
2025-04,Home,Agent,South,140,1076814.2,122,957236.4,7691.53,
2025-04,Home,Agent,West,141,1032148.2,107,792180.92,7320.2,
2025-04,Home,Bancassurance,East,78,692165.76,60,545172.0,8873.92,
2025-04,Home,Bancassurance,North,138,571598.76,96,415638.72,4142.02,
2025-04,Home,Bancassurance,South,133,831351.08,100,645652.0,6250.76,
2025-04,Home,Bancassurance,West,117,900009.63,88,661435.28,7692.39,
2025-04,Home,Broker,East,62,198012.5,48,149880.48,3193.75,
2025-04,Home,Broker,North,117,1041373.71,78,707405.4,8900.63,
2025-04,Home,Broker,South,113,611176.32,79,443856.76,5408.64,
2025-04,Home,Broker,West,97,516161.25,83,446754.97,5321.25,
2025-04,Home,Direct/Online,East,110,510431.9,84,391488.72,4640.29,
2025-04,Home,Direct/Online,North,167,710003.84,131,563907.84,4251.52,
2025-04,Home,Direct/Online,South,187,1647215.68,146,1281069.7,8808.64,
2025-04,Home,Direct/Online,West,148,722531.56,98,475493.06,4881.97,
2025-04,Home,PoSP,East,42,354041.1,30,246088.2,8429.55,
2025-04,Home,PoSP,North,77,479067.05,61,375741.7,6221.65,
2025-04,Home,PoSP,South,67,541534.87,53,427067.11,8082.61,
2025-04,Home,PoSP,West,53,468488.73,37,314155.9,8839.41,
2025-04,Motor (Car),Agent,East,477,6185015.73,347,4599530.11,12966.49,
2025-04,Motor (Car),Agent,North,909,17899618.95,835,17245689.2,19691.55,
2025-04,Motor (Car),Agent,South,831,17730016.56,663,13472882.67,21335.76,
2025-04,Motor (Car),Agent,West,708,11791584.24,537,9317277.57,16654.78,
2025-04,Motor (Car),Bancassurance,East,334,5773757.8,275,4901490.0,17286.7,
2025-04,Motor (Car),Bancassurance,North,624,14024699.52,455,10067707.65,22475.48,
2025-04,Motor (Car),Bancassurance,South,682,16426733.84,452,11309207.24,24086.12,
2025-04,Motor (Car),Bancassurance,West,602,5735657.34,518,4794556.2,9527.67,
2025-04,Motor (Car),Broker,East,312,4492700.16,238,3576173.72,14399.68,
2025-04,Motor (Car),Broker,North,560,9224936.0,483,8249384.01,16473.1,
2025-04,Motor (Car),Broker,South,432,5456976.48,337,4401641.25,12631.89,
2025-04,Motor (Car),Broker,West,395,9245737.35,269,6413734.72,23406.93,
2025-04,Motor (Car),Direct/Online,East,488,10782067.2,354,8164755.12,22094.4,
2025-04,Motor (Car),Direct/Online,North,836,10219874.28,697,8565962.72,12224.73,
2025-04,Motor (Car),Direct/Online,South,833,13589137.17,589,9186809.7,16313.49,
2025-04,Motor (Car),Direct/Online,West,763,10411272.34,588,8079472.8,13645.18,
2025-04,Motor (Car),PoSP,East,165,3410348.7,109,2284381.67,20668.78,
2025-04,Motor (Car),PoSP,North,330,8614950.3,268,6776964.24,26105.91,
2025-04,Motor (Car),PoSP,South,317,8148786.15,239,5931638.23,25705.95,
2025-04,Motor (Car),PoSP,West,312,7913639.76,203,5146792.98,25364.23,
2025-04,Motor (Two-Wheeler),Agent,East,805,1977216.85,626,1510005.9,2456.17,
2025-04,Motor (Two-Wheeler),Agent,North,1477,2459766.26,1037,1732360.35,1665.38,
2025-04,Motor (Two-Wheeler),Agent,South,1428,3989917.68,948,2776113.72,2794.06,
2025-04,Motor (Two-Wheeler),Agent,West,1328,2716224.8,917,1891981.91,2045.35,
2025-04,Motor (Two-Wheeler),Bancassurance,East,641,1791537.31,456,1225814.64,2794.91,
2025-04,Motor (Two-Wheeler),Bancassurance,North,1189,2014915.07,869,1457886.54,1694.63,
2025-04,Motor (Two-Wheeler),Bancassurance,South,959,3230928.54,660,2118316.2,3369.06,
2025-04,Motor (Two-Wheeler),Bancassurance,West,898,1509241.66,760,1256439.6,1680.67,
2025-04,Motor (Two-Wheeler),Broker,East,531,1366549.74,371,920080.0,2573.54,
2025-04,Motor (Two-Wheeler),Broker,North,845,1688048.05,653,1362948.13,1997.69,
2025-04,Motor (Two-Wheeler),Broker,South,1101,1845496.2,819,1390457.25,1676.2,
2025-04,Motor (Two-Wheeler),Broker,West,769,1594106.24,594,1190310.66,2072.96,
2025-04,Motor (Two-Wheeler),Direct/Online,East,821,2261616.91,652,1802780.0,2754.71,
2025-04,Motor (Two-Wheeler),Direct/Online,North,1578,3504690.66,1326,2877313.92,2220.97,
2025-04,Motor (Two-Wheeler),Direct/Online,South,1376,5028330.56,1030,3709524.4,3654.31,
2025-04,Motor (Two-Wheeler),Direct/Online,West,1313,2857219.3,917,1903095.95,2176.1,
2025-04,Motor (Two-Wheeler),PoSP,East,320,854992.0,256,682462.72,2671.85,
2025-04,Motor (Two-Wheeler),PoSP,North,724,2005233.84,505,1376261.35,2769.66,
2025-04,Motor (Two-Wheeler),PoSP,South,612,1039212.72,506,873725.38,1698.06,
2025-04,Motor (Two-Wheeler),PoSP,West,498,1050794.94,348,702615.48,2110.03,
2025-04,SME/Commercial,Agent,East,57,3902245.08,41,2702561.33,68460.44,
2025-04,SME/Commercial,Agent,North,85,12429613.75,64,9306748.8,146230.75,
2025-04,SME/Commercial,Agent,South,86,5090069.96,67,4044142.11,59186.86,
2025-04,SME/Commercial,Agent,West,81,2494339.11,56,1809477.04,30794.31,
2025-04,SME/Commercial,Bancassurance,East,41,692621.2,30,531536.7,16893.2,
2025-04,SME/Commercial,Bancassurance,North,68,5085153.56,52,3935733.36,74781.67,
2025-04,SME/Commercial,Bancassurance,South,67,2302615.8,53,1870421.94,34367.4,
2025-04,SME/Commercial,Bancassurance,West,58,4629557.1,42,3297925.26,79819.95,
2025-04,SME/Commercial,Broker,East,35,2030703.5,25,1480114.0,58020.1,
2025-04,SME/Commercial,Broker,North,57,6343092.24,48,5151492.48,111282.32,
2025-04,SME/Commercial,Broker,South,57,7717689.42,37,5033348.65,135398.06,
2025-04,SME/Commercial,Broker,West,45,4982752.8,33,3651237.81,110727.84,
2025-04,SME/Commercial,Direct/Online,East,50,7104294.5,43,6067564.88,142085.89,
2025-04,SME/Commercial,Direct/Online,North,97,7620111.45,66,5332856.1,78557.85,
2025-04,SME/Commercial,Direct/Online,South,74,9414923.8,65,8548620.6,127228.7,
2025-04,SME/Commercial,Direct/Online,West,79,5082316.48,51,3252909.54,64333.12,
2025-04,SME/Commercial,PoSP,East,21,3320400.51,16,2527195.04,158114.31,
2025-04,SME/Commercial,PoSP,North,37,1721269.97,23,1057580.71,46520.81,
2025-04,SME/Commercial,PoSP,South,33,2916918.84,24,2177428.08,88391.48,
2025-04,SME/Commercial,PoSP,West,33,3600966.93,24,2588121.36,109120.21,
2025-04,Travel,Agent,East,443,1081185.8,366,907570.2,2440.6,
2025-04,Travel,Agent,North,889,767367.02,716,596743.04,863.18,
2025-04,Travel,Agent,South,775,2144308.75,529,1438880.0,2766.85,
2025-04,Travel,Agent,West,676,1582238.84,514,1174777.84,2340.59,
2025-04,Travel,Bancassurance,East,354,890310.0,265,652716.2,2515.0,
2025-04,Travel,Bancassurance,North,654,1976420.7,497,1481055.03,3022.05,
2025-04,Travel,Bancassurance,South,659,1710856.26,442,1190513.74,2596.14,
2025-04,Travel,Bancassurance,West,447,1253142.15,362,998374.28,2803.45,
2025-04,Travel,Broker,East,340,392142.4,253,283552.28,1153.36,
2025-04,Travel,Broker,North,595,496063.4,417,356680.95,833.72,
2025-04,Travel,Broker,South,525,1238312.25,410,943697.0,2358.69,
2025-04,Travel,Broker,West,468,694226.52,374,581517.64,1483.39,
2025-04,Travel,Direct/Online,East,499,1531870.12,405,1287928.35,3069.88,
2025-04,Travel,Direct/Online,North,829,1232648.39,592,840160.48,1486.91,
2025-04,Travel,Direct/Online,South,793,1056220.49,580,789269.8,1331.93,
2025-04,Travel,Direct/Online,West,699,1470150.78,501,1015747.44,2103.22,
2025-04,Travel,PoSP,East,205,634622.6,152,468833.36,3095.72,
2025-04,Travel,PoSP,North,363,287093.07,238,193693.92,790.89,
2025-04,Travel,PoSP,South,317,233223.24,284,212119.6,735.72,
2025-04,Travel,PoSP,West,312,879677.76,240,685017.6,2819.48,
2025-05,Crop,Agent,East,28,591209.64,23,496995.5,21114.63,
2025-05,Crop,Agent,North,44,257144.36,30,181049.7,5844.19,
2025-05,Crop,Agent,South,42,633016.02,32,476276.8,15071.81,
2025-05,Crop,Agent,West,41,871220.48,31,628628.85,21249.28,
2025-05,Crop,Bancassurance,East,23,455782.03,15,293034.75,19816.61,
2025-05,Crop,Bancassurance,North,37,221149.74,29,169429.02,5977.02,
2025-05,Crop,Bancassurance,South,34,389050.78,26,294254.22,11442.67,
2025-05,Crop,Bancassurance,West,28,470687.84,23,402242.17,16810.28,
2025-05,Crop,Broker,East,17,318696.62,12,234952.08,18746.86,
2025-05,Crop,Broker,North,34,422373.84,26,324192.96,12422.76,
2025-05,Crop,Broker,South,29,565656.31,20,397983.8,19505.39,
2025-05,Crop,Broker,West,26,414844.82,18,296908.56,15955.57,
2025-05,Crop,Direct/Online,East,30,129086.4,22,90054.14,4302.88,
2025-05,Crop,Direct/Online,North,49,998720.45,38,757354.82,20382.05,
2025-05,Crop,Direct/Online,South,50,933717.0,33,636455.16,18674.34,
2025-05,Crop,Direct/Online,West,40,230008.0,34,190385.38,5750.2,
2025-05,Crop,PoSP,East,10,34457.6,8,28812.08,3445.76,
2025-05,Crop,PoSP,North,17,219101.95,14,185417.82,12888.35,
2025-05,Crop,PoSP,South,19,78614.02,14,59251.08,4137.58,
2025-05,Crop,PoSP,West,15,83754.9,9,48246.93,5583.66,
2025-05,Health (Group),Agent,East,56,4434949.68,36,2968688.16,79195.53,
2025-05,Health (Group),Agent,North,111,6271813.02,82,4793076.3,56502.82,
2025-05,Health (Group),Agent,South,105,9035765.55,86,7441660.84,86054.91,
2025-05,Health (Group),Agent,West,87,2704361.94,66,2022100.74,31084.62,
2025-05,Health (Group),Bancassurance,East,45,1249271.55,34,965105.98,27761.59,
2025-05,Health (Group),Bancassurance,North,82,2586150.44,56,1738085.44,31538.42,
2025-05,Health (Group),Bancassurance,South,75,3478550.25,60,2863963.8,46380.67,
2025-05,Health (Group),Bancassurance,West,68,2029113.2,44,1260176.28,29839.9,
2025-05,Health (Group),Broker,East,40,1715808.0,28,1143662.24,42895.2,
2025-05,Health (Group),Broker,North,67,4246210.09,51,3214446.87,63376.27,
2025-05,Health (Group),Broker,South,64,3598958.08,50,2928869.5,56233.72,
2025-05,Health (Group),Broker,West,57,4302851.34,50,3927962.0,75488.62,
2025-05,Health (Group),Direct/Online,East,69,3573162.93,48,2372573.28,51784.97,
2025-05,Health (Group),Direct/Online,North,127,4319962.15,100,3413446.0,34015.45,
2025-05,Health (Group),Direct/Online,South,113,9341170.99,90,7437123.9,82665.23,
2025-05,Health (Group),Direct/Online,West,92,2723438.28,62,1868609.94,29602.59,
2025-05,Health (Group),PoSP,East,27,1048231.8,20,759128.2,38823.4,
2025-05,Health (Group),PoSP,North,42,3560586.12,29,2561620.46,84775.86,
2025-05,Health (Group),PoSP,South,42,1192958.76,31,850602.18,28403.78,
2025-05,Health (Group),PoSP,West,35,2139539.5,28,1703203.32,61129.7,
2025-05,Health (Retail),Agent,East,299,4769408.8,245,3844552.25,15951.2,
2025-05,Health (Retail),Agent,North,557,17813082.8,425,13670669.0,31980.4,
2025-05,Health (Retail),Agent,South,441,10988172.09,303,7485878.61,24916.49,
2025-05,Health (Retail),Agent,West,473,17537841.97,393,14383953.27,37077.89,
2025-05,Health (Retail),Bancassurance,East,215,4512282.4,153,3209684.49,20987.36,
2025-05,Health (Retail),Bancassurance,North,417,7582311.0,268,4789519.12,18183.0,
2025-05,Health (Retail),Bancassurance,South,424,6693900.0,320,5026672.0,15787.5,
2025-05,Health (Retail),Bancassurance,West,337,6329496.93,235,4391550.75,18781.89,
2025-05,Health (Retail),Broker,East,213,3430916.67,134,2143024.48,16107.59,
2025-05,Health (Retail),Broker,North,333,10411125.12,256,8217617.92,31264.64,
2025-05,Health (Retail),Broker,South,348,9413507.88,299,7956955.11,27050.31,
2025-05,Health (Retail),Broker,West,319,11841260.86,214,7608303.48,37119.94,
2025-05,Health (Retail),Direct/Online,East,324,11645276.04,221,7967472.11,35942.21,
2025-05,Health (Retail),Direct/Online,North,597,18646495.02,471,14666563.2,31233.66,
2025-05,Health (Retail),Direct/Online,South,534,17652464.7,427,14766838.52,33057.05,
2025-05,Health (Retail),Direct/Online,West,425,15006796.75,351,12608611.47,35310.11,
2025-05,Health (Retail),PoSP,East,131,4713040.71,95,3306164.35,35977.41,
2025-05,Health (Retail),PoSP,North,205,5707808.85,156,4292442.96,27842.97,
2025-05,Health (Retail),PoSP,South,198,4393152.72,133,3019537.57,22187.64,
2025-05,Health (Retail),PoSP,West,184,3445867.36,151,2833012.17,18727.54,
2025-05,Home,Agent,East,102,437951.28,71,302126.3,4293.64,
2025-05,Home,Agent,North,177,978739.2,120,657441.6,5529.6,
2025-05,Home,Agent,South,166,1354272.82,138,1123296.54,8158.27,
2025-05,Home,Agent,West,150,674356.5,98,448796.88,4495.71,
2025-05,Home,Bancassurance,East,70,514649.1,46,349939.94,7352.13,
2025-05,Home,Bancassurance,North,134,652444.66,108,516529.44,4868.99,
2025-05,Home,Bancassurance,South,135,619104.6,96,428611.2,4585.96,
2025-05,Home,Bancassurance,West,107,630440.79,90,547298.1,5891.97,
2025-05,Home,Broker,East,65,560004.25,52,440411.4,8615.45,
2025-05,Home,Broker,North,118,934705.14,80,650271.2,7921.23,
2025-05,Home,Broker,South,112,801456.32,92,648432.56,7155.86,
2025-05,Home,Broker,West,91,686867.09,64,496634.88,7547.99,
2025-05,Home,Direct/Online,East,103,325503.69,89,279858.72,3160.23,
2025-05,Home,Direct/Online,North,187,824236.16,151,678379.58,4407.68,
2025-05,Home,Direct/Online,South,189,1170843.66,140,834019.2,6194.94,
2025-05,Home,Direct/Online,West,152,1298040.48,102,893715.84,8539.74,
2025-05,Home,PoSP,East,33,314621.67,22,200080.76,9533.99,
2025-05,Home,PoSP,North,70,481870.2,55,376163.7,6883.86,
2025-05,Home,PoSP,South,64,287782.4,57,251353.47,4496.6,
2025-05,Home,PoSP,West,54,226112.58,39,158001.09,4187.27,
2025-05,Motor (Car),Agent,East,494,7154725.5,396,5922338.4,14483.25,
2025-05,Motor (Car),Agent,North,765,12448049.4,533,8675630.34,16271.96,
2025-05,Motor (Car),Agent,South,706,16221790.24,435,9654246.45,22977.04,
2025-05,Motor (Car),Agent,West,703,6997837.75,499,5117993.5,9954.25,
2025-05,Motor (Car),Bancassurance,East,396,8499340.08,305,6704708.25,21462.98,
2025-05,Motor (Car),Bancassurance,North,694,11561686.06,522,8714957.04,16659.49,
2025-05,Motor (Car),Bancassurance,South,602,10441364.92,490,8700131.3,17344.46,
2025-05,Motor (Car),Bancassurance,West,534,6555410.7,431,5234831.18,12276.05,
2025-05,Motor (Car),Broker,East,292,4787839.32,204,3271435.8,16396.71,
2025-05,Motor (Car),Broker,North,524,9956838.4,422,7662372.16,19001.6,
2025-05,Motor (Car),Broker,South,433,8043693.78,355,6653111.8,18576.66,
2025-05,Motor (Car),Broker,West,450,6914209.5,351,5491672.29,15364.91,
2025-05,Motor (Car),Direct/Online,East,488,11679094.16,353,8484376.18,23932.57,
2025-05,Motor (Car),Direct/Online,North,935,8288784.35,629,5438459.8,8865.01,
2025-05,Motor (Car),Direct/Online,South,822,13597450.02,576,9241712.64,16541.91,
2025-05,Motor (Car),Direct/Online,West,647,9743392.98,481,7474056.98,15059.34,
2025-05,Motor (Car),PoSP,East,216,3456347.76,159,2582850.06,16001.61,
2025-05,Motor (Car),PoSP,North,373,7662856.05,289,5974020.15,20543.85,
2025-05,Motor (Car),PoSP,South,311,3137570.15,242,2557204.32,10088.65,
2025-05,Motor (Car),PoSP,West,265,3641455.1,197,2763701.18,13741.34,
2025-05,Motor (Two-Wheeler),Agent,East,814,2134185.9,550,1421590.5,2621.85,
2025-05,Motor (Two-Wheeler),Agent,North,1444,4791755.16,1221,4030142.49,3318.39,
2025-05,Motor (Two-Wheeler),Agent,South,1283,3155371.71,846,2118189.42,2459.37,
2025-05,Motor (Two-Wheeler),Agent,West,1251,3504989.25,958,2682716.14,2801.75,
2025-05,Motor (Two-Wheeler),Bancassurance,East,694,1196747.48,561,939944.28,1724.42,
2025-05,Motor (Two-Wheeler),Bancassurance,North,1113,3384588.48,808,2511821.52,3040.96,
2025-05,Motor (Two-Wheeler),Bancassurance,South,1004,2790979.44,898,2488771.08,2779.86,
2025-05,Motor (Two-Wheeler),Bancassurance,West,939,2008633.68,791,1763083.63,2139.12,
2025-05,Motor (Two-Wheeler),Broker,East,558,1373561.64,485,1154212.7,2461.58,
2025-05,Motor (Two-Wheeler),Broker,North,846,2618302.32,669,2061650.61,3094.92,
2025-05,Motor (Two-Wheeler),Broker,South,871,1991219.23,582,1265931.48,2286.13,
2025-05,Motor (Two-Wheeler),Broker,West,789,1620976.83,461,902310.69,2054.47,
2025-05,Motor (Two-Wheeler),Direct/Online,East,938,2352185.08,743,1819220.64,2507.66,
2025-05,Motor (Two-Wheeler),Direct/Online,North,1630,4451758.2,1406,3739074.22,2731.14,
2025-05,Motor (Two-Wheeler),Direct/Online,South,1366,2976322.76,986,2224001.88,2178.86,
2025-05,Motor (Two-Wheeler),Direct/Online,West,1309,2171146.67,906,1500444.72,1658.63,
2025-05,Motor (Two-Wheeler),PoSP,East,330,916482.6,213,605088.27,2777.22,
2025-05,Motor (Two-Wheeler),PoSP,North,678,1634285.1,563,1329012.17,2410.45,
2025-05,Motor (Two-Wheeler),PoSP,South,543,1944233.22,418,1520696.54,3580.54,
2025-05,Motor (Two-Wheeler),PoSP,West,570,1328282.4,432,1053289.44,2330.32,
2025-05,SME/Commercial,Agent,East,52,6094564.84,40,4552314.0,117203.17,
2025-05,SME/Commercial,Agent,North,92,14637987.52,57,8717520.72,159108.56,
2025-05,SME/Commercial,Agent,South,91,6391897.33,82,5683754.56,70240.63,
2025-05,SME/Commercial,Agent,West,69,6415229.46,56,5441169.44,92974.34,
2025-05,SME/Commercial,Bancassurance,East,43,6810192.51,32,4894306.88,158376.57,
2025-05,SME/Commercial,Bancassurance,North,62,7211833.8,48,5350990.08,116319.9,
2025-05,SME/Commercial,Bancassurance,South,63,4681418.49,47,3656586.37,74308.23,
2025-05,SME/Commercial,Bancassurance,West,58,5566296.54,43,4128733.15,95970.63,
2025-05,SME/Commercial,Broker,East,32,2495150.72,25,1885732.75,77973.46,
2025-05,SME/Commercial,Broker,North,59,8391538.73,48,6844024.32,142229.47,
2025-05,SME/Commercial,Broker,South,51,7348574.7,37,5190458.79,144089.7,
2025-05,SME/Commercial,Broker,West,46,1052875.14,29,635394.35,22888.59,
2025-05,SME/Commercial,Direct/Online,East,56,4150273.12,47,3402665.11,74112.02,
2025-05,SME/Commercial,Direct/Online,North,100,11876215.0,83,10126488.04,118762.15,
2025-05,SME/Commercial,Direct/Online,South,85,11759529.85,68,9536935.4,138347.41,
2025-05,SME/Commercial,Direct/Online,West,81,10668262.95,59,8035889.09,131706.95,
2025-05,SME/Commercial,PoSP,East,21,1134755.58,13,695530.68,54035.98,
2025-05,SME/Commercial,PoSP,North,38,4663847.54,27,3431219.94,122732.83,
2025-05,SME/Commercial,PoSP,South,29,1825029.45,22,1357862.22,62932.05,
2025-05,SME/Commercial,PoSP,West,30,4917104.1,20,3401410.6,163903.47,
2025-05,Travel,Agent,East,564,1005189.0,417,768626.91,1782.25,
2025-05,Travel,Agent,North,925,1008472.0,636,684647.64,1090.24,
2025-05,Travel,Agent,South,882,2865838.5,605,1947507.1,3249.25,
2025-05,Travel,Agent,West,796,1704928.52,646,1341897.04,2141.87,
2025-05,Travel,Bancassurance,East,418,929769.94,307,693070.92,2224.33,
2025-05,Travel,Bancassurance,North,793,2086803.29,540,1407715.2,2631.53,
2025-05,Travel,Bancassurance,South,627,1021721.58,433,729600.67,1629.54,
2025-05,Travel,Bancassurance,West,602,1607538.66,415,1055428.0,2670.33,
2025-05,Travel,Broker,East,367,699120.32,267,502117.53,1904.96,
2025-05,Travel,Broker,North,617,407127.45,494,340366.0,659.85,
2025-05,Travel,Broker,South,607,996457.27,461,783239.0,1641.61,
2025-05,Travel,Broker,West,468,362026.08,310,250024.3,773.56,
2025-05,Travel,Direct/Online,East,532,1696973.6,445,1411437.65,3189.8,
2025-05,Travel,Direct/Online,North,944,1045602.72,762,825527.94,1107.63,
2025-05,Travel,Direct/Online,South,817,2261382.47,562,1562416.2,2767.91,
2025-05,Travel,Direct/Online,West,910,1721310.5,606,1171622.22,1891.55,
2025-05,Travel,PoSP,East,181,182520.4,158,152923.46,1008.4,
2025-05,Travel,PoSP,North,364,280265.44,236,179124.0,769.96,
2025-05,Travel,PoSP,South,389,564691.85,270,406663.2,1451.65,
2025-05,Travel,PoSP,West,370,924160.1,268,663702.0,2497.73,
2025-06,Crop,Agent,East,40,844460.8,33,698813.28,21111.52,
2025-06,Crop,Agent,North,74,1260941.5,47,823218.63,17039.75,
2025-06,Crop,Agent,South,67,577416.72,47,409000.58,8618.16,
2025-06,Crop,Agent,West,62,647559.0,52,527652.32,10444.5,
2025-06,Crop,Bancassurance,East,35,425411.35,31,366885.93,12154.61,
2025-06,Crop,Bancassurance,North,58,1153132.22,48,921699.36,19881.59,
2025-06,Crop,Bancassurance,South,56,773354.4,39,513006.0,13809.9,
2025-06,Crop,Bancassurance,West,43,845866.76,27,533814.57,19671.32,
2025-06,Crop,Broker,East,23,483218.73,17,344049.74,21009.51,
2025-06,Crop,Broker,North,47,307848.12,33,219414.69,6549.96,
2025-06,Crop,Broker,South,48,675965.76,37,498505.07,14082.62,
2025-06,Crop,Broker,West,40,307476.0,28,213323.04,7686.9,
2025-06,Crop,Direct/Online,East,46,423455.76,39,364867.23,9205.56,
2025-06,Crop,Direct/Online,North,79,374558.75,64,314910.72,4741.25,
2025-06,Crop,Direct/Online,South,73,1580282.1,66,1415777.22,21647.7,
2025-06,Crop,Direct/Online,West,55,238125.25,44,186761.08,4329.55,
2025-06,Crop,PoSP,East,19,171885.97,13,120041.87,9046.63,
2025-06,Crop,PoSP,North,31,321698.78,24,252494.16,10377.38,
2025-06,Crop,PoSP,South,29,485877.6,22,374987.8,16754.4,
2025-06,Crop,PoSP,West,25,275636.5,18,195346.44,11025.46,
2025-06,Health (Group),Agent,East,64,2987402.88,48,2218161.6,46678.17,
2025-06,Health (Group),Agent,North,110,6612854.6,77,4655596.33,60116.86,
2025-06,Health (Group),Agent,South,95,4415474.6,79,3609054.96,46478.68,
2025-06,Health (Group),Agent,West,88,4991907.36,70,3845845.5,56726.22,
2025-06,Health (Group),Bancassurance,East,50,3221812.0,37,2455413.98,64436.24,
2025-06,Health (Group),Bancassurance,North,86,2372434.7,61,1690737.61,27586.45,
2025-06,Health (Group),Bancassurance,South,80,3098388.0,53,1954830.27,38729.85,
2025-06,Health (Group),Bancassurance,West,69,2290281.12,58,1982428.4,33192.48,
2025-06,Health (Group),Broker,East,43,4242122.86,32,3161994.88,98654.02,
2025-06,Health (Group),Broker,North,60,1908276.6,40,1227172.8,31804.61,
2025-06,Health (Group),Broker,South,67,2782013.53,51,2018508.6,41522.59,
2025-06,Health (Group),Broker,West,67,2532420.44,43,1544686.42,37797.32,
2025-06,Health (Group),Direct/Online,East,55,2092003.65,42,1570729.44,38036.43,
2025-06,Health (Group),Direct/Online,North,118,7150899.12,85,5381427.35,60600.84,
2025-06,Health (Group),Direct/Online,South,99,3193314.3,71,2369360.88,32255.7,
2025-06,Health (Group),Direct/Online,West,101,5099714.22,77,3767411.34,50492.22,
2025-06,Health (Group),PoSP,East,23,706303.32,20,622255.4,30708.84,
2025-06,Health (Group),PoSP,North,45,2408682.6,33,1807715.58,53526.28,
2025-06,Health (Group),PoSP,South,40,2646347.2,30,1975950.6,66158.68,
2025-06,Health (Group),PoSP,West,38,2056575.2,24,1289219.28,54120.4,
2025-06,Health (Retail),Agent,East,321,7740654.99,209,5120947.26,24114.19,
2025-06,Health (Retail),Agent,North,520,15037963.2,388,11461659.68,28919.16,
2025-06,Health (Retail),Agent,South,473,11906195.18,380,9802624.4,25171.66,
2025-06,Health (Retail),Agent,West,428,12225537.52,324,8875484.28,28564.34,
2025-06,Health (Retail),Bancassurance,East,241,5007066.61,159,3207332.1,20776.21,
2025-06,Health (Retail),Bancassurance,North,379,6328291.86,325,5462258.75,16697.34,
2025-06,Health (Retail),Bancassurance,South,360,10698260.4,252,7302176.28,29717.39,
2025-06,Health (Retail),Bancassurance,West,330,11438281.8,265,9047839.35,34661.46,
2025-06,Health (Retail),Broker,East,192,4364279.04,148,3519275.72,22730.62,
2025-06,Health (Retail),Broker,North,324,12228084.0,251,9655442.9,37741.0,
2025-06,Health (Retail),Broker,South,341,6152686.87,245,4206412.35,18043.07,
2025-06,Health (Retail),Broker,West,311,11384671.26,245,9178395.8,36606.66,
2025-06,Health (Retail),Direct/Online,East,345,4746910.2,262,3516278.42,13759.16,
2025-06,Health (Retail),Direct/Online,North,629,11512492.65,444,7941224.16,18302.85,
2025-06,Health (Retail),Direct/Online,South,557,15566785.35,463,13560496.79,27947.55,
2025-06,Health (Retail),Direct/Online,West,523,9209041.53,371,6585016.27,17608.11,
2025-06,Health (Retail),PoSP,East,128,3376294.4,110,2929903.9,26377.3,
2025-06,Health (Retail),PoSP,North,200,7353028.0,146,5191047.52,36765.14,
2025-06,Health (Retail),PoSP,South,207,4204590.21,159,3378179.19,20312.03,
2025-06,Health (Retail),PoSP,West,178,3532021.96,112,2157153.6,19842.82,
2025-06,Home,Agent,East,111,750466.56,83,564903.81,6760.96,
2025-06,Home,Agent,North,194,1241532.1,142,914999.72,6399.65,
2025-06,Home,Agent,South,156,664655.16,98,423588.34,4260.61,
2025-06,Home,Agent,West,148,594609.24,113,458744.97,4017.63,
2025-06,Home,Bancassurance,East,81,263305.08,65,217680.45,3250.68,
2025-06,Home,Bancassurance,North,136,671344.96,115,564443.0,4936.36,
2025-06,Home,Bancassurance,South,127,805643.55,89,553362.84,6343.65,
2025-06,Home,Bancassurance,West,126,598953.6,102,492016.38,4753.6,
2025-06,Home,Broker,East,62,509498.64,43,343672.34,8217.72,
2025-06,Home,Broker,North,127,1113299.78,86,726522.84,8766.14,
2025-06,Home,Broker,South,113,998322.23,75,660192.0,8834.71,
2025-06,Home,Broker,West,119,949975.81,92,758668.8,7982.99,
2025-06,Home,Direct/Online,East,116,756036.96,83,554432.53,6517.56,
2025-06,Home,Direct/Online,North,197,1039129.69,141,729457.86,5274.77,
2025-06,Home,Direct/Online,South,166,817384.0,120,562707.6,4924.0,
2025-06,Home,Direct/Online,West,160,1102984.0,118,804529.9,6893.65,
2025-06,Home,PoSP,East,43,208734.47,34,164072.44,4854.29,
2025-06,Home,PoSP,North,80,673602.4,56,460320.0,8420.03,
2025-06,Home,PoSP,South,64,261601.28,45,181386.45,4087.52,
2025-06,Home,PoSP,West,61,301338.17,49,242281.48,4939.97,
2025-06,Motor (Car),Agent,East,451,12249827.48,296,7940644.0,27161.48,
2025-06,Motor (Car),Agent,North,768,9003901.44,521,5935346.62,11723.83,
2025-06,Motor (Car),Agent,South,780,13503430.2,601,10823246.73,17312.09,
2025-06,Motor (Car),Agent,West,644,11229949.64,529,9303962.07,17437.81,
2025-06,Motor (Car),Bancassurance,East,380,6075896.0,323,5288873.06,15989.2,
2025-06,Motor (Car),Bancassurance,North,684,18568117.08,465,12291772.8,27146.37,
2025-06,Motor (Car),Bancassurance,South,575,9719340.0,467,7940629.83,16903.2,
2025-06,Motor (Car),Bancassurance,West,570,10214086.5,465,8507979.45,17919.45,
2025-06,Motor (Car),Broker,East,299,4204277.87,228,3111584.4,14061.13,
2025-06,Motor (Car),Broker,North,549,14323964.49,398,9975929.7,26091.01,
2025-06,Motor (Car),Broker,South,574,8162251.3,451,6658257.32,14219.95,
2025-06,Motor (Car),Broker,West,417,8188057.71,278,5350727.16,19635.63,
2025-06,Motor (Car),Direct/Online,East,547,7598634.09,450,6024820.5,13891.47,
2025-06,Motor (Car),Direct/Online,North,944,9572905.76,780,8065145.4,10140.79,
2025-06,Motor (Car),Direct/Online,South,861,9013146.03,612,6454929.24,10468.23,
2025-06,Motor (Car),Direct/Online,West,742,10740279.34,610,8920682.7,14474.77,
2025-06,Motor (Car),PoSP,East,219,4051298.52,181,3473726.66,18499.08,
2025-06,Motor (Car),PoSP,North,340,3455362.2,229,2294520.46,10162.83,
2025-06,Motor (Car),PoSP,South,335,5670206.65,281,4782504.79,16925.99,
2025-06,Motor (Car),PoSP,West,295,6029847.2,223,4739287.43,20440.16,
2025-06,Motor (Two-Wheeler),Agent,East,876,1634265.6,715,1267609.2,1865.6,
2025-06,Motor (Two-Wheeler),Agent,North,1593,4105925.64,1337,3505012.35,2577.48,
2025-06,Motor (Two-Wheeler),Agent,South,1369,2440269.88,987,1815487.8,1782.52,
2025-06,Motor (Two-Wheeler),Agent,West,1499,2700208.66,1167,2174552.79,1801.34,
2025-06,Motor (Two-Wheeler),Bancassurance,East,709,1624333.18,543,1233603.69,2291.02,
2025-06,Motor (Two-Wheeler),Bancassurance,North,1220,3447329.6,1047,2967951.84,2825.68,
2025-06,Motor (Two-Wheeler),Bancassurance,South,1028,3616504.0,715,2553708.3,3518.0,
2025-06,Motor (Two-Wheeler),Bancassurance,West,933,2913721.68,797,2419827.49,3122.96,
2025-06,Motor (Two-Wheeler),Broker,East,636,1697439.48,395,1022350.85,2668.93,
2025-06,Motor (Two-Wheeler),Broker,North,1031,3220947.1,610,1900211.0,3124.1,
2025-06,Motor (Two-Wheeler),Broker,South,870,2010074.1,657,1480372.11,2310.43,
2025-06,Motor (Two-Wheeler),Broker,West,794,1726934.12,615,1358553.45,2174.98,
2025-06,Motor (Two-Wheeler),Direct/Online,East,939,3203445.45,805,2646968.8,3411.55,
2025-06,Motor (Two-Wheeler),Direct/Online,North,1693,5611499.29,1409,4448128.46,3314.53,
2025-06,Motor (Two-Wheeler),Direct/Online,South,1525,5475695.5,1336,4697522.96,3590.62,
2025-06,Motor (Two-Wheeler),Direct/Online,West,1421,4232150.09,1064,3290930.72,2978.29,
2025-06,Motor (Two-Wheeler),PoSP,East,344,954101.2,248,654343.04,2773.55,
2025-06,Motor (Two-Wheeler),PoSP,North,628,2203802.72,473,1621316.29,3509.24,
2025-06,Motor (Two-Wheeler),PoSP,South,588,1744854.72,447,1281003.66,2967.44,
2025-06,Motor (Two-Wheeler),PoSP,West,562,1328938.92,386,932618.46,2364.66,
2025-06,SME/Commercial,Agent,East,46,4575222.56,32,3258283.52,99461.36,
2025-06,SME/Commercial,Agent,North,97,2644110.39,67,1902746.4,27258.87,
2025-06,SME/Commercial,Agent,South,83,10302233.9,60,7599168.6,124123.3,
2025-06,SME/Commercial,Agent,West,85,6732542.3,59,4472648.4,79206.38,
2025-06,SME/Commercial,Bancassurance,East,38,1821540.64,27,1236455.55,47935.28,
2025-06,SME/Commercial,Bancassurance,North,66,9794736.6,48,7418044.8,148405.1,
2025-06,SME/Commercial,Bancassurance,South,62,4047377.36,46,3081412.58,65280.28,
2025-06,SME/Commercial,Bancassurance,West,62,1170579.84,55,994513.85,18880.32,
2025-06,SME/Commercial,Broker,East,34,2241846.44,26,1653151.5,65936.66,
2025-06,SME/Commercial,Broker,North,60,7119878.4,37,4399460.58,118664.64,
2025-06,SME/Commercial,Broker,South,47,7061620.28,34,5029211.66,150247.24,
2025-06,SME/Commercial,Broker,West,48,7033028.16,38,5456645.34,146521.42,
2025-06,SME/Commercial,Direct/Online,East,50,8050981.5,35,5495185.5,161019.63,
2025-06,SME/Commercial,Direct/Online,North,92,1938270.72,78,1600794.78,21068.16,
2025-06,SME/Commercial,Direct/Online,South,101,7032525.97,81,5909938.2,69628.97,
2025-06,SME/Commercial,Direct/Online,West,79,12965633.26,55,9462046.55,164121.94,
2025-06,SME/Commercial,PoSP,East,21,988745.94,16,731110.24,47083.14,
2025-06,SME/Commercial,PoSP,North,38,1131491.04,30,922019.1,29776.08,
2025-06,SME/Commercial,PoSP,South,33,957681.12,23,689442.71,29020.64,
2025-06,SME/Commercial,PoSP,West,31,603187.15,25,502339.75,19457.65,
2025-06,Travel,Agent,East,519,1688405.61,391,1218074.48,3253.19,
2025-06,Travel,Agent,North,858,499313.1,668,387419.96,581.95,
2025-06,Travel,Agent,South,801,2622722.31,531,1800679.41,3274.31,
2025-06,Travel,Agent,West,753,1622218.02,570,1288593.3,2154.34,
2025-06,Travel,Bancassurance,East,403,1245947.04,282,901128.18,3091.68,
2025-06,Travel,Bancassurance,North,727,1607673.26,564,1297143.6,2211.38,
2025-06,Travel,Bancassurance,South,622,549082.94,399,342437.76,882.77,
2025-06,Travel,Bancassurance,West,589,1734799.37,525,1583704.5,2945.33,
2025-06,Travel,Broker,East,331,914274.96,226,615384.44,2762.16,
2025-06,Travel,Broker,North,567,979316.73,490,873170.2,1727.19,
2025-06,Travel,Broker,South,639,2095632.45,416,1314164.8,3279.55,
2025-06,Travel,Broker,West,540,524140.2,436,421864.88,970.63,
2025-06,Travel,Direct/Online,East,558,1671070.5,379,1082427.79,2994.75,
2025-06,Travel,Direct/Online,North,1103,741061.58,771,513933.18,671.86,
2025-06,Travel,Direct/Online,South,889,1953613.06,581,1274545.51,2197.54,
2025-06,Travel,Direct/Online,West,865,1149792.6,504,657281.52,1329.24,
2025-06,Travel,PoSP,East,220,340522.6,170,273723.8,1547.83,
2025-06,Travel,PoSP,North,414,485891.1,356,415245.52,1173.65,
2025-06,Travel,PoSP,South,358,684968.56,228,436460.4,1913.32,
2025-06,Travel,PoSP,West,273,484364.79,221,397523.75,1774.23,
2025-07,Crop,Agent,East,48,402813.6,34,296928.8,8391.95,
2025-07,Crop,Agent,North,72,274392.0,50,193877.0,3811.0,
2025-07,Crop,Agent,South,109,1829701.25,91,1588911.87,16786.25,Expanded PMFBY enrolment drive (South region)
2025-07,Crop,Agent,West,65,697813.35,60,620809.2,10735.59,
2025-07,Crop,Bancassurance,East,40,247240.0,34,201195.68,6181.0,
2025-07,Crop,Bancassurance,North,59,903127.16,48,738230.88,15307.24,
2025-07,Crop,Bancassurance,South,85,529381.7,66,416719.38,6228.02,Expanded PMFBY enrolment drive (South region)
2025-07,Crop,Bancassurance,West,51,842338.44,32,543787.84,16516.44,
2025-07,Crop,Broker,East,29,119840.76,23,94031.82,4132.44,
2025-07,Crop,Broker,North,53,964919.06,38,700604.1,18206.02,
2025-07,Crop,Broker,South,73,1609210.54,55,1248014.35,22043.98,Expanded PMFBY enrolment drive (South region)
2025-07,Crop,Broker,West,43,276459.04,28,181007.4,6429.28,
2025-07,Crop,Direct/Online,East,43,227366.8,29,151835.01,5287.6,
2025-07,Crop,Direct/Online,North,72,905904.72,60,736765.2,12582.01,
2025-07,Crop,Direct/Online,South,119,1193938.9,75,750166.5,10033.1,Expanded PMFBY enrolment drive (South region)
2025-07,Crop,Direct/Online,West,71,956977.05,55,730369.75,13478.55,
2025-07,Crop,PoSP,East,19,74555.24,16,60116.96,3923.96,
2025-07,Crop,PoSP,North,31,379559.66,27,337302.9,12243.86,
2025-07,Crop,PoSP,South,43,822176.77,34,627304.42,19120.39,Expanded PMFBY enrolment drive (South region)
2025-07,Crop,PoSP,West,26,321453.6,22,258461.72,12363.6,
2025-07,Health (Group),Agent,East,63,2644685.82,51,2035933.26,41979.14,
2025-07,Health (Group),Agent,North,110,10740847.7,76,7225211.32,97644.07,
2025-07,Health (Group),Agent,South,94,8253428.42,72,6381951.84,87802.43,
2025-07,Health (Group),Agent,West,92,5476014.8,69,4055439.12,59521.9,
2025-07,Health (Group),Bancassurance,East,51,1996173.66,35,1310560.65,39140.66,
2025-07,Health (Group),Bancassurance,North,97,5469156.82,63,3574213.65,56383.06,
2025-07,Health (Group),Bancassurance,South,71,2563127.69,51,1796123.61,36100.39,
2025-07,Health (Group),Bancassurance,West,76,7440279.16,52,5162389.44,97898.41,
2025-07,Health (Group),Broker,East,43,2173977.23,34,1730269.18,50557.61,
2025-07,Health (Group),Broker,North,73,3572446.99,59,2781370.92,48937.63,
2025-07,Health (Group),Broker,South,66,5243467.68,41,3113481.37,79446.48,
2025-07,Health (Group),Broker,West,62,5251871.82,49,4246263.07,84707.61,
2025-07,Health (Group),Direct/Online,East,71,5891937.13,60,4766676.0,82985.03,
2025-07,Health (Group),Direct/Online,North,130,6477942.9,102,5078906.4,49830.33,
2025-07,Health (Group),Direct/Online,South,123,7508881.86,96,5651367.36,61047.82,
2025-07,Health (Group),Direct/Online,West,95,3627319.45,73,2681587.11,38182.31,
2025-07,Health (Group),PoSP,East,25,737709.75,19,562012.78,29508.39,
2025-07,Health (Group),PoSP,North,46,2486574.16,34,1789011.32,54055.96,
2025-07,Health (Group),PoSP,South,39,1378759.2,25,879342.5,35352.8,
2025-07,Health (Group),PoSP,West,42,2361652.86,28,1565991.28,56229.83,
2025-07,Health (Retail),Agent,East,331,8162837.34,265,6762362.75,24661.14,
2025-07,Health (Retail),Agent,North,577,19785064.58,460,15057994.2,34289.54,
2025-07,Health (Retail),Agent,South,492,6934690.8,337,4535035.96,14094.9,
2025-07,Health (Retail),Agent,West,520,14254281.6,394,10868604.26,27412.08,
2025-07,Health (Retail),Bancassurance,East,243,8369719.47,194,6817383.1,34443.29,
2025-07,Health (Retail),Bancassurance,North,399,9527717.01,291,6961083.75,23878.99,
2025-07,Health (Retail),Bancassurance,South,375,14298967.5,271,10619798.95,38130.58,
2025-07,Health (Retail),Bancassurance,West,359,11684218.63,280,9544211.6,32546.57,
2025-07,Health (Retail),Broker,East,203,7670330.64,130,4713599.8,37784.88,
2025-07,Health (Retail),Broker,North,412,13882743.76,284,9429842.28,33695.98,
2025-07,Health (Retail),Broker,South,348,7355696.88,271,5925049.15,21137.06,
2025-07,Health (Retail),Broker,West,279,6401939.58,236,5273431.8,22946.02,
2025-07,Health (Retail),Direct/Online,East,332,11193044.68,287,9997656.48,33713.99,
2025-07,Health (Retail),Direct/Online,North,571,17939523.83,385,11769588.6,31417.73,
2025-07,Health (Retail),Direct/Online,South,591,15822305.19,513,14174677.35,26772.09,
2025-07,Health (Retail),Direct/Online,West,501,8847133.95,387,7054835.85,17658.95,
2025-07,Health (Retail),PoSP,East,135,3147596.55,117,2698473.96,23315.53,
2025-07,Health (Retail),PoSP,North,225,7394485.5,176,5689508.0,32864.38,
2025-07,Health (Retail),PoSP,South,235,8607208.7,208,7428692.96,36626.42,
2025-07,Health (Retail),PoSP,West,167,6165696.78,134,4947364.42,36920.34,
2025-07,Home,Agent,East,100,266375.0,83,211245.79,2663.75,
2025-07,Home,Agent,North,183,1370571.18,127,905791.94,7489.46,
2025-07,Home,Agent,South,142,708956.3,96,501957.12,4992.65,
2025-07,Home,Agent,West,145,1245012.05,96,860891.52,8586.29,
2025-07,Home,Bancassurance,East,79,249998.66,59,194934.82,3164.54,
2025-07,Home,Bancassurance,North,134,383891.24,100,292470.0,2864.86,
2025-07,Home,Bancassurance,South,151,336782.85,121,262066.64,2230.35,
2025-07,Home,Bancassurance,West,118,988506.06,84,694479.24,8377.17,
2025-07,Home,Broker,East,66,531950.76,55,464329.8,8059.86,
2025-07,Home,Broker,North,116,511536.8,84,370210.68,4409.8,
2025-07,Home,Broker,South,116,813557.88,98,662841.62,7013.43,
2025-07,Home,Broker,West,96,929714.88,80,783144.8,9684.53,
2025-07,Home,Direct/Online,East,109,273823.26,80,205641.6,2512.14,
2025-07,Home,Direct/Online,North,192,856041.6,149,685420.86,4458.55,
2025-07,Home,Direct/Online,South,175,671245.75,138,534238.02,3835.69,
2025-07,Home,Direct/Online,West,145,419850.4,97,272463.3,2895.52,
2025-07,Home,PoSP,East,40,375640.4,28,271176.08,9391.01,
2025-07,Home,PoSP,North,71,700530.02,56,566478.64,9866.62,
2025-07,Home,PoSP,South,69,645512.94,54,493707.42,9355.26,
2025-07,Home,PoSP,West,58,170113.42,46,139402.54,2932.99,
2025-07,Motor (Car),Agent,East,591,9713256.39,474,7833404.58,16435.29,
2025-07,Motor (Car),Agent,North,966,14149504.32,721,10067488.83,14647.52,
2025-07,Motor (Car),Agent,South,931,22919981.77,712,18361454.72,24618.67,
2025-07,Motor (Car),Agent,West,787,10449455.46,565,7504832.85,13277.58,
2025-07,Motor (Car),Bancassurance,East,404,5406695.64,332,4477723.84,13382.91,
2025-07,Motor (Car),Bancassurance,North,725,15139819.75,600,12834450.0,20882.51,
2025-07,Motor (Car),Bancassurance,South,674,6954904.9,495,4898505.15,10318.85,
2025-07,Motor (Car),Bancassurance,West,546,15052138.92,402,11249853.42,27568.02,
2025-07,Motor (Car),Broker,East,332,4906475.28,262,3732066.86,14778.54,
2025-07,Motor (Car),Broker,North,646,17270764.78,453,11803716.81,26734.93,
2025-07,Motor (Car),Broker,South,606,8830692.6,511,7220118.29,14572.1,
2025-07,Motor (Car),Broker,West,469,4915959.51,311,3285621.7,10481.79,
2025-07,Motor (Car),Direct/Online,East,534,10029070.02,403,7366416.85,18781.03,
2025-07,Motor (Car),Direct/Online,North,917,18191675.25,796,15403467.64,19838.25,
2025-07,Motor (Car),Direct/Online,South,930,9166721.7,701,6872947.49,9856.69,
2025-07,Motor (Car),Direct/Online,West,837,18929232.09,611,13858323.18,22615.57,
2025-07,Motor (Car),PoSP,East,202,2358228.8,177,2084137.83,11674.4,
2025-07,Motor (Car),PoSP,North,356,8461867.24,223,5169064.18,23769.29,
2025-07,Motor (Car),PoSP,South,346,6603621.06,268,5020066.12,19085.61,
2025-07,Motor (Car),PoSP,West,297,7936532.01,259,7033968.62,26722.33,
2025-07,Motor (Two-Wheeler),Agent,East,886,2846390.18,750,2313667.5,3212.63,
2025-07,Motor (Two-Wheeler),Agent,North,1562,4528347.34,1125,3307601.25,2899.07,
2025-07,Motor (Two-Wheeler),Agent,South,1527,5177171.34,933,3041589.33,3390.42,
2025-07,Motor (Two-Wheeler),Agent,West,1291,2493011.37,1083,2013870.99,1931.07,
2025-07,Motor (Two-Wheeler),Bancassurance,East,752,2633744.64,617,2136208.25,3502.32,
2025-07,Motor (Two-Wheeler),Bancassurance,North,1246,4125082.36,947,2985048.17,3310.66,
2025-07,Motor (Two-Wheeler),Bancassurance,South,1133,3654536.82,854,2699784.36,3225.54,
2025-07,Motor (Two-Wheeler),Bancassurance,West,1038,3163657.92,835,2661595.9,3047.84,
2025-07,Motor (Two-Wheeler),Broker,East,611,1058899.66,416,692573.44,1733.06,
2025-07,Motor (Two-Wheeler),Broker,North,1129,2183858.57,833,1543657.29,1934.33,
2025-07,Motor (Two-Wheeler),Broker,South,964,2616093.56,812,2172002.56,2713.79,
2025-07,Motor (Two-Wheeler),Broker,West,869,3330642.37,661,2471340.19,3832.73,
2025-07,Motor (Two-Wheeler),Direct/Online,East,967,3505423.35,690,2575804.5,3625.05,
2025-07,Motor (Two-Wheeler),Direct/Online,North,1676,3223936.84,1170,2252109.6,1923.59,
2025-07,Motor (Two-Wheeler),Direct/Online,South,1701,2993725.98,1365,2319721.95,1759.98,
2025-07,Motor (Two-Wheeler),Direct/Online,West,1456,4352071.36,1176,3389126.16,2989.06,
2025-07,Motor (Two-Wheeler),PoSP,East,348,1282244.28,294,1045020.06,3684.61,
2025-07,Motor (Two-Wheeler),PoSP,North,634,1894005.26,521,1625962.85,2987.39,
2025-07,Motor (Two-Wheeler),PoSP,South,604,1931175.24,423,1309756.05,3197.31,
2025-07,Motor (Two-Wheeler),PoSP,West,546,1070411.16,367,718872.26,1960.46,
2025-07,SME/Commercial,Agent,East,55,3135095.7,37,2159610.45,57001.74,
2025-07,SME/Commercial,Agent,North,97,4957673.88,75,3959370.0,51110.04,
2025-07,SME/Commercial,Agent,South,91,6737367.91,77,5504542.89,74037.01,
2025-07,SME/Commercial,Agent,West,80,13090832.0,71,11572164.33,163635.4,
2025-07,SME/Commercial,Bancassurance,East,39,936123.24,31,739269.4,24003.16,
2025-07,SME/Commercial,Bancassurance,North,72,9214965.36,47,5752347.86,127985.63,
2025-07,SME/Commercial,Bancassurance,South,63,2467786.86,51,2005977.39,39171.22,
2025-07,SME/Commercial,Bancassurance,West,63,3984862.77,48,2911468.32,63251.79,
2025-07,SME/Commercial,Broker,East,38,874072.58,28,656566.96,23001.91,
2025-07,SME/Commercial,Broker,North,62,3059348.46,43,2180381.22,49344.33,
2025-07,SME/Commercial,Broker,South,53,7817881.07,35,5319080.55,147507.19,
2025-07,SME/Commercial,Broker,West,51,3250844.04,40,2660614.4,63742.04,
2025-07,SME/Commercial,Direct/Online,East,54,2385124.38,38,1612075.9,44168.97,
2025-07,SME/Commercial,Direct/Online,North,102,5436442.92,75,4010518.5,53298.46,
2025-07,SME/Commercial,Direct/Online,South,99,13014015.3,71,8931246.91,131454.7,
2025-07,SME/Commercial,Direct/Online,West,87,13336385.73,79,11964544.47,153291.79,
2025-07,SME/Commercial,PoSP,East,21,688910.25,17,531322.25,32805.25,
2025-07,SME/Commercial,PoSP,North,34,1017930.76,22,664734.84,29939.14,
2025-07,SME/Commercial,PoSP,South,33,4813771.38,27,3967388.1,145871.86,
2025-07,SME/Commercial,PoSP,West,33,5053785.0,26,4093307.92,153145.0,
2025-07,Travel,Agent,East,417,389920.02,312,297510.72,935.06,
2025-07,Travel,Agent,North,763,831219.83,528,574120.8,1089.41,
2025-07,Travel,Agent,South,662,1720491.66,424,1097791.12,2598.93,
2025-07,Travel,Agent,West,587,740547.46,392,505495.76,1261.58,
2025-07,Travel,Bancassurance,East,329,260962.8,279,219154.5,793.2,
2025-07,Travel,Bancassurance,North,578,1474414.42,433,1075853.45,2550.89,
2025-07,Travel,Bancassurance,South,570,1719165.6,380,1140231.8,3016.08,
2025-07,Travel,Bancassurance,West,424,1024634.16,333,802553.31,2416.59,
2025-07,Travel,Broker,East,280,707487.2,241,583986.38,2526.74,
2025-07,Travel,Broker,North,478,1500246.02,359,1119394.31,3138.59,
2025-07,Travel,Broker,South,491,871475.9,376,649885.92,1774.9,
2025-07,Travel,Broker,West,415,969311.35,266,649939.08,2335.69,
2025-07,Travel,Direct/Online,East,426,1384649.1,378,1179911.88,3250.35,
2025-07,Travel,Direct/Online,North,743,1095560.93,522,750526.38,1474.51,
2025-07,Travel,Direct/Online,South,730,1060120.6,594,881935.56,1452.22,
2025-07,Travel,Direct/Online,West,624,1814510.88,484,1449541.28,2907.87,
2025-07,Travel,PoSP,East,163,259526.97,138,211173.12,1592.19,
2025-07,Travel,PoSP,North,298,390055.18,241,307344.89,1308.91,
2025-07,Travel,PoSP,South,341,550384.23,230,384624.4,1614.03,
2025-07,Travel,PoSP,West,238,331831.5,168,222720.96,1394.25,
2025-08,Crop,Agent,East,31,229154.48,20,150459.6,7392.08,
2025-08,Crop,Agent,North,55,589881.6,40,417226.8,10725.12,
2025-08,Crop,Agent,South,51,468990.39,43,402737.14,9195.89,
2025-08,Crop,Agent,West,47,397212.51,40,347491.2,8451.33,
2025-08,Crop,Bancassurance,East,25,372894.0,21,303533.58,14915.76,
2025-08,Crop,Bancassurance,North,46,913557.24,39,756488.46,19859.94,
2025-08,Crop,Bancassurance,South,41,523232.57,32,388349.44,12761.77,
2025-08,Crop,Bancassurance,West,38,675417.7,25,453339.25,17774.15,
2025-08,Crop,Broker,East,22,273740.72,14,178788.82,12442.76,
2025-08,Crop,Broker,North,39,193466.13,36,180848.52,4960.67,
2025-08,Crop,Broker,South,37,150429.42,29,122009.67,4065.66,
2025-08,Crop,Broker,West,35,764059.1,29,663128.21,21830.26,
2025-08,Crop,Direct/Online,East,42,625429.14,32,492682.24,14891.17,
2025-08,Crop,Direct/Online,North,69,387005.82,50,288452.0,5608.78,
2025-08,Crop,Direct/Online,South,53,1098187.56,36,712274.4,20720.52,
2025-08,Crop,Direct/Online,West,49,1027910.24,33,701793.84,20977.76,
2025-08,Crop,PoSP,East,15,131209.05,10,89010.6,8747.27,
2025-08,Crop,PoSP,North,23,336519.21,20,281947.0,14631.27,
2025-08,Crop,PoSP,South,21,356620.74,16,284656.8,16981.94,
2025-08,Crop,PoSP,West,20,264642.2,13,174323.37,13232.11,
2025-08,Health (Group),Agent,East,66,2379428.7,44,1583974.04,36051.95,
2025-08,Health (Group),Agent,North,131,5273370.94,100,4082127.0,40254.74,
2025-08,Health (Group),Agent,South,107,8848654.97,83,7063534.06,82697.71,
2025-08,Health (Group),Agent,West,93,9081383.04,74,7566198.82,97649.28,
2025-08,Health (Group),Bancassurance,East,56,5078828.72,42,3896782.26,90693.37,
2025-08,Health (Group),Bancassurance,North,91,4961860.54,65,3503613.75,54525.94,
2025-08,Health (Group),Bancassurance,South,93,8777954.73,70,6564980.1,94386.61,
2025-08,Health (Group),Bancassurance,West,77,5189941.68,55,3642148.95,67401.84,
2025-08,Health (Group),Broker,East,43,1606255.97,31,1162711.11,37354.79,
2025-08,Health (Group),Broker,North,81,2666604.24,52,1711003.32,32921.04,
2025-08,Health (Group),Broker,South,65,5770873.55,57,5183427.24,88782.67,
2025-08,Health (Group),Broker,West,66,4771433.7,49,3505188.54,72294.45,
2025-08,Health (Group),Direct/Online,East,81,6788721.78,56,4924414.88,83811.38,
2025-08,Health (Group),Direct/Online,North,113,3373273.74,75,2139887.25,29851.98,
2025-08,Health (Group),Direct/Online,South,118,11331745.32,92,8575723.88,96031.74,
2025-08,Health (Group),Direct/Online,West,102,6293362.26,84,5294940.84,61699.63,
2025-08,Health (Group),PoSP,East,27,1303038.9,23,1160933.74,48260.7,
2025-08,Health (Group),PoSP,North,55,3519957.65,39,2434949.79,63999.23,
2025-08,Health (Group),PoSP,South,47,2550662.27,32,1713412.48,54269.41,
2025-08,Health (Group),PoSP,West,49,2454335.03,30,1429983.9,50088.47,
2025-08,Health (Retail),Agent,East,346,11490172.14,256,8704898.56,33208.59,
2025-08,Health (Retail),Agent,North,558,16858692.18,482,14966866.38,30212.71,
2025-08,Health (Retail),Agent,South,487,15246786.59,398,13055617.88,31307.57,
2025-08,Health (Retail),Agent,West,473,16678140.82,429,15168461.88,35260.34,
2025-08,Health (Retail),Bancassurance,East,262,5608749.28,172,3656785.36,21407.44,
2025-08,Health (Retail),Bancassurance,North,438,13764185.04,290,9351255.9,31425.08,
2025-08,Health (Retail),Bancassurance,South,421,13116132.91,326,10607603.16,31154.71,
2025-08,Health (Retail),Bancassurance,West,382,7165716.44,302,5827896.34,18758.42,
2025-08,Health (Retail),Broker,East,220,4869574.6,171,3791193.12,22134.43,
2025-08,Health (Retail),Broker,North,415,7724619.1,290,5442308.2,18613.54,
2025-08,Health (Retail),Broker,South,384,13069098.24,247,8490597.83,34034.11,
2025-08,Health (Retail),Broker,West,352,5120579.2,252,3717047.88,14547.1,
2025-08,Health (Retail),Direct/Online,East,382,13645910.96,285,9828968.85,35722.28,
2025-08,Health (Retail),Direct/Online,North,656,12028953.92,467,8838974.38,18336.82,
2025-08,Health (Retail),Direct/Online,South,631,23000252.88,429,16366620.27,36450.48,
2025-08,Health (Retail),Direct/Online,West,554,7949074.54,450,6168892.5,14348.51,
2025-08,Health (Retail),PoSP,East,146,5476906.76,98,3776880.8,37513.06,
2025-08,Health (Retail),PoSP,North,257,7915533.18,188,5879111.56,30799.74,
2025-08,Health (Retail),PoSP,South,227,6652434.76,151,4603520.39,29305.88,
2025-08,Health (Retail),PoSP,West,226,8251004.62,207,7779097.26,36508.87,
2025-08,Home,Agent,East,103,348418.1,85,278444.7,3382.7,
2025-08,Home,Agent,North,163,746747.01,118,541595.22,4581.27,
2025-08,Home,Agent,South,170,768690.7,127,590831.94,4521.71,
2025-08,Home,Agent,West,151,1102905.51,126,938188.44,7304.01,
2025-08,Home,Bancassurance,East,82,731549.88,68,636815.92,8921.34,
2025-08,Home,Bancassurance,North,136,1113214.4,100,811161.0,8185.4,
2025-08,Home,Bancassurance,South,123,1212230.19,93,943103.7,9855.53,
2025-08,Home,Bancassurance,West,126,1234738.26,92,856757.36,9799.51,
2025-08,Home,Broker,East,73,415000.62,54,295098.12,5684.94,
2025-08,Home,Broker,North,125,744522.5,80,496353.6,5956.18,
2025-08,Home,Broker,South,113,1016914.12,84,782837.16,8999.24,
2025-08,Home,Broker,West,105,948496.5,80,747579.2,9033.3,
2025-08,Home,Direct/Online,East,122,846172.48,81,565267.41,6935.84,
2025-08,Home,Direct/Online,North,204,868615.68,129,559389.15,4257.92,
2025-08,Home,Direct/Online,South,180,1472635.8,125,972858.75,8181.31,
2025-08,Home,Direct/Online,West,171,1313206.47,107,811554.34,7679.57,
2025-08,Home,PoSP,East,39,204347.91,33,179442.78,5239.69,
2025-08,Home,PoSP,North,80,314872.8,53,198818.37,3935.91,
2025-08,Home,PoSP,South,71,596793.34,44,357209.16,8405.54,
2025-08,Home,PoSP,West,62,370691.8,40,239681.6,5978.9,
2025-08,Motor (Car),Agent,East,530,7925609.4,355,5224428.5,14953.98,
2025-08,Motor (Car),Agent,North,1133,31219373.13,757,21323811.88,27554.61,
2025-08,Motor (Car),Agent,South,914,15072198.18,596,9506158.28,16490.37,
2025-08,Motor (Car),Agent,West,684,10789046.64,488,7704875.84,15773.46,
2025-08,Motor (Car),Bancassurance,East,428,6375573.6,303,4394502.93,14896.2,
2025-08,Motor (Car),Bancassurance,North,746,13571933.24,457,8198182.41,18192.94,
2025-08,Motor (Car),Bancassurance,South,732,18120586.8,637,15695081.22,24754.9,
2025-08,Motor (Car),Bancassurance,West,641,9970088.36,500,7550025.0,15553.96,
2025-08,Motor (Car),Broker,East,366,3275989.14,263,2412677.84,8950.79,
2025-08,Motor (Car),Broker,North,679,6220257.89,519,4825859.22,9160.91,
2025-08,Motor (Car),Broker,South,605,7120093.75,469,5390817.32,11768.75,
2025-08,Motor (Car),Broker,West,528,10790577.6,382,8062461.44,20436.7,
2025-08,Motor (Car),Direct/Online,East,607,16454501.37,457,11776533.54,27107.91,
2025-08,Motor (Car),Direct/Online,North,1039,14468230.85,722,9670143.1,13925.15,
2025-08,Motor (Car),Direct/Online,South,1046,11389998.6,754,8335681.12,10889.1,
2025-08,Motor (Car),Direct/Online,West,780,11031399.6,647,8827318.62,14142.82,
2025-08,Motor (Car),PoSP,East,238,6275286.5,178,4864216.68,26366.75,
2025-08,Motor (Car),PoSP,North,410,9872131.7,350,8698483.5,24078.37,
2025-08,Motor (Car),PoSP,South,365,3902590.95,279,3052530.63,10692.03,
2025-08,Motor (Car),PoSP,West,327,7530653.04,252,5983954.2,23029.52,
2025-08,Motor (Two-Wheeler),Agent,East,846,2176969.5,601,1474962.18,2573.25,
2025-08,Motor (Two-Wheeler),Agent,North,1757,5887056.91,1366,4759184.98,3350.63,
2025-08,Motor (Two-Wheeler),Agent,South,1659,5576164.44,1239,4066534.29,3361.16,
2025-08,Motor (Two-Wheeler),Agent,West,1554,4385232.6,1098,3074564.7,2821.9,
2025-08,Motor (Two-Wheeler),Bancassurance,East,701,1776509.25,546,1316264.04,2534.25,
2025-08,Motor (Two-Wheeler),Bancassurance,North,1362,4827132.3,1169,3995396.51,3544.15,
2025-08,Motor (Two-Wheeler),Bancassurance,South,1236,4278784.8,1020,3397589.4,3461.8,
2025-08,Motor (Two-Wheeler),Bancassurance,West,1055,3181268.1,755,2283021.85,3015.42,
2025-08,Motor (Two-Wheeler),Broker,East,644,1100570.24,459,809042.58,1708.96,
2025-08,Motor (Two-Wheeler),Broker,North,1194,2598920.1,805,1811137.3,2176.65,
2025-08,Motor (Two-Wheeler),Broker,South,985,2029100.0,810,1613884.5,2060.0,
2025-08,Motor (Two-Wheeler),Broker,West,915,2194362.15,757,1750062.88,2398.21,
2025-08,Motor (Two-Wheeler),Direct/Online,East,1023,1994246.43,788,1564881.32,1949.41,
2025-08,Motor (Two-Wheeler),Direct/Online,North,1858,4579208.22,1534,3821408.76,2464.59,
2025-08,Motor (Two-Wheeler),Direct/Online,South,1698,3576276.66,1156,2383810.72,2106.17,
2025-08,Motor (Two-Wheeler),Direct/Online,West,1557,3436781.67,1011,2301693.15,2207.31,
2025-08,Motor (Two-Wheeler),PoSP,East,450,1301481.0,324,963514.44,2892.18,
2025-08,Motor (Two-Wheeler),PoSP,North,672,1567110.72,529,1293320.36,2332.01,
2025-08,Motor (Two-Wheeler),PoSP,South,729,2336510.61,591,1971505.08,3205.09,
2025-08,Motor (Two-Wheeler),PoSP,West,505,945339.8,362,702801.28,1871.96,
2025-08,SME/Commercial,Agent,East,56,1405078.64,47,1178376.01,25090.69,
2025-08,SME/Commercial,Agent,North,93,10733169.06,78,8980907.52,115410.42,
2025-08,SME/Commercial,Agent,South,78,9567807.6,65,7660343.6,122664.2,
2025-08,SME/Commercial,Agent,West,74,8709006.72,54,6223290.48,117689.28,
2025-08,SME/Commercial,Bancassurance,East,34,2572993.18,27,1988781.12,75676.27,
2025-08,SME/Commercial,Bancassurance,North,68,8785289.92,47,6365474.14,129195.44,
2025-08,SME/Commercial,Bancassurance,South,65,1386173.1,48,1072559.52,21325.74,
2025-08,SME/Commercial,Bancassurance,West,53,5585997.01,35,3606015.7,105396.17,
2025-08,SME/Commercial,Broker,East,38,2833011.34,32,2319395.84,74552.93,
2025-08,SME/Commercial,Broker,North,60,6251680.2,48,4943435.52,104194.67,
2025-08,SME/Commercial,Broker,South,60,8600780.4,41,5854935.71,143346.34,
2025-08,SME/Commercial,Broker,West,44,5557010.36,40,5144229.2,126295.69,
2025-08,SME/Commercial,Direct/Online,East,58,3501082.42,39,2418684.45,60363.49,
2025-08,SME/Commercial,Direct/Online,North,90,3255611.4,62,2264279.68,36173.46,
2025-08,SME/Commercial,Direct/Online,South,88,6212305.44,67,4855395.53,70594.38,
2025-08,SME/Commercial,Direct/Online,West,82,6597419.88,58,4500127.2,80456.34,
2025-08,SME/Commercial,PoSP,East,21,1039654.35,15,772548.45,49507.35,
2025-08,SME/Commercial,PoSP,North,40,4749451.6,31,3524439.29,118736.29,
2025-08,SME/Commercial,PoSP,South,35,3309058.2,31,2896325.97,94544.52,
2025-08,SME/Commercial,PoSP,West,30,2655321.0,24,2043174.48,88510.7,
2025-08,Travel,Agent,East,333,327995.01,248,235994.32,984.97,
2025-08,Travel,Agent,North,713,714269.14,596,584807.12,1001.78,
2025-08,Travel,Agent,South,579,1394712.57,394,986859.68,2408.83,
2025-08,Travel,Agent,West,590,564016.4,391,369921.19,955.96,
2025-08,Travel,Bancassurance,East,267,653413.08,206,494727.54,2447.24,
2025-08,Travel,Bancassurance,North,549,922879.98,441,712713.33,1681.02,
2025-08,Travel,Bancassurance,South,492,1518705.6,394,1259357.96,3086.8,
2025-08,Travel,Bancassurance,West,432,1421966.88,315,992379.15,3291.59,
2025-08,Travel,Broker,East,258,848270.46,182,570759.28,3287.87,
2025-08,Travel,Broker,North,450,429754.5,291,268971.3,955.01,
2025-08,Travel,Broker,South,358,212716.44,268,163120.88,594.18,
2025-08,Travel,Broker,West,384,1248533.76,303,1032960.33,3251.39,
2025-08,Travel,Direct/Online,East,390,703739.4,271,497780.93,1804.46,
2025-08,Travel,Direct/Online,North,767,1669943.08,563,1242974.51,2177.24,
2025-08,Travel,Direct/Online,South,745,1221978.8,544,853895.04,1640.24,
2025-08,Travel,Direct/Online,West,640,615955.2,443,416495.31,962.43,
2025-08,Travel,PoSP,East,145,100193.55,117,79912.17,690.99,
2025-08,Travel,PoSP,North,279,561925.53,217,418742.73,2014.07,
2025-08,Travel,PoSP,South,252,541520.28,168,351659.28,2148.89,
2025-08,Travel,PoSP,West,237,340995.6,160,224316.8,1438.8,
2025-09,Crop,Agent,East,29,281523.01,24,238500.48,9707.69,
2025-09,Crop,Agent,North,49,783690.32,32,536247.36,15993.68,
2025-09,Crop,Agent,South,43,323717.33,32,229722.24,7528.31,
2025-09,Crop,Agent,West,36,656007.84,33,577524.75,18222.44,
2025-09,Crop,Bancassurance,East,20,308777.2,18,280768.32,15438.86,
2025-09,Crop,Bancassurance,North,37,269466.93,29,207374.07,7282.89,
2025-09,Crop,Bancassurance,South,31,557730.61,21,375623.64,17991.31,
2025-09,Crop,Bancassurance,West,31,681330.09,26,556009.74,21978.39,
2025-09,Crop,Broker,East,18,222269.76,14,170081.24,12348.32,
2025-09,Crop,Broker,North,31,212615.05,26,171904.72,6858.55,
2025-09,Crop,Broker,South,30,604718.1,22,461054.0,20157.27,
2025-09,Crop,Broker,West,27,440260.65,23,357141.01,16305.95,
2025-09,Crop,Direct/Online,East,34,222561.62,24,161541.84,6545.93,
2025-09,Crop,Direct/Online,North,54,567725.76,42,450933.84,10513.44,
2025-09,Crop,Direct/Online,South,43,809718.81,32,629574.08,18830.67,
2025-09,Crop,Direct/Online,West,48,805486.56,40,653732.4,16780.97,
2025-09,Crop,PoSP,East,12,221185.8,10,183263.2,18432.15,
2025-09,Crop,PoSP,North,18,120407.04,12,83389.32,6689.28,
2025-09,Crop,PoSP,South,20,152157.2,16,118339.04,7607.86,
2025-09,Crop,PoSP,West,16,288929.28,12,224439.6,18058.08,
2025-09,Health (Group),Agent,East,73,6051130.6,63,5395131.0,82892.2,
2025-09,Health (Group),Agent,North,125,11526657.5,96,9242690.88,92213.26,
2025-09,Health (Group),Agent,South,111,9913960.56,76,6894744.32,89314.96,
2025-09,Health (Group),Agent,West,102,7424973.72,80,5628762.4,72793.86,
2025-09,Health (Group),Bancassurance,East,52,3032514.16,38,2199024.66,58317.58,
2025-09,Health (Group),Bancassurance,North,96,3448757.76,69,2460842.22,35924.56,
2025-09,Health (Group),Bancassurance,South,86,5354998.12,66,3957759.3,62267.42,
2025-09,Health (Group),Bancassurance,West,85,8041117.3,69,6252628.89,94601.38,
2025-09,Health (Group),Broker,East,49,1992445.35,40,1702347.2,40662.15,
2025-09,Health (Group),Broker,North,87,3967108.65,61,2814898.07,45598.95,
2025-09,Health (Group),Broker,South,83,4371562.69,72,3941802.72,52669.43,
2025-09,Health (Group),Broker,West,67,5834885.28,48,4047718.56,87087.84,
2025-09,Health (Group),Direct/Online,East,73,6162289.89,57,4834028.64,84414.93,
2025-09,Health (Group),Direct/Online,North,133,8115686.6,85,4985035.8,61020.2,
2025-09,Health (Group),Direct/Online,South,138,10927251.24,111,8551638.69,79182.98,
2025-09,Health (Group),Direct/Online,West,116,3511500.96,79,2388591.07,30271.56,
2025-09,Health (Group),PoSP,East,28,2735671.12,19,1807557.21,97702.54,
2025-09,Health (Group),PoSP,North,54,2251238.94,44,1921946.84,41689.61,
2025-09,Health (Group),PoSP,South,51,1609586.01,43,1292505.61,31560.51,
2025-09,Health (Group),PoSP,West,41,2093087.31,30,1597216.8,51050.91,
2025-09,Health (Retail),Agent,East,363,5120688.54,268,3729823.0,14106.58,
2025-09,Health (Retail),Agent,North,550,14579812.5,424,10897588.64,26508.75,
2025-09,Health (Retail),Agent,South,591,20124064.17,442,15594277.14,34050.87,
2025-09,Health (Retail),Agent,West,528,11367665.76,374,7840876.34,21529.67,
2025-09,Health (Retail),Bancassurance,East,281,9159967.75,199,6679202.17,32597.75,
2025-09,Health (Retail),Bancassurance,North,554,13682126.92,386,9422958.66,24696.98,
2025-09,Health (Retail),Bancassurance,South,455,13126135.75,315,9244349.1,28848.65,
2025-09,Health (Retail),Bancassurance,West,406,13081864.04,305,9689087.5,32221.34,
2025-09,Health (Retail),Broker,East,213,7610519.82,153,5521210.02,35730.14,
2025-09,Health (Retail),Broker,North,414,10510764.48,310,7709464.4,25388.32,
2025-09,Health (Retail),Broker,South,382,7033983.74,265,4667977.65,18413.57,
2025-09,Health (Retail),Broker,West,375,7648353.75,276,5353050.36,20395.61,
2025-09,Health (Retail),Direct/Online,East,357,11459646.45,237,7253633.85,32099.85,
2025-09,Health (Retail),Direct/Online,North,681,23548333.05,527,18296138.31,34579.05,
2025-09,Health (Retail),Direct/Online,South,594,20170446.12,500,16643295.0,33956.98,
2025-09,Health (Retail),Direct/Online,West,545,10197800.2,408,7601688.72,18711.56,
2025-09,Health (Retail),PoSP,East,150,4831116.0,112,3543877.12,32207.44,
2025-09,Health (Retail),PoSP,North,231,5480990.13,179,4260250.12,23727.23,
2025-09,Health (Retail),PoSP,South,248,3384711.44,192,2740590.72,13648.03,
2025-09,Health (Retail),PoSP,West,227,6223427.46,177,4612204.05,27415.98,
2025-09,Home,Agent,East,102,944273.16,86,792158.04,9257.58,
2025-09,Home,Agent,North,180,991663.2,131,719121.88,5509.24,
2025-09,Home,Agent,South,155,373697.25,105,240559.2,2410.95,
2025-09,Home,Agent,West,161,1208902.31,148,1083454.72,7508.71,
2025-09,Home,Bancassurance,East,84,798231.0,59,559019.1,9502.75,
2025-09,Home,Bancassurance,North,148,851587.56,119,682641.12,5753.97,
2025-09,Home,Bancassurance,South,157,1185442.63,119,879893.14,7550.59,
2025-09,Home,Bancassurance,West,121,957871.09,91,752151.4,7916.29,
2025-09,Home,Broker,East,78,491779.86,60,388743.0,6304.87,
2025-09,Home,Broker,North,136,1276976.08,110,1055993.4,9389.53,
2025-09,Home,Broker,South,115,703335.4,96,607276.8,6115.96,
2025-09,Home,Broker,West,105,852038.25,75,631512.0,8114.65,
2025-09,Home,Direct/Online,East,128,1150775.04,86,793086.84,8990.43,
2025-09,Home,Direct/Online,North,200,1441874.0,157,1125895.67,7209.37,
2025-09,Home,Direct/Online,South,206,782563.1,144,536160.96,3798.85,
2025-09,Home,Direct/Online,West,185,1439066.9,157,1218552.36,7778.74,
2025-09,Home,PoSP,East,44,396808.72,39,335090.73,9018.38,
2025-09,Home,PoSP,North,82,351839.04,58,252318.56,4290.72,
2025-09,Home,PoSP,South,78,408042.96,59,321653.25,5231.32,
2025-09,Home,PoSP,West,69,637798.05,49,460907.23,9243.45,
2025-09,Motor (Car),Agent,East,677,9370918.91,581,7858774.49,13841.83,
2025-09,Motor (Car),Agent,North,1013,20878203.51,694,14896647.54,20610.27,
2025-09,Motor (Car),Agent,South,998,25608081.2,811,21755804.9,25659.4,
2025-09,Motor (Car),Agent,West,866,9362464.56,661,7351086.76,10811.16,
2025-09,Motor (Car),Bancassurance,East,494,10536422.26,388,7933463.16,21328.79,
2025-09,Motor (Car),Bancassurance,North,769,17532492.52,531,12204902.25,22799.08,
2025-09,Motor (Car),Bancassurance,South,799,10113238.63,538,6995700.08,12657.37,
2025-09,Motor (Car),Bancassurance,West,759,10509706.02,647,9024142.49,13846.78,
2025-09,Motor (Car),Broker,East,383,10081498.35,279,7688509.02,26322.45,
2025-09,Motor (Car),Broker,North,811,7876237.36,689,6515673.19,9711.76,
2025-09,Motor (Car),Broker,South,619,11486696.34,428,8277584.2,18556.86,
2025-09,Motor (Car),Broker,West,661,17294509.76,455,11966609.2,26164.16,
2025-09,Motor (Car),Direct/Online,East,658,15281753.9,535,11823885.2,23224.55,
2025-09,Motor (Car),Direct/Online,North,1303,31577553.5,896,21285788.16,24234.5,
2025-09,Motor (Car),Direct/Online,South,1044,25154939.88,903,20911376.01,24094.77,
2025-09,Motor (Car),Direct/Online,West,1012,9583548.92,727,6633060.76,9469.91,
2025-09,Motor (Car),PoSP,East,260,4464038.8,197,3306648.94,17169.38,
2025-09,Motor (Car),PoSP,North,439,10054772.59,356,7782234.76,22903.81,
2025-09,Motor (Car),PoSP,South,444,5026217.64,302,3282945.36,11320.31,
2025-09,Motor (Car),PoSP,West,390,8672040.0,349,7862083.54,22236.0,
2025-09,Motor (Two-Wheeler),Agent,East,1112,2359775.2,791,1690446.1,2122.1,
2025-09,Motor (Two-Wheeler),Agent,North,2055,7577874.15,1331,5091727.19,3687.53,
2025-09,Motor (Two-Wheeler),Agent,South,1839,4936188.63,1414,3710618.8,2684.17,
2025-09,Motor (Two-Wheeler),Agent,West,1498,4174431.66,1231,3530655.72,2786.67,
2025-09,Motor (Two-Wheeler),Bancassurance,East,897,3165504.03,807,2891271.18,3528.99,
2025-09,Motor (Two-Wheeler),Bancassurance,North,1325,2540502.0,1067,1983435.63,1917.36,
2025-09,Motor (Two-Wheeler),Bancassurance,South,1508,3185846.04,1177,2552100.87,2112.63,
2025-09,Motor (Two-Wheeler),Bancassurance,West,1473,3611236.26,1062,2652929.1,2451.62,
2025-09,Motor (Two-Wheeler),Broker,East,738,1949641.02,616,1548057.28,2641.79,
2025-09,Motor (Two-Wheeler),Broker,North,1170,4236488.1,932,3518188.16,3620.93,
2025-09,Motor (Two-Wheeler),Broker,South,1220,4490868.8,962,3635349.9,3681.04,
2025-09,Motor (Two-Wheeler),Broker,West,1062,1917568.44,811,1426573.33,1805.62,
2025-09,Motor (Two-Wheeler),Direct/Online,East,1219,4120439.42,901,3193963.91,3380.18,
2025-09,Motor (Two-Wheeler),Direct/Online,North,2428,5678266.48,1674,3824119.08,2338.66,
2025-09,Motor (Two-Wheeler),Direct/Online,South,2130,6254319.0,1550,4526728.5,2936.3,
2025-09,Motor (Two-Wheeler),Direct/Online,West,1839,5862014.79,1244,3883879.96,3187.61,
2025-09,Motor (Two-Wheeler),PoSP,East,487,1582053.59,410,1268212.0,3248.57,
2025-09,Motor (Two-Wheeler),PoSP,North,803,1346542.67,574,968544.64,1676.89,
2025-09,Motor (Two-Wheeler),PoSP,South,751,1479605.18,516,1026164.04,1970.18,
2025-09,Motor (Two-Wheeler),PoSP,West,652,1556154.48,482,1111819.76,2386.74,
2025-09,SME/Commercial,Agent,East,58,5760785.04,42,4289845.98,99323.88,
2025-09,SME/Commercial,Agent,North,100,16582090.0,88,14971247.28,165820.9,
2025-09,SME/Commercial,Agent,South,90,1630117.8,65,1231635.6,18112.42,
2025-09,SME/Commercial,Agent,West,80,12220923.2,58,9191608.0,152761.54,
2025-09,SME/Commercial,Bancassurance,East,41,6262138.69,25,3702025.0,152735.09,
2025-09,SME/Commercial,Bancassurance,North,76,8590009.44,62,6940468.48,113026.44,
2025-09,SME/Commercial,Bancassurance,South,61,8448690.93,43,5873254.33,138503.13,
2025-09,SME/Commercial,Bancassurance,West,56,4695787.6,48,4134653.28,83853.35,
2025-09,SME/Commercial,Broker,East,37,5884809.3,32,5339356.8,159048.9,
2025-09,SME/Commercial,Broker,North,62,3317828.94,45,2453274.0,53513.37,
2025-09,SME/Commercial,Broker,South,57,2059187.13,34,1190637.84,36126.09,
2025-09,SME/Commercial,Broker,West,43,4372527.67,36,3636016.56,101686.69,
2025-09,SME/Commercial,Direct/Online,East,58,1203581.2,45,965164.05,20751.4,
2025-09,SME/Commercial,Direct/Online,North,111,3290018.91,88,2729556.72,29639.81,
2025-09,SME/Commercial,Direct/Online,South,100,8794453.0,79,7233397.21,87944.53,
2025-09,SME/Commercial,Direct/Online,West,85,5093194.9,67,4015758.23,59919.94,
2025-09,SME/Commercial,PoSP,East,22,2821633.76,14,1830070.2,128256.08,
2025-09,SME/Commercial,PoSP,North,39,877909.11,26,596895.78,22510.49,
2025-09,SME/Commercial,PoSP,South,36,2202280.2,28,1685981.08,61174.45,
2025-09,SME/Commercial,PoSP,West,30,1566782.4,27,1410322.32,52226.08,
2025-09,Travel,Agent,East,380,1179664.4,302,950200.72,3104.38,
2025-09,Travel,Agent,North,575,970398.75,447,781651.02,1687.65,
2025-09,Travel,Agent,South,593,1705948.33,398,1139267.04,2876.81,
2025-09,Travel,Agent,West,528,1402241.28,332,840165.84,2655.76,
2025-09,Travel,Bancassurance,East,260,149793.8,212,125618.48,576.13,
2025-09,Travel,Bancassurance,North,497,1110089.26,348,783000.0,2233.58,
2025-09,Travel,Bancassurance,South,497,804419.35,435,675750.75,1618.55,
2025-09,Travel,Bancassurance,West,359,304557.65,263,218923.83,848.35,
2025-09,Travel,Broker,East,240,306256.8,208,276417.44,1276.07,
2025-09,Travel,Broker,North,398,998585.98,261,651732.66,2509.01,
2025-09,Travel,Broker,South,433,1282723.53,305,881892.25,2962.41,
2025-09,Travel,Broker,West,359,438848.78,216,251890.56,1222.42,
2025-09,Travel,Direct/Online,East,423,862987.68,326,684489.16,2040.16,
2025-09,Travel,Direct/Online,North,727,1780975.52,552,1327112.88,2449.76,
2025-09,Travel,Direct/Online,South,650,707070.0,473,495514.8,1087.8,
2025-09,Travel,Direct/Online,West,572,1900470.0,424,1429948.48,3322.5,
2025-09,Travel,PoSP,East,147,465347.61,113,367425.15,3165.63,
2025-09,Travel,PoSP,North,274,209620.96,228,167231.16,765.04,
2025-09,Travel,PoSP,South,289,732591.88,222,583666.86,2534.92,
2025-09,Travel,PoSP,West,220,451330.0,173,369765.01,2051.5,
2025-10,Crop,Agent,East,33,669650.85,27,573125.22,20292.45,
2025-10,Crop,Agent,North,70,1263860.5,57,1023024.03,18055.15,
2025-10,Crop,Agent,South,69,1382287.35,61,1265940.32,20033.15,
2025-10,Crop,Agent,West,47,1031526.86,32,688613.44,21947.38,
2025-10,Crop,Bancassurance,East,23,206069.65,15,131318.55,8959.55,
2025-10,Crop,Bancassurance,North,54,571398.3,45,474759.0,10581.45,
2025-10,Crop,Bancassurance,South,46,273677.46,29,172024.23,5949.51,
2025-10,Crop,Bancassurance,West,42,702718.38,32,533173.76,16731.39,
2025-10,Crop,Broker,East,26,436738.9,18,298403.46,16797.65,
2025-10,Crop,Broker,North,45,997421.4,31,711882.76,22164.92,
2025-10,Crop,Broker,South,43,613069.49,40,545608.8,14257.43,
2025-10,Crop,Broker,West,38,351203.6,33,296546.25,9242.2,
2025-10,Crop,Direct/Online,East,43,850876.26,31,634714.46,19787.82,
2025-10,Crop,Direct/Online,North,73,896826.9,58,733912.86,12285.3,
2025-10,Crop,Direct/Online,South,66,475015.86,48,339260.64,7197.21,
2025-10,Crop,Direct/Online,West,65,902758.35,56,742070.0,13888.59,
2025-10,Crop,PoSP,East,18,91676.34,16,79230.4,5093.13,
2025-10,Crop,PoSP,North,27,292020.39,23,247118.67,10815.57,
2025-10,Crop,PoSP,South,25,133081.75,18,92548.98,5323.27,
2025-10,Crop,PoSP,West,24,398063.04,18,296155.08,16585.96,
2025-10,Health (Group),Agent,East,82,5955595.22,53,3717599.14,72629.21,
2025-10,Health (Group),Agent,North,128,7841338.88,105,6750067.8,61260.46,
2025-10,Health (Group),Agent,South,116,5194845.4,96,4359799.68,44783.15,
2025-10,Health (Group),Agent,West,111,10268111.61,79,7510308.01,92505.51,
2025-10,Health (Group),Bancassurance,East,62,4718627.8,47,3720622.46,76106.9,
2025-10,Health (Group),Bancassurance,North,107,8660955.57,91,7315439.04,80943.51,
2025-10,Health (Group),Bancassurance,South,97,7920551.49,64,5380295.04,81655.17,
2025-10,Health (Group),Bancassurance,West,76,7019911.76,69,6182355.15,92367.26,
2025-10,Health (Group),Broker,East,51,4811232.39,40,3735379.6,94337.89,
2025-10,Health (Group),Broker,North,93,6167913.45,64,4312071.04,66321.65,
2025-10,Health (Group),Broker,South,93,3865379.46,75,3191522.25,41563.22,
2025-10,Health (Group),Broker,West,74,2933867.64,48,1902404.64,39646.86,
2025-10,Health (Group),Direct/Online,East,71,6196479.56,57,4906839.3,87274.36,
2025-10,Health (Group),Direct/Online,North,148,9219624.48,125,8011062.5,62294.76,
2025-10,Health (Group),Direct/Online,South,140,7398125.0,108,5759736.12,52843.75,
2025-10,Health (Group),Direct/Online,West,127,9573686.72,94,6857001.08,75383.36,
2025-10,Health (Group),PoSP,East,29,1464367.47,23,1183228.56,50495.43,
2025-10,Health (Group),PoSP,North,53,3839684.11,39,2829064.68,72446.87,
2025-10,Health (Group),PoSP,South,56,3392934.16,35,2091434.8,60588.11,
2025-10,Health (Group),PoSP,West,45,3536761.05,36,2853551.52,78594.69,
2025-10,Health (Retail),Agent,East,367,8004409.46,262,5493343.52,21810.38,
2025-10,Health (Retail),Agent,North,681,19561330.02,487,13508537.49,28724.42,
2025-10,Health (Retail),Agent,South,634,16909306.22,483,13204398.9,26670.83,
2025-10,Health (Retail),Agent,West,544,17943149.12,440,14945400.8,32983.73,
2025-10,Health (Retail),Bancassurance,East,304,11754874.4,236,8943203.48,38667.35,
2025-10,Health (Retail),Bancassurance,North,522,18204676.92,379,13723101.09,34874.86,
2025-10,Health (Retail),Bancassurance,South,498,18828637.98,360,13202852.4,37808.51,
2025-10,Health (Retail),Bancassurance,West,447,7293649.83,370,5736076.7,16316.89,
2025-10,Health (Retail),Broker,East,243,8449756.38,162,5381014.68,34772.66,
2025-10,Health (Retail),Broker,North,424,13408185.92,296,9130214.72,31623.08,
2025-10,Health (Retail),Broker,South,385,14200417.0,302,10597808.16,36884.2,
2025-10,Health (Retail),Broker,West,372,5510648.04,290,4127822.3,14813.57,
2025-10,Health (Retail),Direct/Online,East,430,8337274.3,350,7071029.0,19389.01,
2025-10,Health (Retail),Direct/Online,North,667,25586800.34,501,19084061.94,38361.02,
2025-10,Health (Retail),Direct/Online,South,632,13767241.52,487,10333307.23,21783.61,
2025-10,Health (Retail),Direct/Online,West,651,19121367.3,494,14784926.0,29372.3,
2025-10,Health (Retail),PoSP,East,158,5052272.78,103,3206956.5,31976.41,
2025-10,Health (Retail),PoSP,North,277,10617066.52,216,8567711.28,38328.76,
2025-10,Health (Retail),PoSP,South,236,3666153.8,180,2846381.4,15534.55,
2025-10,Health (Retail),PoSP,West,231,7582845.27,190,6300620.4,32826.17,
2025-10,Home,Agent,East,111,1027924.38,68,642862.48,9260.58,
2025-10,Home,Agent,North,203,733564.86,150,518109.0,3613.62,
2025-10,Home,Agent,South,186,1486123.26,136,1102248.72,7989.91,
2025-10,Home,Agent,West,162,691553.7,116,505966.48,4268.85,
2025-10,Home,Bancassurance,East,80,559674.4,59,399937.4,6995.93,
2025-10,Home,Bancassurance,North,152,1200275.6,120,967346.4,7896.55,
2025-10,Home,Bancassurance,South,140,1149096.2,106,883590.56,8207.83,
2025-10,Home,Bancassurance,West,143,512147.35,94,328890.96,3581.45,
2025-10,Home,Broker,East,69,319862.61,55,246226.75,4635.69,
2025-10,Home,Broker,North,145,539571.1,99,367353.36,3721.18,
2025-10,Home,Broker,South,134,1300120.26,93,927047.25,9702.39,
2025-10,Home,Broker,West,114,963643.14,85,712779.4,8453.01,
2025-10,Home,Direct/Online,East,135,1012942.8,100,740249.0,7503.28,
2025-10,Home,Direct/Online,North,216,1001293.92,169,801619.39,4635.62,
2025-10,Home,Direct/Online,South,224,1963698.24,168,1420809.6,8766.51,
2025-10,Home,Direct/Online,West,169,1204988.59,134,914914.48,7130.11,
2025-10,Home,PoSP,East,43,160718.09,29,105439.36,3737.63,
2025-10,Home,PoSP,North,94,584222.22,71,439926.65,6215.13,
2025-10,Home,PoSP,South,78,506679.42,61,383300.82,6495.89,
2025-10,Home,PoSP,West,73,204257.65,59,170265.15,2798.05,
2025-10,Motor (Car),Agent,East,623,7111887.65,503,5933901.06,11415.55,
2025-10,Motor (Car),Agent,North,1153,12015413.0,990,10148658.3,10421.0,
2025-10,Motor (Car),Agent,South,1011,19178154.39,869,16960959.51,18969.49,
2025-10,Motor (Car),Agent,West,1127,16080779.82,874,12220145.64,14268.66,
2025-10,Motor (Car),Bancassurance,East,583,14186383.86,383,9616635.93,24333.42,
2025-10,Motor (Car),Bancassurance,North,1052,18535040.72,830,14983973.4,17618.86,
2025-10,Motor (Car),Bancassurance,South,776,18733741.92,613,14944535.42,24141.42,
2025-10,Motor (Car),Bancassurance,West,740,7092197.0,534,5053391.52,9584.05,
2025-10,Motor (Car),Broker,East,441,4826418.66,325,3669623.75,10944.26,
2025-10,Motor (Car),Broker,North,842,17815339.12,753,16260357.3,21158.36,
2025-10,Motor (Car),Broker,South,809,11060267.77,622,8688550.06,13671.53,
2025-10,Motor (Car),Broker,West,611,7478725.54,523,6517976.41,12240.14,
2025-10,Motor (Car),Direct/Online,East,741,18958307.16,606,16053612.66,25584.76,
2025-10,Motor (Car),Direct/Online,North,1462,17285211.38,1151,13287984.23,11822.99,
2025-10,Motor (Car),Direct/Online,South,1188,17659311.12,959,14724879.19,14864.74,
2025-10,Motor (Car),Direct/Online,West,1154,16211322.76,834,11530708.86,14047.94,
2025-10,Motor (Car),PoSP,East,265,6463514.3,230,5608241.8,24390.62,
2025-10,Motor (Car),PoSP,North,518,8906662.94,448,7640474.24,17194.33,
2025-10,Motor (Car),PoSP,South,507,7172914.32,426,6154860.78,14147.76,
2025-10,Motor (Car),PoSP,West,403,3591536.0,310,2677556.8,8912.0,
2025-10,Motor (Two-Wheeler),Agent,East,1250,2623275.0,923,1909400.87,2098.62,
2025-10,Motor (Two-Wheeler),Agent,North,2243,6689523.2,1612,4808870.04,2982.4,
2025-10,Motor (Two-Wheeler),Agent,South,2071,4637818.11,1396,3042079.44,2239.41,
2025-10,Motor (Two-Wheeler),Agent,West,1794,4610992.62,1617,4236281.28,2570.23,
2025-10,Motor (Two-Wheeler),Bancassurance,East,981,1865342.07,793,1467985.74,1901.47,
2025-10,Motor (Two-Wheeler),Bancassurance,North,1756,4593274.56,1299,3474669.12,2615.76,
2025-10,Motor (Two-Wheeler),Bancassurance,South,1624,2764031.76,1074,1770617.88,1701.99,
2025-10,Motor (Two-Wheeler),Bancassurance,West,1437,3576851.07,1218,2957145.66,2489.11,
2025-10,Motor (Two-Wheeler),Broker,East,875,1544663.75,526,966272.52,1765.33,
2025-10,Motor (Two-Wheeler),Broker,North,1372,3626813.4,881,2355705.9,2643.45,
2025-10,Motor (Two-Wheeler),Broker,South,1280,3707648.0,917,2777684.7,2896.6,
2025-10,Motor (Two-Wheeler),Broker,West,1236,2075750.76,1027,1642337.32,1679.41,
2025-10,Motor (Two-Wheeler),Direct/Online,East,1465,5428147.3,1080,4055853.6,3705.22,
2025-10,Motor (Two-Wheeler),Direct/Online,North,2438,8361242.9,1622,5739657.86,3429.55,
2025-10,Motor (Two-Wheeler),Direct/Online,South,2333,6966617.96,1773,5459279.76,2986.12,
2025-10,Motor (Two-Wheeler),Direct/Online,West,2035,7385869.7,1626,6007809.84,3629.42,
2025-10,Motor (Two-Wheeler),PoSP,East,554,2002372.06,403,1422735.08,3614.39,
2025-10,Motor (Two-Wheeler),PoSP,North,964,3612406.84,670,2543534.4,3747.31,
2025-10,Motor (Two-Wheeler),PoSP,South,814,1416612.34,512,853637.12,1740.31,
2025-10,Motor (Two-Wheeler),PoSP,West,731,2520129.81,587,2002814.65,3447.51,
2025-10,SME/Commercial,Agent,East,55,2548341.4,38,1739302.94,46333.48,
2025-10,SME/Commercial,Agent,North,89,4096059.46,75,3343163.25,46023.14,
2025-10,SME/Commercial,Agent,South,99,6083984.61,74,4637144.88,61454.39,
2025-10,SME/Commercial,Agent,West,85,11806494.05,55,7574898.65,138899.93,
2025-10,SME/Commercial,Bancassurance,East,50,8124160.5,42,6589957.08,162483.21,
2025-10,SME/Commercial,Bancassurance,North,76,12097806.16,68,10819093.08,159181.66,
2025-10,SME/Commercial,Bancassurance,South,75,9004971.75,57,6894378.57,120066.29,
2025-10,SME/Commercial,Bancassurance,West,77,8741636.75,57,6523860.33,113527.75,
2025-10,SME/Commercial,Broker,East,36,3117254.4,24,2085342.0,86590.4,
2025-10,SME/Commercial,Broker,North,68,5654599.84,50,4228407.0,83155.88,
2025-10,SME/Commercial,Broker,South,61,5238797.73,46,4012389.56,85881.93,
2025-10,SME/Commercial,Broker,West,56,2677605.84,38,1728851.8,47814.39,
2025-10,SME/Commercial,Direct/Online,East,65,3208448.1,51,2448957.78,49360.74,
2025-10,SME/Commercial,Direct/Online,North,115,19114513.4,75,12381625.5,166213.16,
2025-10,SME/Commercial,Direct/Online,South,105,13304760.0,89,11085791.05,126712.0,
2025-10,SME/Commercial,Direct/Online,West,96,14961975.36,67,10118977.17,155853.91,
2025-10,SME/Commercial,PoSP,East,23,3502492.9,21,3334755.9,152282.3,
2025-10,SME/Commercial,PoSP,North,42,6668189.64,34,5436312.36,158766.42,
2025-10,SME/Commercial,PoSP,South,37,3459778.98,23,2200412.07,93507.54,
2025-10,SME/Commercial,PoSP,West,34,5242368.2,31,4612857.66,154187.3,
2025-10,Travel,Agent,East,429,654735.51,270,418143.6,1526.19,
2025-10,Travel,Agent,North,755,1925718.1,631,1561605.11,2550.62,
2025-10,Travel,Agent,South,628,1255893.24,523,1028066.33,1999.83,
2025-10,Travel,Agent,West,578,388976.66,347,238184.27,672.97,
2025-10,Travel,Bancassurance,East,271,689990.39,195,493080.9,2546.09,
2025-10,Travel,Bancassurance,North,554,763583.74,463,626114.9,1378.31,
2025-10,Travel,Bancassurance,South,520,1481979.2,445,1244522.6,2849.96,
2025-10,Travel,Bancassurance,West,542,594048.26,449,508829.25,1096.03,
2025-10,Travel,Broker,East,272,774011.36,230,651684.3,2845.63,
2025-10,Travel,Broker,North,419,1368705.4,279,949286.34,3266.6,
2025-10,Travel,Broker,South,485,1049573.95,370,773255.6,2164.07,
2025-10,Travel,Broker,West,365,344603.8,298,291575.12,944.12,
2025-10,Travel,Direct/Online,East,449,726414.65,375,597495.0,1617.85,
2025-10,Travel,Direct/Online,North,836,959443.76,737,812925.74,1147.66,
2025-10,Travel,Direct/Online,South,722,468635.76,567,378829.71,649.08,
2025-10,Travel,Direct/Online,West,633,1797378.18,508,1418508.72,2839.46,
2025-10,Travel,PoSP,East,164,289112.32,138,255066.78,1762.88,
2025-10,Travel,PoSP,North,299,633960.73,252,510400.8,2120.27,
2025-10,Travel,PoSP,South,273,212167.41,202,149999.14,777.17,
2025-10,Travel,PoSP,West,270,894726.0,192,655553.28,3313.8,
2025-11,Crop,Agent,East,37,682385.08,28,526419.88,18442.84,
2025-11,Crop,Agent,North,71,1406455.33,56,1085756.56,19809.23,
2025-11,Crop,Agent,South,62,688138.62,44,473976.8,11099.01,
2025-11,Crop,Agent,West,60,1202988.0,41,862542.83,20049.8,
2025-11,Crop,Bancassurance,East,30,257853.6,24,202360.56,8595.12,
2025-11,Crop,Bancassurance,North,55,977592.55,42,759715.74,17774.41,
2025-11,Crop,Bancassurance,South,49,261147.46,36,186333.84,5329.54,
2025-11,Crop,Bancassurance,West,45,867538.35,31,626809.46,19278.63,
2025-11,Crop,Broker,East,31,574398.69,23,422996.91,18528.99,
2025-11,Crop,Broker,North,43,558846.49,34,448933.28,12996.43,
2025-11,Crop,Broker,South,43,400957.37,32,312364.8,9324.59,
2025-11,Crop,Broker,West,36,568798.92,26,405624.44,15799.97,
2025-11,Crop,Direct/Online,East,47,225462.29,37,181112.04,4797.07,
2025-11,Crop,Direct/Online,North,76,480904.44,50,329664.0,6327.69,
2025-11,Crop,Direct/Online,South,75,1054017.0,46,641147.08,14053.56,
2025-11,Crop,Direct/Online,West,65,234137.8,40,146401.6,3602.12,
2025-11,Crop,PoSP,East,17,76557.46,13,56692.35,4503.38,
2025-11,Crop,PoSP,North,34,505257.68,21,304794.0,14860.52,
2025-11,Crop,PoSP,South,27,288634.32,21,217319.13,10690.16,
2025-11,Crop,PoSP,West,23,503429.06,18,381136.14,21888.22,
2025-11,Health (Group),Agent,East,67,2742529.09,49,2105210.03,40933.27,
2025-11,Health (Group),Agent,North,142,13739732.56,104,10411962.08,96758.68,
2025-11,Health (Group),Agent,South,113,9241979.59,74,5910465.1,81787.43,
2025-11,Health (Group),Agent,West,117,4554153.63,80,3232146.4,38924.39,
2025-11,Health (Group),Bancassurance,East,59,2921177.91,37,1904346.34,49511.49,
2025-11,Health (Group),Bancassurance,North,101,2893344.98,69,2003079.66,28646.98,
2025-11,Health (Group),Bancassurance,South,99,8936075.61,87,7518469.53,90263.39,
2025-11,Health (Group),Bancassurance,West,77,7134800.75,63,5633170.2,92659.75,
2025-11,Health (Group),Broker,East,53,3222539.39,43,2657081.8,60802.63,
2025-11,Health (Group),Broker,North,83,3094511.41,65,2363230.35,37283.27,
2025-11,Health (Group),Broker,South,81,4985385.57,64,3966697.6,61547.97,
2025-11,Health (Group),Broker,West,72,4844695.68,57,3667513.95,67287.44,
2025-11,Health (Group),Direct/Online,East,88,4177722.56,70,3224255.3,47474.12,
2025-11,Health (Group),Direct/Online,North,150,7981179.0,118,6472124.18,53207.86,
2025-11,Health (Group),Direct/Online,South,123,6388318.65,100,5309809.0,51937.55,
2025-11,Health (Group),Direct/Online,West,120,3369841.2,83,2294798.94,28082.01,
2025-11,Health (Group),PoSP,East,31,2524389.83,28,2231908.28,81431.93,
2025-11,Health (Group),PoSP,North,53,4145943.02,38,3061433.52,78225.34,
2025-11,Health (Group),PoSP,South,54,3638651.76,45,3166253.1,67382.44,
2025-11,Health (Group),PoSP,West,40,2685708.0,25,1678516.75,67142.7,
2025-11,Health (Retail),Agent,East,407,8508766.42,337,6948228.93,20906.06,
2025-11,Health (Retail),Agent,North,667,11799736.92,467,8625928.98,17690.76,
2025-11,Health (Retail),Agent,South,631,11260895.41,413,7617846.95,17846.11,
2025-11,Health (Retail),Agent,West,519,13137934.86,370,9041105.4,25313.94,
2025-11,Health (Retail),Bancassurance,East,327,11122826.52,229,7723155.53,34014.76,
2025-11,Health (Retail),Bancassurance,North,541,10877713.88,404,8317935.8,20106.68,
2025-11,Health (Retail),Bancassurance,South,481,13924257.36,407,11226822.31,28948.56,
2025-11,Health (Retail),Bancassurance,West,458,6559796.6,403,5692439.48,14322.7,
2025-11,Health (Retail),Broker,East,250,5413845.0,201,4360791.48,21655.38,
2025-11,Health (Retail),Broker,North,471,13740497.13,401,11568661.53,29173.03,
2025-11,Health (Retail),Broker,South,369,12887944.92,311,10989956.28,34926.68,
2025-11,Health (Retail),Broker,West,416,14212910.4,368,13012071.52,34165.65,
2025-11,Health (Retail),Direct/Online,East,440,9900884.4,365,8569229.1,22502.01,
2025-11,Health (Retail),Direct/Online,North,708,21908677.68,499,14971242.51,30944.46,
2025-11,Health (Retail),Direct/Online,South,717,21881649.78,563,18033075.79,30518.34,
2025-11,Health (Retail),Direct/Online,West,678,13387543.92,460,9073421.8,19745.64,
2025-11,Health (Retail),PoSP,East,137,2927626.98,100,2232644.0,21369.54,
2025-11,Health (Retail),PoSP,North,293,10781837.44,249,9104396.16,36798.08,
2025-11,Health (Retail),PoSP,South,251,8186741.5,218,7353360.18,32616.5,
2025-11,Health (Retail),PoSP,West,229,5622034.73,156,3910203.96,24550.37,
2025-11,Home,Agent,East,113,870645.79,99,764503.74,7704.83,
2025-11,Home,Agent,North,188,1438339.12,136,1004939.36,7650.74,
2025-11,Home,Agent,South,202,1483411.24,156,1200249.96,7343.62,
2025-11,Home,Agent,West,167,419938.2,133,339046.26,2514.6,
2025-11,Home,Bancassurance,East,99,300426.39,84,253354.92,3034.61,
2025-11,Home,Bancassurance,North,168,454655.04,108,301449.6,2706.28,
2025-11,Home,Bancassurance,South,150,362821.5,95,232722.45,2418.81,
2025-11,Home,Bancassurance,West,133,898638.44,121,789468.13,6756.68,
2025-11,Home,Broker,East,75,400825.5,58,299283.48,5344.34,
2025-11,Home,Broker,North,132,599567.76,92,425072.2,4542.18,
2025-11,Home,Broker,South,128,968613.12,100,784167.0,7567.29,
2025-11,Home,Broker,West,133,1023587.95,93,741097.47,7696.15,
2025-11,Home,Direct/Online,East,144,473412.96,99,314997.21,3287.59,
2025-11,Home,Direct/Online,North,258,985487.76,166,616711.58,3819.72,
2025-11,Home,Direct/Online,South,217,1040764.55,147,674434.53,4796.15,
2025-11,Home,Direct/Online,West,194,1863354.48,133,1297791.39,9604.92,
2025-11,Home,PoSP,East,47,119194.82,33,82710.21,2536.06,
2025-11,Home,PoSP,North,77,376898.06,66,311654.64,4894.78,
2025-11,Home,PoSP,South,75,544467.0,56,412621.44,7259.56,
2025-11,Home,PoSP,West,70,212004.8,57,165986.85,3028.64,
2025-11,Motor (Car),Agent,East,662,9613769.22,597,8771685.18,14522.31,
2025-11,Motor (Car),Agent,North,1142,19716470.12,910,15621078.2,17264.86,
2025-11,Motor (Car),Agent,South,990,15386847.3,835,12358876.75,15542.27,
2025-11,Motor (Car),Agent,West,956,25417296.28,880,23172828.8,26587.13,
2025-11,Motor (Car),Bancassurance,East,493,13598640.85,389,11118709.2,27583.45,
2025-11,Motor (Car),Bancassurance,North,944,16590375.2,646,11463916.0,17574.55,
2025-11,Motor (Car),Bancassurance,South,838,20694862.52,600,14125758.0,24695.54,
2025-11,Motor (Car),Bancassurance,West,735,19942990.2,586,16226926.0,27133.32,
2025-11,Motor (Car),Broker,East,460,9281567.2,401,8315745.52,20177.32,
2025-11,Motor (Car),Broker,North,845,16986004.1,652,13325223.92,20101.78,
2025-11,Motor (Car),Broker,South,675,11707713.0,516,8910602.76,17344.76,
2025-11,Motor (Car),Broker,West,638,7806242.62,538,6852237.0,12235.49,
2025-11,Motor (Car),Direct/Online,East,625,17104643.75,448,11731041.28,27367.43,
2025-11,Motor (Car),Direct/Online,North,1274,30499560.0,1030,25499576.1,23940.0,
2025-11,Motor (Car),Direct/Online,South,1246,23614017.56,1064,19409402.88,18951.86,
2025-11,Motor (Car),Direct/Online,West,898,19248315.7,638,13989113.38,21434.65,
2025-11,Motor (Car),PoSP,East,317,3172291.91,255,2476654.35,10007.23,
2025-11,Motor (Car),PoSP,North,583,12296292.03,423,9035935.65,21091.41,
2025-11,Motor (Car),PoSP,South,477,4849224.93,392,4032213.92,10166.09,
2025-11,Motor (Car),PoSP,West,386,7873361.66,254,5199738.14,20397.31,
2025-11,Motor (Two-Wheeler),Agent,East,1166,4526575.24,946,3657699.54,3882.14,
2025-11,Motor (Two-Wheeler),Agent,North,2181,6324420.18,1755,4977741.6,2899.78,
2025-11,Motor (Two-Wheeler),Agent,South,1642,5425266.52,1523,5027423.0,3304.06,
2025-11,Motor (Two-Wheeler),Agent,West,1804,3898516.16,1408,2961728.0,2161.04,
2025-11,Motor (Two-Wheeler),Bancassurance,East,959,2024276.38,801,1741229.82,2110.82,
2025-11,Motor (Two-Wheeler),Bancassurance,North,1714,6038541.98,1185,3988627.05,3523.07,
2025-11,Motor (Two-Wheeler),Bancassurance,South,1577,4202310.75,1098,2985187.5,2664.75,
2025-11,Motor (Two-Wheeler),Bancassurance,West,1561,3626296.66,1226,2874013.72,2323.06,
2025-11,Motor (Two-Wheeler),Broker,East,837,2745878.94,510,1633178.1,3280.62,
2025-11,Motor (Two-Wheeler),Broker,North,1196,4540781.44,864,3409801.92,3796.64,
2025-11,Motor (Two-Wheeler),Broker,South,1255,4782039.45,822,3163310.82,3810.39,
2025-11,Motor (Two-Wheeler),Broker,West,1038,1818793.98,788,1330049.44,1752.21,
2025-11,Motor (Two-Wheeler),Direct/Online,East,1248,3227028.48,974,2395903.64,2585.76,
2025-11,Motor (Two-Wheeler),Direct/Online,North,2212,5256950.72,1744,4058933.28,2376.56,
2025-11,Motor (Two-Wheeler),Direct/Online,South,2122,5156693.42,1558,3828753.84,2430.11,
2025-11,Motor (Two-Wheeler),Direct/Online,West,1827,4060160.37,1505,3283473.55,2222.31,
2025-11,Motor (Two-Wheeler),PoSP,East,468,1634644.44,319,1116235.23,3492.83,
2025-11,Motor (Two-Wheeler),PoSP,North,754,1800295.64,659,1512569.75,2387.66,
2025-11,Motor (Two-Wheeler),PoSP,South,812,3133353.72,629,2420530.38,3858.81,
2025-11,Motor (Two-Wheeler),PoSP,West,742,2168190.78,535,1588334.75,2922.09,
2025-11,SME/Commercial,Agent,East,56,4923074.24,42,3798257.4,87912.04,
2025-11,SME/Commercial,Agent,North,100,3026426.0,77,2262619.59,30264.26,
2025-11,SME/Commercial,Agent,South,94,12948429.5,75,10343453.25,137749.25,
2025-11,SME/Commercial,Agent,West,96,6973391.04,66,4769227.98,72639.49,
2025-11,SME/Commercial,Bancassurance,East,46,5695330.38,35,4445719.6,123811.53,
2025-11,SME/Commercial,Bancassurance,North,73,9092146.35,53,6809419.33,124549.95,
2025-11,SME/Commercial,Bancassurance,South,90,2480962.5,74,2019928.42,27566.25,
2025-11,SME/Commercial,Bancassurance,West,75,11371148.25,62,9170083.96,151615.31,
2025-11,SME/Commercial,Broker,East,36,2402003.52,29,1875001.38,66722.32,
2025-11,SME/Commercial,Broker,North,68,4534856.08,54,3609419.94,66689.06,
2025-11,SME/Commercial,Broker,South,63,9900506.07,43,6468680.49,157150.89,
2025-11,SME/Commercial,Broker,West,56,1182866.16,43,873063.83,21122.61,
2025-11,SME/Commercial,Direct/Online,East,70,10339862.4,51,7884546.45,147712.32,
2025-11,SME/Commercial,Direct/Online,North,107,10896127.79,82,8313881.6,101832.97,
2025-11,SME/Commercial,Direct/Online,South,112,2717305.92,79,1989501.24,24261.66,
2025-11,SME/Commercial,Direct/Online,West,87,7598985.42,58,5014468.3,87344.66,
2025-11,SME/Commercial,PoSP,East,29,2812760.17,21,2131421.25,96991.73,
2025-11,SME/Commercial,PoSP,North,43,5939726.31,28,3929267.44,138133.17,
2025-11,SME/Commercial,PoSP,South,42,1058254.26,35,886958.45,25196.53,
2025-11,SME/Commercial,PoSP,West,34,2698310.38,27,2235986.1,79362.07,
2025-11,Travel,Agent,East,441,347437.44,295,231203.3,787.84,
2025-11,Travel,Agent,North,766,2338314.58,540,1718139.6,3052.63,
2025-11,Travel,Agent,South,685,541739.1,435,346168.65,790.86,
2025-11,Travel,Agent,West,661,1297774.35,528,1048185.6,1963.35,
2025-11,Travel,Bancassurance,East,353,438189.49,250,314862.5,1241.33,
2025-11,Travel,Bancassurance,North,600,432738.0,467,330351.13,721.23,
2025-11,Travel,Bancassurance,South,579,1603534.71,511,1356357.52,2769.49,
2025-11,Travel,Bancassurance,West,545,592256.95,375,399450.0,1086.71,
2025-11,Travel,Broker,East,309,487747.23,231,361715.97,1578.47,
2025-11,Travel,Broker,North,550,616071.5,435,497631.3,1120.13,
2025-11,Travel,Broker,South,519,1133117.13,408,855123.12,2183.27,
2025-11,Travel,Broker,West,454,1323337.36,362,1083013.5,2914.84,
2025-11,Travel,Direct/Online,East,501,1511952.87,416,1198454.4,3017.87,
2025-11,Travel,Direct/Online,North,946,1616241.0,643,1126741.76,1708.5,
2025-11,Travel,Direct/Online,South,765,1769085.45,623,1409095.17,2312.53,
2025-11,Travel,Direct/Online,West,821,1416561.61,656,1149364.48,1725.41,
2025-11,Travel,PoSP,East,176,326184.32,134,245952.98,1853.32,
2025-11,Travel,PoSP,North,322,567995.12,242,440708.62,1763.96,
2025-11,Travel,PoSP,South,328,343514.4,220,239648.2,1047.3,
2025-11,Travel,PoSP,West,269,769988.29,222,652120.56,2862.41,
2025-12,Crop,Agent,East,32,289682.56,24,209042.88,9052.58,
2025-12,Crop,Agent,North,45,810494.55,33,600842.88,18010.99,
2025-12,Crop,Agent,South,46,758173.84,32,544661.12,16482.04,
2025-12,Crop,Agent,West,42,229895.82,32,180603.84,5473.71,
2025-12,Crop,Bancassurance,East,26,288038.4,22,246334.66,11078.4,
2025-12,Crop,Bancassurance,North,41,789042.54,37,682564.9,19244.94,
2025-12,Crop,Bancassurance,South,34,691239.38,25,501024.5,20330.57,
2025-12,Crop,Bancassurance,West,30,600573.3,19,376853.41,20019.11,
2025-12,Crop,Broker,East,18,98330.04,15,82574.25,5462.78,
2025-12,Crop,Broker,North,36,680493.24,26,510713.32,18902.59,
2025-12,Crop,Broker,South,31,626169.62,26,525830.76,20199.02,
2025-12,Crop,Broker,West,27,428529.42,23,358147.95,15871.46,
2025-12,Crop,Direct/Online,East,29,617246.44,23,477833.51,21284.36,
2025-12,Crop,Direct/Online,North,56,644517.44,40,469599.2,11509.24,
2025-12,Crop,Direct/Online,South,52,407571.32,41,315200.21,7837.91,
2025-12,Crop,Direct/Online,West,49,973783.37,34,657684.1,19873.13,
2025-12,Crop,PoSP,East,10,88526.3,7,64042.23,8852.63,
2025-12,Crop,PoSP,North,20,334038.0,16,261756.16,16701.9,
2025-12,Crop,PoSP,South,21,241516.59,16,186911.2,11500.79,
2025-12,Crop,PoSP,West,17,346347.46,12,235564.2,20373.38,
2025-12,Health (Group),Agent,East,82,7463622.78,62,5744131.98,91019.79,
2025-12,Health (Group),Agent,North,131,8276807.94,106,6490595.18,63181.74,
2025-12,Health (Group),Agent,South,129,10506113.46,100,7932347.0,81442.74,
2025-12,Health (Group),Agent,West,134,7176785.4,101,5350384.1,53558.1,
2025-12,Health (Group),Bancassurance,East,61,4532372.59,44,3200321.52,74301.19,
2025-12,Health (Group),Bancassurance,North,92,3713836.68,78,3120870.48,40367.79,
2025-12,Health (Group),Bancassurance,South,95,6384362.9,64,4481432.96,67203.82,
2025-12,Health (Group),Bancassurance,West,99,8334903.06,80,6561035.2,84190.94,
2025-12,Health (Group),Broker,East,46,4120903.56,34,3006761.1,89584.86,
2025-12,Health (Group),Broker,North,101,5832787.37,63,3668958.09,57750.37,
2025-12,Health (Group),Broker,South,85,4001233.05,65,3128128.25,47073.33,
2025-12,Health (Group),Broker,West,73,7066412.41,58,5365936.7,96800.17,
2025-12,Health (Group),Direct/Online,East,85,7618015.35,66,5845159.98,89623.71,
2025-12,Health (Group),Direct/Online,North,159,14157302.76,116,10476773.16,89039.64,
2025-12,Health (Group),Direct/Online,South,140,8266431.6,101,6193407.87,59045.94,
2025-12,Health (Group),Direct/Online,West,129,6983676.87,104,5680845.04,54137.03,
2025-12,Health (Group),PoSP,East,32,1403263.04,25,1058352.75,43851.97,
2025-12,Health (Group),PoSP,North,58,1830807.7,44,1430578.6,31565.65,
2025-12,Health (Group),PoSP,South,57,2212348.41,39,1503199.23,38813.13,
2025-12,Health (Group),PoSP,West,49,4097003.68,32,2683467.52,83612.32,
2025-12,Health (Retail),Agent,East,391,13527153.3,325,10757786.0,34596.3,
2025-12,Health (Retail),Agent,North,718,23045990.64,516,16686309.96,32097.48,
2025-12,Health (Retail),Agent,South,607,12639451.74,450,9601119.0,20822.82,
2025-12,Health (Retail),Agent,West,553,8506478.26,374,5905003.72,15382.42,
2025-12,Health (Retail),Bancassurance,East,318,5973769.92,264,4872787.92,18785.44,
2025-12,Health (Retail),Bancassurance,North,556,10196945.48,455,7955902.5,18339.83,
2025-12,Health (Retail),Bancassurance,South,471,9327269.52,395,7859781.1,19803.12,
2025-12,Health (Retail),Bancassurance,West,420,14891490.6,298,11088177.7,35455.93,
2025-12,Health (Retail),Broker,East,235,3710036.65,184,2907799.84,15787.39,
2025-12,Health (Retail),Broker,North,420,12231756.6,286,8520695.04,29123.23,
2025-12,Health (Retail),Broker,South,351,5299562.97,238,3591929.32,15098.47,
2025-12,Health (Retail),Broker,West,394,9936372.68,283,7354875.68,25219.22,
2025-12,Health (Retail),Direct/Online,East,447,7010090.91,324,5331886.56,15682.53,
2025-12,Health (Retail),Direct/Online,North,808,15980753.28,619,11651474.14,19778.16,
2025-12,Health (Retail),Direct/Online,South,727,16113547.88,532,12119002.56,22164.44,
2025-12,Health (Retail),Direct/Online,West,652,14210542.12,473,9905495.05,21795.31,
2025-12,Health (Retail),PoSP,East,173,6641489.03,118,4644657.0,38390.11,
2025-12,Health (Retail),PoSP,North,267,5007253.92,188,3681910.44,18753.76,
2025-12,Health (Retail),PoSP,South,261,6930233.82,195,5207510.1,26552.62,
2025-12,Health (Retail),PoSP,West,220,4014903.2,151,2754131.28,18249.56,
2025-12,Home,Agent,East,110,281479.0,93,237740.55,2558.9,
2025-12,Home,Agent,North,196,1606410.12,158,1316493.92,8195.97,
2025-12,Home,Agent,South,161,757448.65,116,545904.12,4704.65,
2025-12,Home,Agent,West,172,1035008.28,119,702659.3,6017.49,
2025-12,Home,Bancassurance,East,93,823166.25,70,643262.9,8851.25,
2025-12,Home,Bancassurance,North,150,1490272.5,113,1170604.29,9935.15,
2025-12,Home,Bancassurance,South,156,1106128.92,125,860926.25,7090.57,
2025-12,Home,Bancassurance,West,137,1055978.19,93,734564.22,7707.87,
2025-12,Home,Broker,East,71,298466.25,49,197049.09,4203.75,
2025-12,Home,Broker,North,116,1143823.8,79,750048.12,9860.55,
2025-12,Home,Broker,South,122,287874.86,105,254021.25,2359.63,
2025-12,Home,Broker,West,113,775289.61,89,621610.71,6860.97,
2025-12,Home,Direct/Online,East,129,710946.09,90,515858.4,5511.21,
2025-12,Home,Direct/Online,North,204,1420013.4,148,1053265.68,6960.85,
2025-12,Home,Direct/Online,South,195,788648.25,129,503901.09,4044.35,
2025-12,Home,Direct/Online,West,196,1144808.56,135,781492.05,5840.86,
2025-12,Home,PoSP,East,48,474165.6,33,323160.42,9878.45,
2025-12,Home,PoSP,North,79,488521.78,47,282289.52,6183.82,
2025-12,Home,PoSP,South,80,442561.6,72,396346.32,5532.02,
2025-12,Home,PoSP,West,73,397621.51,56,307242.88,5446.87,
2025-12,Motor (Car),Agent,East,536,14736296.24,359,10033375.08,27493.09,
2025-12,Motor (Car),Agent,North,897,25084533.24,659,17929788.63,27964.92,
2025-12,Motor (Car),Agent,South,942,13845421.8,696,10256019.36,14697.9,
2025-12,Motor (Car),Agent,West,856,15554281.84,689,12611910.74,18170.89,
2025-12,Motor (Car),Bancassurance,East,427,7998956.84,305,5969807.7,18732.92,
2025-12,Motor (Car),Bancassurance,North,739,11441168.44,562,8292467.36,15481.96,
2025-12,Motor (Car),Bancassurance,South,732,15288486.12,489,10620131.34,20885.91,
2025-12,Motor (Car),Bancassurance,West,636,14686531.08,479,11286116.57,23092.03,
2025-12,Motor (Car),Broker,East,372,9244661.28,255,6187529.1,24851.24,
2025-12,Motor (Car),Broker,North,667,11650922.55,490,8430062.9,17467.65,
2025-12,Motor (Car),Broker,South,638,12682935.98,497,10016711.95,19879.21,
2025-12,Motor (Car),Broker,West,554,14762875.66,372,9953027.4,26647.79,
2025-12,Motor (Car),Direct/Online,East,648,17244459.36,517,13479916.78,26611.82,
2025-12,Motor (Car),Direct/Online,North,1105,14864360.55,727,9452926.55,13451.91,
2025-12,Motor (Car),Direct/Online,South,1135,11284056.5,906,8612617.2,9941.9,
2025-12,Motor (Car),Direct/Online,West,993,21806419.02,761,17325207.57,21960.14,
2025-12,Motor (Car),PoSP,East,224,3605716.8,164,2637384.04,16096.95,
2025-12,Motor (Car),PoSP,North,423,8021107.89,332,6264730.44,18962.43,
2025-12,Motor (Car),PoSP,South,424,4577639.68,291,3091409.4,10796.32,
2025-12,Motor (Car),PoSP,West,348,4063397.64,251,2792518.07,11676.43,
2025-12,Motor (Two-Wheeler),Agent,East,908,1892998.4,735,1558552.8,2084.8,
2025-12,Motor (Two-Wheeler),Agent,North,1471,3812096.5,1230,3224174.4,2591.5,
2025-12,Motor (Two-Wheeler),Agent,South,1584,3703455.36,1320,3074874.0,2338.04,
2025-12,Motor (Two-Wheeler),Agent,West,1639,5447708.2,1170,4054014.9,3323.8,
2025-12,Motor (Two-Wheeler),Bancassurance,East,708,1523403.6,502,1099329.8,2151.7,
2025-12,Motor (Two-Wheeler),Bancassurance,North,1481,4060339.22,1095,2903370.6,2741.62,
2025-12,Motor (Two-Wheeler),Bancassurance,South,1304,3538834.32,1008,2846551.68,2713.83,
2025-12,Motor (Two-Wheeler),Bancassurance,West,1034,1982012.56,853,1571447.78,1916.84,
2025-12,Motor (Two-Wheeler),Broker,East,574,1965071.78,446,1466666.54,3423.47,
2025-12,Motor (Two-Wheeler),Broker,North,1147,3143192.92,908,2555166.48,2740.36,
2025-12,Motor (Two-Wheeler),Broker,South,1070,3731079.3,745,2703456.0,3486.99,
2025-12,Motor (Two-Wheeler),Broker,West,952,2803468.64,594,1687815.36,2944.82,
2025-12,Motor (Two-Wheeler),Direct/Online,East,1070,2232084.2,886,1832345.46,2086.06,
2025-12,Motor (Two-Wheeler),Direct/Online,North,2373,8652242.76,1728,6117707.52,3646.12,
2025-12,Motor (Two-Wheeler),Direct/Online,South,1885,6907167.8,1539,5854694.58,3664.28,
2025-12,Motor (Two-Wheeler),Direct/Online,West,1956,5414873.04,1365,3683356.95,2768.34,
2025-12,Motor (Two-Wheeler),PoSP,East,448,1359415.68,320,939129.6,3034.41,
2025-12,Motor (Two-Wheeler),PoSP,North,659,1791274.03,545,1531924.15,2718.17,
2025-12,Motor (Two-Wheeler),PoSP,South,719,1477918.88,588,1181674.2,2055.52,
2025-12,Motor (Two-Wheeler),PoSP,West,561,1107307.41,363,701268.81,1973.81,
2025-12,SME/Commercial,Agent,East,55,5419607.05,38,3819502.74,98538.31,
2025-12,SME/Commercial,Agent,North,85,10679987.35,57,7004386.86,125646.91,
2025-12,SME/Commercial,Agent,South,94,7486789.8,63,4959061.38,79646.7,
2025-12,SME/Commercial,Agent,West,84,7343552.16,53,4711952.81,87423.24,
2025-12,SME/Commercial,Bancassurance,East,45,6804919.8,37,5826348.93,151220.44,
2025-12,SME/Commercial,Bancassurance,North,73,5370369.83,53,3849522.5,73566.71,
2025-12,SME/Commercial,Bancassurance,South,76,6958658.04,63,5522602.68,91561.29,
2025-12,SME/Commercial,Bancassurance,West,62,1734558.5,48,1365202.08,27976.75,
2025-12,SME/Commercial,Broker,East,39,930636.72,28,640434.76,23862.48,
2025-12,SME/Commercial,Broker,North,65,6740516.9,46,4855351.06,103700.26,
2025-12,SME/Commercial,Broker,South,63,3163912.92,55,2632820.3,50220.84,
2025-12,SME/Commercial,Broker,West,53,1197780.92,36,817962.48,22599.64,
2025-12,SME/Commercial,Direct/Online,East,60,4491808.2,53,3773809.35,74863.47,
2025-12,SME/Commercial,Direct/Online,North,110,10632717.7,78,7835399.52,96661.07,
2025-12,SME/Commercial,Direct/Online,South,116,18900698.96,79,12289764.56,162937.06,
2025-12,SME/Commercial,Direct/Online,West,94,10040053.52,67,7259263.74,106809.08,
2025-12,SME/Commercial,PoSP,East,23,1867608.97,19,1486825.43,81200.39,
2025-12,SME/Commercial,PoSP,North,43,906878.17,29,617397.82,21090.19,
2025-12,SME/Commercial,PoSP,South,37,1220100.16,28,949541.88,32975.68,
2025-12,SME/Commercial,PoSP,West,35,5145391.3,26,3833441.56,147011.18,
2025-12,Travel,Agent,East,576,1446935.04,439,1060075.25,2512.04,
2025-12,Travel,Agent,North,898,1256607.32,832,1115129.6,1399.34,
2025-12,Travel,Agent,South,994,2434793.06,663,1684364.76,2449.49,
2025-12,Travel,Agent,West,751,2461274.83,589,1994730.96,3277.33,
2025-12,Travel,Bancassurance,East,438,941848.92,271,558213.93,2150.34,
2025-12,Travel,Bancassurance,North,658,1131266.5,439,752441.61,1719.25,
2025-12,Travel,Bancassurance,South,803,706069.87,618,533914.92,879.29,
2025-12,Travel,Bancassurance,West,705,1914751.8,510,1385185.5,2715.96,
2025-12,Travel,Broker,East,328,763131.36,228,536611.68,2326.62,
2025-12,Travel,Broker,North,607,556236.59,414,375920.28,916.37,
2025-12,Travel,Broker,South,633,767290.95,495,594811.8,1212.15,
2025-12,Travel,Broker,West,562,1549214.82,440,1229954.0,2756.61,
2025-12,Travel,Direct/Online,East,704,1192716.8,484,817282.4,1694.2,
2025-12,Travel,Direct/Online,North,1186,3230782.6,919,2522627.43,2724.1,
2025-12,Travel,Direct/Online,South,1009,2623581.62,728,1904018.48,2600.18,
2025-12,Travel,Direct/Online,West,991,2019925.57,874,1701101.16,2038.27,
2025-12,Travel,PoSP,East,233,275524.83,183,213784.26,1182.51,
2025-12,Travel,PoSP,North,472,425352.24,357,308633.64,901.17,
2025-12,Travel,PoSP,South,455,1172962.7,306,783142.74,2577.94,
2025-12,Travel,PoSP,West,352,995779.84,254,688832.76,2828.92,
